<?xml version="1.0" encoding="UTF-8"?>
<window>
	<defaultcontrol always="true">300</defaultcontrol>
	<controls>
		<control type="group">
			<visible>!Window.IsVisible(numericinput)</visible>
			<top>-10</top>
			<animation effect="slide" start="0,665" end="0,0" time="300" tween="quadratic" easing="out">WindowOpen</animation>
			<animation effect="slide" start="0,0" end="0,665" time="300" tween="quadratic" easing="out">WindowClose</animation>
			<animation effect="slide" start="0,665" end="0,0" time="300" tween="quadratic" easing="out">Visible</animation>
			<animation effect="slide" start="0,0" end="0,665" time="300" tween="quadratic" easing="out">Hidden</animation>
			<!--background-->
			<control type="image">
				<left>200</left>
				<top>540</top>
				<width>1520</width>
				<height>550</height>
				<texture >backgrounds/white7.png</texture>
			</control>
			<!--title bg-->
			<control type="image">
				<left>200</left>
				<top>540</top>
				<width>1520</width>
				<height>90</height>
				<texture >new_pvr/listselect_fo2.png</texture>
			</control>
			<!--text entry bg-->
			<control type="image">
				<left>200</left>
				<top>630</top>
				<width>1520</width>
				<height>70</height>
				<texture >backgrounds/white6.png</texture>
			</control>
			<!--title shadow-->
			<control type="image">
				<left>200</left>
				<top>630</top>
				<width>1520</width>
				<height>10</height>
				<texture>homeshadow.png</texture>
				<animation effect="fade" start="100" end="75" time="0" condition="true">Conditional</animation>
			</control>
			<!--text entry shadow-->
			<control type="image">
				<left>200</left>
				<top>700</top>
				<width>1520</width>
				<height>10</height>
				<texture>homeshadow.png</texture>
				<animation effect="fade" start="100" end="75" time="0" condition="true">Conditional</animation>
			</control>
			<!--top shadow-->
			<control type="image">
				<left>200</left>
				<top>510</top>
				<width>1520</width>
				<height>30</height>
				<texture flipy="true">homeshadow.png</texture>
			</control>
			<!--chinese display-->
			<control type="group">
				<visible>Control.IsVisible(313)</visible>
				<!--background-->
				<control type="image">
					<left>200</left>
					<top>400</top>
					<width>1520</width>
					<height>140</height>
					<texture>backgrounds/white.png</texture>
				</control>
				<!--title bg-->
				<control type="image">
					<left>200</left>
					<top>400</top>
					<width>1520</width>
					<height>70</height>
					<texture>backgrounds/white.png</texture>
				</control>
				<!--title shadow-->
				<control type="image">
					<left>200</left>
					<top>470</top>
					<width>1520</width>
					<height>10</height>
					<texture>homeshadow.png</texture>
					<animation effect="fade" start="100" end="75" time="0" condition="true">Conditional</animation>
				</control>
				<!--text entry shadow-->
				<control type="image">
					<left>200</left>
					<top>540</top>
					<width>1520</width>
					<height>10</height>
					<texture>homeshadow.png</texture>
					<animation effect="fade" start="100" end="75" time="0" condition="true">Conditional</animation>
				</control>
				<!--top shadow-->
				<control type="image">
					<left>200</left>
					<top>370</top>
					<width>1520</width>
					<height>30</height>
					<texture flipy="true">homeshadow.png</texture>
				</control>
				<!--close button-->
				<control type="button">
					<description>Close Window button</description>
					<left>205</left>
					<top>400</top>
					<width>50</width>
					<height>25</height>
					<label>-</label>
					<font>-</font>
					<onclick>PreviousMenu</onclick>
					<texturefocus>DialogCloseButton-focus.png</texturefocus>
					<texturenofocus>DialogCloseButton.png</texturenofocus>
					<onleft>3</onleft>
					<onright>3</onright>
					<onup>3</onup>
					<ondown>3</ondown>
					<visible>system.getbool(input.enablemouse)</visible>
				</control>
				<control type="label" id="313">
					<description>HZCODE label</description>
					<left>200</left>
					<top>400</top>
					<width>1520</width>
					<height>70</height>
					<font>button.bold</font>
					<align>center</align>
					<aligny>center</aligny>
				</control>
				<control type="label" id="314">
					<description>HZLIST label</description>
					<left>200</left>
					<top>470</top>
					<width>1520</width>
					<height>70</height>
					<font>button.bold</font>
					<align>center</align>
					<aligny>center</aligny>
				</control>
			</control>
			<!--close button-->
			<control type="button">
				<description>Close Window button</description>
				<left>205</left>
				<top>540</top>
				<width>50</width>
				<height>25</height>
				<label>-</label>
				<font>-</font>
				<onclick>PreviousMenu</onclick>
				<texturefocus>DialogCloseButton-focus.png</texturefocus>
				<texturenofocus>DialogCloseButton.png</texturenofocus>
				<onleft>3</onleft>
				<onright>3</onright>
				<onup>3</onup>
				<ondown>3</ondown>
				<visible>system.getbool(input.enablemouse)</visible>
				<visible>!Control.IsVisible(313)</visible>
			</control>
			<!--header label-->
			<control type="label" id="311">
				<left>60</left>
				<top>550</top>
				<width>1800</width>
				<height>70</height>
				<font>menu.title</font>
				<align>center</align>
				<aligny>center</aligny>
				<textcolor>ffffffff</textcolor>
			</control>
			<control type="edit" id="312">
				<description>Edit Text</description>
				<left>200</left>
				<top>630</top>
				<width>1520</width>
				<height>70</height>
				<font>button.bold</font>
				<align>center</align>
				<aligny>center</aligny>
				
				<texturefocus>-</texturefocus>
				<texturenofocus>-</texturenofocus>
			</control>
			<control type="group">
				<right>585</right>
				<top>735</top>
				<!-- 2nd row -->
				<control type="grouplist">
					<orientation>horizontal</orientation>
					<itemgap>5</itemgap>
					<align>right</align>
					<onright>106</onright>
					<control type="button" id="120">
						<description>(1,0) key button</description>
						<onup>309</onup>
						<ondown>140</ondown>
						<include>KeyboardButton</include>
					</control>
					<control type="button" id="121">
						<description>(1,1) key button</description>
						<onup>32</onup>
						<ondown>141</ondown>
						<include>KeyboardButton</include>
					</control>
					<control type="button" id="122">
						<description>(1,2) key button</description>
						<onup>32</onup>
						<ondown>142</ondown>
						<include>KeyboardButton</include>
					</control>
					<control type="button" id="123">
						<description>(1,3) key button</description>
						<onup>32</onup>
						<ondown>143</ondown>
						<include>KeyboardButton</include>
					</control>
					<control type="button" id="124">
						<description>(1,4) key button</description>
						<onup>32</onup>
						<ondown>144</ondown>
						<include>KeyboardButton</include>
					</control>
					<control type="button" id="125">
						<description>(1,5) key button</description>
						<onup>32</onup>
						<ondown>145</ondown>
						<include>KeyboardButton</include>
					</control>
					<control type="button" id="126">
						<description>(1,6) key button</description>
						<onup>32</onup>
						<ondown>146</ondown>
						<include>KeyboardButton</include>
					</control>
					<control type="button" id="127">
						<description>(1,7) key button</description>
						<onup>32</onup>
						<ondown>147</ondown>
						<include>KeyboardButton</include>
					</control>
					<control type="button" id="128">
						<description>(1,8) key button</description>
						<onup>32</onup>
						<ondown>148</ondown>
						<include>KeyboardButton</include>
					</control>
					<control type="button" id="129">
						<description>(1,9) key button</description>
						<onup>305</onup>
						<ondown>149</ondown>
						<include>KeyboardButton</include>
					</control>
					<control type="button" id="130">
						<description>(1,10) key button</description>
						<onup>305</onup>
						<ondown>150</ondown>
						<include>KeyboardButton</include>
					</control>
					<control type="button" id="131">
						<description>(1,11) key button</description>
						<onup>306</onup>
						<ondown>151</ondown>
						<include>KeyboardButton</include>
					</control>
					<control type="group" id="351">
						<width>75</width>
						<control type="button" id="8">
							<description>BACKSPACE button</description>
							<label>20181</label>
							<onup>306</onup>
							<ondown>300</ondown>
							<onleft>131</onleft>
							<onright>106</onright>
							<textcolor>-</textcolor>
							<focusedcolor>-</focusedcolor>
							<include>KeyboardButton</include>
						</control>
						<control type="image">
							<width>75</width>
							<height>75</height>
							<texture colordiffuse="gold">keyboarddelete.png</texture>
							<visible>!Control.HasFocus(8)</visible>
						</control>
						<control type="image">
							<width>75</width>
							<height>75</height>
							<texture colordiffuse="ffffffff">keyboarddelete.png</texture>
							<visible>Control.HasFocus(8)</visible>
						</control>
					</control>
				</control>
				<!-- 3rd row -->
				<control type="grouplist">
					<top>80</top>
					<orientation>horizontal</orientation>
					<itemgap>5</itemgap>
					<align>right</align>
					<onright>103</onright>
					<control type="button" id="140">
						<description>(2,0) key button</description>
						<onup>120</onup>
						<ondown>302</ondown>
						<include>KeyboardButton</include>
					</control>
					<control type="button" id="141">
						<description>(2,1) key button</description>
						<onup>121</onup>
						<ondown>160</ondown>
						<include>KeyboardButton</include>
					</control>
					<control type="button" id="142">
						<description>(2,2) key button</description>
						<onup>122</onup>
						<ondown>161</ondown>
						<include>KeyboardButton</include>
					</control>
					<control type="button" id="143">
						<description>(2,3) key button</description>
						<onup>123</onup>
						<ondown>162</ondown>
						<include>KeyboardButton</include>
					</control>
					<control type="button" id="144">
						<description>(2,4) key button</description>
						<onup>124</onup>
						<ondown>163</ondown>
						<include>KeyboardButton</include>
					</control>
					<control type="button" id="145">
						<description>(2,5) key button</description>
						<onup>125</onup>
						<ondown>164</ondown>
						<include>KeyboardButton</include>
					</control>
					<control type="button" id="146">
						<description>(2,6) key button</description>
						<onup>126</onup>
						<ondown>165</ondown>
						<include>KeyboardButton</include>
					</control>
					<control type="button" id="147">
						<description>(2,7) key button</description>
						<onup>127</onup>
						<ondown>166</ondown>
						<include>KeyboardButton</include>
					</control>
					<control type="button" id="148">
						<description>(2,8) key button</description>
						<onup>128</onup>
						<ondown>307</ondown>
						<include>KeyboardButton</include>
					</control>
					<control type="button" id="149">
						<description>(2,9) key button</description>
						<onup>129</onup>
						<ondown>307</ondown>
						<include>KeyboardButton</include>
					</control>
					<control type="button" id="150">
						<description>(2,10) key button</description>
						<onup>130</onup>
						<ondown>304</ondown>
						<include>KeyboardButton</include>
					</control>
					<control type="button" id="151">
						<description>(2,11) key button</description>
						<onup>131</onup>
						<ondown>304</ondown>
						<include>KeyboardButton</include>
					</control>
					<control type="group" id="352">
						<width>155</width>
						<control type="button" id="300">
							<description>DONE button</description>
							<width>155</width>
							<height>75</height>
							<label>20177</label>
							<onup>8</onup>
							<ondown>303</ondown>
							<onleft>151</onleft>
							<onright>103</onright>
							<textcolor>-</textcolor>
							<focusedcolor>-</focusedcolor>
							<include>KeyboardButton</include>
						</control>
						<control type="image">
							<left>37</left>
							<width>75</width>
							<height>75</height>
							<texture colordiffuse="gold">keyboardenter.png</texture>
							<visible>!Control.HasFocus(300)</visible>
						</control>
						<control type="image">
							<left>37</left>
							<width>75</width>
							<height>75</height>
							<texture colordiffuse="ffffffff">keyboardenter.png</texture>
							<visible>Control.HasFocus(300)</visible>
						</control>
					</control>
				</control>
				<!-- 4th row -->
				<control type="grouplist">
					<top>160</top>
					<itemgap>5</itemgap>
					<orientation>horizontal</orientation>
					<align>right</align>
					<onright>100</onright>
					<control type="radiobutton" id="302">
						<description>SHIFT button</description>
						<label>20178</label>
						<onup>140</onup>
						<ondown>309</ondown>
						<textcolor>-</textcolor>
						<focusedcolor>-</focusedcolor>
						<textureradioonfocus colordiffuse="ffffffff">keyboardshift.png</textureradioonfocus>
						<textureradioonnofocus colordiffuse="gold">keyboardshift.png</textureradioonnofocus>
						<textureradioofffocus colordiffuse="ffffffff">keyboardshiftnf.png</textureradioofffocus>
						<textureradiooffnofocus colordiffuse="gold">keyboardshiftnf.png</textureradiooffnofocus>
						<radioposx>15</radioposx>
						<radioposy>15</radioposy>
						<radiowidth>45</radiowidth>
						<radioheight>45</radioheight>
						<include>KeyboardButton</include>
					</control>
					<control type="button" id="160">
						<description>(3,0) key button</description>
						<onup>141</onup>
						<ondown>32</ondown>
						<include>KeyboardButton</include>
					</control>
					<control type="button" id="161">
						<description>(3,1) key button</description>
						<onup>142</onup>
						<ondown>32</ondown>
						<include>KeyboardButton</include>
					</control>
					<control type="button" id="162">
						<description>(3,2) key button</description>
						<onup>143</onup>
						<ondown>32</ondown>
						<include>KeyboardButton</include>
					</control>
					<control type="button" id="163">
						<description>(3,3) key button</description>
						<onup>144</onup>
						<ondown>32</ondown>
						<include>KeyboardButton</include>
					</control>
					<control type="button" id="164">
						<description>(3,4) key button</description>
						<onup>145</onup>
						<ondown>32</ondown>
						<include>KeyboardButton</include>
					</control>
					<control type="button" id="165">
						<description>(3,5) key button</description>
						<onup>146</onup>
						<ondown>32</ondown>
						<include>KeyboardButton</include>
					</control>
					<control type="button" id="166">
						<description>(3,6) key button</description>
						<onup>147</onup>
						<ondown>32</ondown>
						<include>KeyboardButton</include>
					</control>
					<control type="button" id="167">
						<description>(3,7) key button</description>
						<onup>148</onup>
						<ondown>32</ondown>
						<include>KeyboardButton</include>
					</control>
					<control type="button" id="168">
						<description>(3,8) key button</description>
						<onup>149</onup>
						<ondown>305</ondown>
						<include>KeyboardButton</include>
					</control>
					<control type="button" id="169">
						<description>(3,9) key button</description>
						<onup>150</onup>
						<ondown>305</ondown>
						<include>KeyboardButton</include>
					</control>
					<control type="button" id="170">
						<description>(3,10) key button</description>
						<onup>151</onup>
						<ondown>306</ondown>
						<include>KeyboardButton</include>
					</control>
					<control type="button" id="171">
						<description>(3,11) key button</description>
						<onup>151</onup>
						<ondown>306</ondown>
						<include>KeyboardButton</include>
					</control>
					<control type="button" id="307">
						<description>IP Input button</description>
						<onup>148</onup>
						<ondown>32</ondown>
						<label>IP</label>
						<include>KeyboardButton</include>
					</control>
					<control type="button" id="304">
						<description>Symbols button</description>
						<label>!%$</label>
						<onup>300</onup>
						<ondown>305</ondown>
						<include>KeyboardButton</include>
					</control>
					<control type="radiobutton" id="303">
						<description>CAPS LOCK button</description>
						<label>20179</label>
						<onup>300</onup>
						<ondown>306</ondown>
						<textcolor>-</textcolor>
						<focusedcolor>-</focusedcolor>
						<textureradioonfocus colordiffuse="ffffffff">keyboardcaps.png</textureradioonfocus>
						<textureradioonnofocus colordiffuse="gold">keyboardcaps.png</textureradioonnofocus>
						<textureradioofffocus colordiffuse="ffffffff">keyboardcapsnf.png</textureradioofffocus>
						<textureradiooffnofocus colordiffuse="gold">keyboardcapsnf.png</textureradiooffnofocus>
						<radioposx>15</radioposx>
						<radioposy>15</radioposy>
						<radiowidth>45</radiowidth>
						<radioheight>45</radioheight>
						<include>KeyboardButton</include>
					</control>
				</control>
				<!-- 5th row -->
				<control type="grouplist">
					<top>240</top>
					<itemgap>5</itemgap>
					<orientation>horizontal</orientation>
					<align>right</align>
					<onright>109</onright>
					<control type="group" id="353">
						<width>75</width>
						<control type="button" id="309">
							<description>Layout button</description>
							<label>20177</label>
							<onup>302</onup>
							<ondown>120</ondown>
							<onleft>306</onleft>
							<onright>32</onright>
							<textcolor>-</textcolor>
							<focusedcolor>-</focusedcolor>
							<include>KeyboardButton</include>
						</control>
						<control type="image">
							<width>75</width>
							<height>75</height>
							<texture colordiffuse="gold">keyboardlanguage.png</texture>
							<visible>!Control.HasFocus(309)</visible>
						</control>
						<control type="image">
							<width>75</width>
							<height>75</height>
							<texture colordiffuse="ffffffff">keyboardlanguage.png</texture>
							<visible>Control.HasFocus(309)</visible>
						</control>
					</control>
					<control type="button" id="32">
						<description>SPACE button</description>
						<width>635</width>
						<height>75</height>
						<label>20182</label>
						<onup>160</onup>
						<ondown>121</ondown>
						<include>KeyboardButton</include>
					</control>
					<control type="button" id="305">
						<description>previous button</description>
						<label>&lt;</label>
						<onup>304</onup>
						<ondown>129</ondown>
						<include>KeyboardButton</include>
					</control>
					<control type="button" id="306">
						<description>next button</description>
						<label>&gt;</label>
						<onup>303</onup>
						<ondown>8</ondown>
						<include>KeyboardButton</include>
					</control>
				</control>
			</control>
			<control type="group">
				<left>1400</left>
				<top>735</top>
				<!-- 1st row -->
				<control type="grouplist">
					<orientation>horizontal</orientation>
					<itemgap>5</itemgap>
					<onleft>8</onleft>
					<control type="button" id="106">
						<description>(0,6) key button</description>
						<onup>109</onup>
						<ondown>103</ondown>
						<include>KeyboardButton</include>
					</control>
					<control type="button" id="107">
						<description>(0,7) key button</description>
						<onup>110</onup>
						<ondown>104</ondown>
						<include>KeyboardButton</include>
					</control>
					<control type="button" id="108">
						<description>(0,8) key button</description>
						<onup>111</onup>
						<ondown>105</ondown>
						<include>KeyboardButton</include>
					</control>
				</control>
				<!-- 2nd row -->
				<control type="grouplist">
					<orientation>horizontal</orientation>
					<top>80</top>
					<itemgap>5</itemgap>
					<onleft>300</onleft>
					<control type="button" id="103">
						<description>(0,3) key button</description>
						<onup>106</onup>
						<ondown>100</ondown>
						<include>KeyboardButton</include>
					</control>
					<control type="button" id="104">
						<description>(0,4) key button</description>
						<onup>107</onup>
						<ondown>101</ondown>
						<include>KeyboardButton</include>
					</control>
					<control type="button" id="105">
						<description>(0,5) key button</description>
						<onup>108</onup>
						<ondown>102</ondown>
						<include>KeyboardButton</include>
					</control>
				</control>
				<!-- 3rd row -->
				<control type="grouplist">
					<orientation>horizontal</orientation>
					<top>160</top>
					<itemgap>5</itemgap>
					<onleft>303</onleft>
					<control type="button" id="100">
						<description>(0,0) key button</description>
						<onup>103</onup>
						<ondown>109</ondown>
						<include>KeyboardButton</include>
					</control>
					<control type="button" id="101">
						<description>(0,1) key button</description>
						<onup>104</onup>
						<ondown>110</ondown>
						<include>KeyboardButton</include>
					</control>
					<control type="button" id="102">
						<description>(0,2) key button</description>
						<onup>105</onup>
						<ondown>111</ondown>
						<include>KeyboardButton</include>
					</control>
				</control>
				<!-- 4th row -->
				<control type="grouplist">
					<orientation>horizontal</orientation>
					<top>240</top>
					<itemgap>5</itemgap>
					<onleft>306</onleft>
					<control type="button" id="109">
						<description>(0,9) key button</description>
						<onup>100</onup>
						<ondown>106</ondown>
						<include>KeyboardButton</include>
					</control>
					<control type="button" id="110">
						<description>(0,10) key button</description>
						<onup>101</onup>
						<ondown>107</ondown>
						<include>KeyboardButton</include>
					</control>
					<control type="button" id="111">
						<description>(0,11) key button</description>
						<onup>102</onup>
						<ondown>108</ondown>
						<include>KeyboardButton</include>
					</control>
				</control>
			</control>
		</control>
	</controls>
</window>
