<?xml version="1.0" encoding="UTF-8"?>
<window>
	<defaultcontrol always="true">8</defaultcontrol>
	<controls>
		<!--all content-->
		<control type="group">
			<left>-265</left>
			<visible>!Window.IsActive(FileBrowser) + !Window.IsActive(SelectDialog)</visible>
			<animation effect="slide" start="1650,0" end="0,0" time="400" tween="quadratic" easing="out">WindowOpen</animation>
			<animation effect="slide" start="0,0" end="-1650,0" time="400" tween="quadratic" easing="out">WindowClose</animation>
			<animation effect="slide" start="1650,0" end="0,0" time="400" tween="quadratic" easing="out">Visible</animation>
			<animation effect="slide" start="0,0" end="-1650,0" time="400" tween="quadratic" easing="out">Hidden</animation>
			<animation effect="slide" start="0,0" end="-125,0" time="300" condition="Window.IsActive(ShutdownMenu)">Conditional</animation>
			<!--title bars and backgrounds-->
			<control type="group">
				<!--fake button to view fanart-->
				<control type="button" id="9003">
					<left>1850</left>
					<top>80</top>
					<width>60</width>
					<height>60</height>
					<label>-</label>
					<font>-</font>
					<ondown>9000</ondown>
					<texturenofocus>-</texturenofocus>
					<texturefocus>-</texturefocus>
				</control>
				<!--background-->
				<control type="image">
					<left>535</left>
					<top>0</top>
					<width>1390</width>
					<height>1080</height>
					<texture colordiffuse="tertiary">backgrounds/white5.png</texture>
				</control>
				<!--windowed trailer-->
				<control type="group">
					<left>535</left>
					<top>-632</top>
					<animation effect="slide" start="0,0" end="0,782" time="400" tween="quadratic" easing="out" condition="Control.HasFocus(15)">Conditional</animation>
					<!--background-->
					<control type="image">
						<left>0</left>
						<top>0</top>
						<width>1390</width>
						<height>782</height>
						<texture >backgrounds/white5.png</texture>
					</control>
					<!--play button-->
					<control type="image">
						<description>background</description>
						<left>439</left>
						<top>135</top>
						<width>512</width>
						<height>512</height>
						<texture colordiffuse="white">trailerplay.png</texture>
						<visible>!Player.HasVideo</visible>
					</control>
					<control type="videowindow">
						<left>0</left>
						<top>0</top>
						<width>1390</width>
						<height>782</height>
						<visible>Player.HasVideo</visible>
					</control>
					<!--pause button-->
					<control type="image">
						<description>background</description>
						<left>439</left>
						<top>135</top>
						<width>512</width>
						<height>512</height>
						<texture colordiffuse="white">trailerpause.png</texture>
						<visible>Player.Paused + Player.HasVideo</visible>
					</control>
				</control>
				<!--fanart-->
				<control type="image">
					<left>535</left>
					<top>-632</top>
					<width>1390</width>
					<height>782</height>
					<texture background="true">$INFO[ListItem.Art(fanart)]</texture>
					<include>backgroundfade</include>
					<fadetime>FanartCrossfadeTime</fadetime>
					<animation effect="slide" start="0,0" end="0,782" time="400" tween="quadratic" easing="out" condition="Control.HasFocus(9003)">Conditional</animation>
				</control>
				<!--fanart-->
				<control type="multiimage">
					<left>535</left>
					<top>-632</top>
					<width>1390</width>
					<height>782</height>
					<imagepath background="true">$INFO[ListItem.Path,,/extrafanart]</imagepath>
					<timeperimage>5000</timeperimage>
					<include>backgroundfade</include>
					<fadetime>FanartCrossfadeTime</fadetime>
					<animation effect="slide" start="0,0" end="0,782" time="400" tween="quadratic" easing="out" condition="Control.HasFocus(9003)">Conditional</animation>
				</control>
				<!--fanart shadow-->
				<control type="image">
					<left>535</left>
					<top>130</top>
					<width>1390</width>
					<height>20</height>
					<texture flipy="true">homeshadow.png</texture>
					<animation effect="fade" start="100" end="75" time="0" condition="true">Conditional</animation>
					<animation effect="slide" start="0,0" end="0,782" time="400" tween="quadratic" easing="out" condition="Control.HasFocus(9003)">Conditional</animation>
					<animation effect="slide" start="0,0" end="0,782" time="400" tween="quadratic" easing="out" condition="Control.HasFocus(15)">Conditional</animation>
				</control>
				<!-- left shadow-->
				<control type="image">
					<left>505</left>
					<top>0</top>
					<width>30</width>
					<height>1080</height>
					<texture flipx="true">sidebarshadow.png</texture>
				</control>
				<!--right shadow-->
				<control type="image">
					<left>1925</left>
					<top>0</top>
					<width>30</width>
					<height>1080</height>
					<texture>sidebarshadow.png</texture>
				</control>
				<!--title background-->
				<control type="image">
					<left>535</left>
					<top>0</top>
					<width>1390</width>
					<height>150</height>
					<texture background="true" >new_pvr/listselect_fo2.png</texture>
				</control>
				<!--button background-->
				<control type="image">
					<left>535</left>
					<top>150</top>
					<width>1390</width>
					<height>80</height>
					<texture background="true" >backgrounds/white.png</texture>
					<animation effect="slide" start="0,0" end="0,782" time="400" tween="quadratic" easing="out" condition="Control.HasFocus(9003)">Conditional</animation>
					<animation effect="slide" start="0,0" end="0,782" time="400" tween="quadratic" easing="out" condition="Control.HasFocus(15)">Conditional</animation>
				</control>
				<!--title shadow-->
				<control type="image">
					<left>535</left>
					<top>150</top>
					<width>1390</width>
					<height>20</height>
					<texture>homeshadow.png</texture>
					<animation effect="fade" start="100" end="75" time="0" condition="true">Conditional</animation>
				</control>
				<!--close window button-->
				<control type="button">
					<left>540</left>
					<top>0</top>
					<width>50</width>
					<height>25</height>
					<label>-</label>
					<font>-</font>
					<onclick>PreviousMenu</onclick>
					<texturefocus>DialogCloseButton-focus.png</texturefocus>
					<texturenofocus>DialogCloseButton.png</texturenofocus>
					<onleft>9000</onleft>
					<onright>9000</onright>
					<onup>9000</onup>
					<ondown>9000</ondown>
					<visible>system.getbool(input.enablemouse)</visible>
				</control>
			</control>
			<!--titles-->
			<control type="group">
				<!--title-->
				<control type="label">
					<left>580</left>
					<top>25</top>
					<width>1330</width>
					<height>60</height>
					<font>info.title</font>
					<align>left</align>
					<aligny>center</aligny>
					<textcolor>white</textcolor>
					<label>$INFO[Listitem.Title]</label>
				</control>
				<!--tagline-->
				<control type="label">
					<left>580</left>
					<top>80</top>
					<width>1250</width>
					<height>60</height>
					<font>breadcrumb</font>
					<label>$INFO[Listitem.Tagline]</label>
					<align>left</align>
					<aligny>center</aligny>
					<textcolor>white</textcolor>
				</control>
				<!--genre-->
				<control type="label">
					<left>580</left>
					<top>80</top>
					<width>1250</width>
					<height>60</height>
					<font>breadcrumb</font>
					<label>$INFO[Listitem.Genre]</label>
					<align>left</align>
					<aligny>center</aligny>
					<textcolor>white</textcolor>
					<visible>String.IsEmpty(ListItem.Tagline + [String.IsEqual(ListItem.DBType,movie) | String.IsEqual(ListItem.DBType,tvshow)])</visible>
				</control>
				<!--tv show/season/episode-->
				<control type="label">
					<left>580</left>
					<top>80</top>
					<width>1250</width>
					<height>60</height>
					<font>breadcrumb</font>
					<label>$INFO[ListItem.TVShowTitle] • $LOCALIZE[20373] $INFO[ListItem.Season] / $LOCALIZE[20359] $INFO[ListItem.Episode]</label>
					<align>left</align>
					<aligny>center</aligny>
					<textcolor>white</textcolor>
					<visible>String.IsEqual(ListItem.DBType,episode)</visible>
				</control>
				<!--hint arrow-->
				<control type="group">
					<top>80</top>
					<left>570</left>
					<!--circle border-->
					<control type="image">
						<left>1280</left>
						<top>0</top>
						<width>60</width>
						<height>60</height>
						<texture colordiffuse="white">buttons/buttoncircleborder.png</texture>
					</control>
					<!--arrow-->
					<control type="image">
						<left>1280</left>
						<top>0</top>
						<width>60</width>
						<height>60</height>
						<texture colordiffuse="white" flipy="true">hint-arrow-down.png</texture>
						<animation effect="rotate" start="0" end="180" time="200" center="auto" condition="Control.HasFocus(15) | Control.HasFocus(9003)">Conditional</animation>
					</control>
				</control>
			</control>
			<!--main content-->
			<control type="group">
				<animation effect="slide" start="0,0" end="0,782" time="400" tween="quadratic" easing="out" condition="Control.HasFocus(9003)">Conditional</animation>
				<animation effect="slide" start="0,0" end="0,782" time="400" tween="quadratic" easing="out" condition="Control.HasFocus(15)">Conditional</animation>
				<!--controls-->
				<control type="grouplist" id="9000">
					<left>535</left>
					<top>160</top>
					<width>1390</width>
					<height>60</height>
					<align>justify</align>
					<orientation>horizontal</orientation>
					<onleft>9000</onleft>
					<onright>9000</onright>
					<onup>9003</onup>
					<ondown>49</ondown>
					<!--play/browse button-->
					<include content="AnimatedCircleToggleButtonGroup">
						<param name="button-id" value="8" />
						<param name="button-width" value="140" />
						<param name="button-texture" value="playbutton" />
						<param name="button-alttexture" value="browsebutton" />
						<param name="button-colormain" value="white" />
						<param name="button-coloralt" value="$VAR[Colour.900]" />
						<param name="button-coloranim" value="white" />
						<param name="button-label" value="208" />
						<param name="button-altlabel" value="1024" />
						<param name="button-usealt" value="String.IsEqual(ListItem.DBType,tvshow)" />
						<param name="button-onup" value="9003" />
						<param name="button-ondown" value="49" />
						<param name="button-onleft" value="100" />
						<param name="button-onright" value="5" />
					</include>
					<!--cast button-->
					<include content="AnimatedCircleButtonGroup">
						<param name="button-id" value="5" />
						<param name="button-width" value="120" />
						<param name="button-texture" value="castbutton" />
						<param name="button-colormain" value="white" />
						<param name="button-coloralt" value="$VAR[Colour.900]" />
						<param name="button-coloranim" value="white" />
						<param name="button-label" value="206" />
						<param name="button-onup" value="9003" />
						<param name="button-ondown" value="49" />
						<param name="button-onleft" value="8" />
						<param name="button-onright" value="11" />
					</include>
					<!--trailer button-->
					<include content="AnimatedCircleButtonGroup">
						<param name="button-id" value="11" />
						<param name="button-width" value="130" />
						<param name="button-visible" value="!String.IsEmpty(ListItem.Trailer) + Skin.HasSetting(HideWindowedTrailer)" />
						<param name="button-texture" value="trailerbutton" />
						<param name="button-colormain" value="white" />
						<param name="button-coloralt" value="$VAR[Colour.900]" />
						<param name="button-coloranim" value="white" />
						<param name="button-label" value="20410" />
						<param name="button-onup" value="9003" />
						<param name="button-ondown" value="49" />
						<param name="button-onleft" value="5" />
						<param name="button-onright" value="15" />
					</include>
					<!--windowed trailer button-->
					<include content="AnimatedCircleButtonGroup">
						<param name="button-id" value="15" />
						<param name="button-width" value="130" />
						<param name="button-visible" value="!String.IsEmpty(ListItem.Trailer) + !Skin.HasSetting(HideWindowedTrailer)" />
						<param name="button-texture" value="trailerbutton" />
						<param name="button-colormain" value="white" />
						<param name="button-coloralt" value="$VAR[Colour.900]" />
						<param name="button-coloranim" value="white" />
						<param name="button-label" value="20410" />
						<param name="button-onclick" value="PlayMedia($INFO[ListItem.Trailer],1)" />
						<param name="button-onup" value="-" />
						<param name="button-ondown" value="49" />
						<param name="button-onleft" value="11" />
						<param name="button-onright" value="6" />
					</include>
					<!--refresh button-->
					<include content="AnimatedCircleButtonGroup">
						<param name="button-id" value="6" />
						<param name="button-width" value="140" />
						<param name="button-texture" value="refreshbutton" />
						<param name="button-colormain" value="white" />
						<param name="button-coloralt" value="$VAR[Colour.900]" />
						<param name="button-coloranim" value="white" />
						<param name="button-label" value="184" />
						<param name="button-onup" value="9003" />
						<param name="button-ondown" value="49" />
						<param name="button-onleft" value="15" />
						<param name="button-onright" value="10" />
					</include>
					<!--art button-->
					<include content="AnimatedCircleButtonGroup">
						<param name="button-id" value="10" />
						<param name="button-width" value="180" />
						<param name="button-texture" value="artbutton" />
						<param name="button-colormain" value="white" />
						<param name="button-coloralt" value="$VAR[Colour.900]" />
						<param name="button-coloranim" value="white" />
						<param name="button-label" value="13511" />
						<param name="button-onup" value="9003" />
						<param name="button-ondown" value="49" />
						<param name="button-onleft" value="6" />
						<param name="button-onright" value="7" />
					</include>
					<!--rating button-->
					<include content="AnimatedCircleButtonGroup">
						<param name="button-id" value="7" />
						<param name="button-width" value="200" />
						<param name="button-texture" value="ratingbutton" />
						<param name="button-colormain" value="white" />
						<param name="button-coloralt" value="$VAR[Colour.900]" />
						<param name="button-coloranim" value="white" />
						<param name="button-label" value="38023" />
						<param name="button-onup" value="9003" />
						<param name="button-ondown" value="49" />
						<param name="button-onleft" value="10" />
						<param name="button-onright" value="100" />
					</include>
					<!--tv tune button-->
					<include content="AnimatedCircleButtonGroup">
						<param name="button-id" value="100" />
						<param name="button-width" value="160" />
						<param name="button-visible">Skin.HasSetting(ActivateTvTunes) + System.HasAddon(script.tvtunes) + [String.IsEqual(ListItem.DBType,tvshow) | String.IsEqual(ListItem.DBType,movie) | String.IsEqual(ListItem.DBType,musicvideo)] + String.IsEmpty(Window(movieinformation).Property("TvTunes_HideVideoInfoButton"))</param>
						<param name="button-texture" value="tunebutton" />
						<param name="button-colormain" value="white" />
						<param name="button-coloralt" value="$VAR[Colour.900]" />
						<param name="button-coloranim" value="white" />
						<param name="button-label" value="31127" />
						<param name="button-onclick" value="RunScript(script.tvtunes,mode=solo)" />
						<param name="button-onup" value="9003" />
						<param name="button-ondown" value="49" />
						<param name="button-onleft" value="7" />
						<param name="button-onright" value="8" />
					</include>
				</control>
				<!--thumbs-->
				<control type="group">
					<left>535</left>
					<top>230</top>
					<!--movies thumb-->
					<control type="image">
						<left>0</left>
						<top>0</top>
						<width>567</width>
						<height>850</height>
						<aspectratio aligny="top">keep</aspectratio>
						<texture background="true">$VAR[PosterThumb]</texture>
						<visible>[!String.IsEqual(ListItem.DBType,tvshow) + !String.IsEqual(ListItem.DBType,episode) + !String.IsEqual(ListItem.DBType,musicvideo)]</visible>
						<visible>!Control.IsVisible(50)</visible>
					</control>
					<!--tv shows thumb-->
					<control type="image">
						<left>0</left>
						<top>0</top>
						<width>567</width>
						<height>850</height>
						<aspectratio aligny="top">stretch</aspectratio>
						<texture background="true">$VAR[PosterThumb]</texture>
						<visible>String.IsEqual(ListItem.DBType,tvshow)</visible>
						<visible>!Control.IsVisible(50)</visible>
					</control>
					<!--episode thumb-->
					<control type="image">
						<left>0</left>
						<top>0</top>
						<width>567</width>
						<height>850</height>
						<aspectratio aligny="top">keep</aspectratio>
						<texture background="true">$INFO[ListItem.Icon]</texture>
						<visible>!String.IsEqual(ListItem.DBType,movie) + !String.IsEqual(ListItem.DBType,tvshow)</visible>
						<visible>!Control.IsVisible(50)</visible>
					</control>
					<!--actor image-->
					<control type="image">
						<left>0</left>
						<top>0</top>
						<width>567</width>
						<height>850</height>
						<aspectratio aligny="top">keep</aspectratio>
						<texture >$INFO[Container(50).Listitem.Icon]</texture>
						<visible>Control.IsVisible(50)</visible>
						<visible>String.Contains(Container(50).ListItem.Icon,default)</visible>
					</control>
					<!--actor image-->
					<control type="image">
						<left>0</left>
						<top>0</top>
						<width>567</width>
						<height>850</height>
						<aspectratio aligny="top">keep</aspectratio>
						<texture>$INFO[Container(50).Listitem.Icon]</texture>
						<visible>Control.IsVisible(50)</visible>
						<visible>!String.Contains(Container(50).ListItem.Icon,default)</visible>
					</control>
				</control>
				<!--buttons shadow-->
				<control type="image">
					<left>535</left>
					<top>230</top>
					<width>1390</width>
					<height>10</height>
					<texture>homeshadow.png</texture>
					<animation effect="fade" start="100" end="75" time="0" condition="true">Conditional</animation>
				</control>
				<!--audio/video flags-->
				<control type="group">
					<left>1135</left>
					<top>615</top>
					<visible>[String.IsEqual(ListItem.DBType,movie) | String.IsEqual(ListItem.DBType,episode) | String.IsEqual(ListItem.DBType,musicvideo)] + !Control.HasFocus(15)</visible>
					<include>media.flags.small</include>
				</control>
				<!--movies info-->
				<control type="group">
					<visible>[!String.IsEqual(ListItem.DBType,tvshow) + !String.IsEqual(ListItem.DBType,episode) + !String.IsEqual(ListItem.DBType,musicvideo)]</visible>
					<left>600</left>
					<top>240</top>
					<!--info list-->
					<control type="list" id="49">
						<left>505</left>
						<top>0</top>
						<width>1110</width>
						<height>350</height>
						<onleft>49</onleft>
						<onright>49</onright>
						<onup>9000</onup>
						<ondown>50</ondown>
						<pagecontrol>-</pagecontrol>
						<scrolltime>200</scrolltime>
						<itemlayout height="35">
							<control type="label">
								<left>30</left>
								<top>0</top>
								<width>240</width>
								<height>35</height>
								<font>secondary.info</font>
								<align>left</align>
								<aligny>center</aligny>
								<textcolor>white</textcolor>
								<selectedcolor>selected</selectedcolor>
								<info>ListItem.Label</info>
							</control>
							<control type="label">
								<left>180</left>
								<top>0</top>
								<width>600</width>
								<height>35</height>
								<font>secondary.info</font>
								<align>left</align>
								<aligny>center</aligny>
								<textcolor>text.primary</textcolor>
								<selectedcolor>text.primary</selectedcolor>
								<info>ListItem.Label2</info>
							</control>
						</itemlayout>
						<focusedlayout height="35">
							<control type="image">
								<left>7</left>
								<top>7</top>
								<width>20</width>
								<height>20</height>
								<visible>Control.HasFocus(49)</visible>
								<texture >buttons/buttoncircle.png</texture>
							</control>
							<control type="label">
								<left>30</left>
								<top>0</top>
								<width>240</width>
								<height>35</height>
								<font>secondary.info</font>
								<align>left</align>
								<aligny>center</aligny>
								<textcolor>white</textcolor>
								<selectedcolor>selected</selectedcolor>
								<info>ListItem.Label</info>
							</control>
							<control type="label">
								<left>180</left>
								<top>0</top>
								<width>600</width>
								<height>35</height>
								<font>secondary.info</font>
								<align>left</align>
								<aligny>center</aligny>
								<textcolor>text.primary</textcolor>
								<selectedcolor>text.primary</selectedcolor>
								<info>ListItem.Label2</info>
							</control>
						</focusedlayout>
						<content>
							<item>
								<label>$LOCALIZE[562]</label>
								<label2>$INFO[ListItem.Year]</label2>
								<onclick>noop</onclick>
								<visible>!String.IsEmpty(ListItem.Year)</visible>
							</item>
							<item>
								<label>$LOCALIZE[2050]</label>
								<label2>$INFO[ListItem.Duration] $LOCALIZE[12391]</label2>
								<onclick>noop</onclick>
								<visible>!String.IsEmpty(ListItem.Duration)</visible>
							</item>
							<item>
								<label>$LOCALIZE[31068]</label>
								<label2>$INFO[ListItem.mpaa]</label2>
								<onclick>noop</onclick>
								<visible>!String.IsEmpty(ListItem.mpaa)</visible>
							</item>
							<item>
								<label>$LOCALIZE[38018]:</label>
								<label2>$INFO[ListItem.Userrating]</label2>
								<onclick>noop</onclick>
								<visible>!String.IsEmpty(ListItem.Userrating)</visible>
							</item>
							<item>
								<label>$LOCALIZE[563]</label>
								<label2>$INFO[ListItem.RatingAndVotes]</label2>
								<onclick>noop</onclick>
								<visible>!String.IsEmpty(ListItem.RatingAndVotes)</visible>
							</item>
							<item>
								<label>$LOCALIZE[515]</label>
								<label2>$INFO[ListItem.Genre]</label2>
								<onclick>noop</onclick>
								<visible>!String.IsEmpty(ListItem.Genre)</visible>
							</item>
							<item>
								<label>$LOCALIZE[20339]</label>
								<label2>$INFO[ListItem.Director]</label2>
								<onclick>SendClick(2003,13)</onclick>
								<visible>!String.IsEmpty(ListItem.Director)</visible>
							</item>
							<item>
								<label>$LOCALIZE[20417]</label>
								<label2>$INFO[ListItem.Writer]</label2>
								<onclick>noop</onclick>
								<visible>!String.IsEmpty(ListItem.Writer)</visible>
							</item>
							<item>
								<label>$LOCALIZE[572]</label>
								<label2>$INFO[ListItem.Studio]</label2>
								<onclick>noop</onclick>
								<visible>!String.IsEmpty(ListItem.Studio)</visible>
							</item>
							<item>
								<label>$LOCALIZE[31067]</label>
								<label2>$INFO[ListItem.FilenameAndPath]</label2>
								<onclick>noop</onclick>
								<visible>!String.IsEmpty(ListItem.FilenameAndPath)</visible>
							</item>
						</content>
					</control>
					<control type="image">
						<left>535</left>
						<top>360</top>
						<width>750</width>
						<height>1</height>
						<aspectratio>stretch</aspectratio>
						<texture >backgrounds/white5.png</texture>
					</control>
				</control>
				<!--tv shows info-->
				<control type="group">
					<visible>String.IsEqual(ListItem.DBType,tvshow)</visible>
					<left>600</left>
					<top>240</top>
					<control type="list" id="49">
						<left>505</left>
						<top>0</top>
						<width>1110</width>
						<height>350</height>
						<onleft>49</onleft>
						<onright>49</onright>
						<onup>9000</onup>
						<ondown>50</ondown>
						<pagecontrol>-</pagecontrol>
						<scrolltime>200</scrolltime>
						<itemlayout height="35">
							<control type="label">
								<left>30</left>
								<top>0</top>
								<width>240</width>
								<height>35</height>
								<font>secondary.info</font>
								<align>left</align>
								<aligny>center</aligny>
								<textcolor>white</textcolor>
								<selectedcolor>selected</selectedcolor>
								<info>ListItem.Label</info>
							</control>
							<control type="label">
								<left>180</left>
								<top>0</top>
								<width>600</width>
								<height>35</height>
								<font>secondary.info</font>
								<align>left</align>
								<aligny>center</aligny>
								<textcolor>text.primary</textcolor>
								<selectedcolor>text.primary</selectedcolor>
								<info>ListItem.Label2</info>
							</control>
						</itemlayout>
						<focusedlayout height="35">
							<control type="image">
								<left>7</left>
								<top>7</top>
								<width>20</width>
								<height>20</height>
								<visible>Control.HasFocus(49)</visible>
								<texture >buttons/buttoncircle.png</texture>
							</control>
							<control type="label">
								<left>30</left>
								<top>0</top>
								<width>240</width>
								<height>35</height>
								<font>secondary.info</font>
								<align>left</align>
								<aligny>center</aligny>
								<textcolor>white</textcolor>
								<selectedcolor>selected</selectedcolor>
								<info>ListItem.Label</info>
							</control>
							<control type="label">
								<left>180</left>
								<top>0</top>
								<width>600</width>
								<height>35</height>
								<font>secondary.info</font>
								<align>left</align>
								<aligny>center</aligny>
								<textcolor>text.primary</textcolor>
								<selectedcolor>text.primary</selectedcolor>
								<info>ListItem.Label2</info>
							</control>
						</focusedlayout>
						<content>
							<item>
								<label>$LOCALIZE[562]</label>
								<label2>$INFO[ListItem.Year]</label2>
								<onclick>noop</onclick>
								<visible>!String.IsEmpty(ListItem.Year)</visible>
							</item>
							<item>
								<label>$LOCALIZE[31322]</label>
								<label2>$INFO[ListItem.Premiered]</label2>
								<onclick>noop</onclick>
								<visible>!String.IsEmpty(ListItem.Premiered)</visible>
							</item>
							<item>
								<label>$LOCALIZE[31068]</label>
								<label2>$INFO[ListItem.Mpaa]</label2>
								<onclick>noop</onclick>
								<visible>!String.IsEmpty(ListItem.Mpaa)</visible>
							</item>
							<item>
								<label>$LOCALIZE[38018]:</label>
								<label2>$INFO[ListItem.Userrating]</label2>
								<onclick>noop</onclick>
								<visible>!String.IsEmpty(ListItem.Userrating)</visible>
							</item>
							<item>
								<label>$LOCALIZE[563]</label>
								<label2>$INFO[ListItem.RatingAndVotes]</label2>
								<onclick>noop</onclick>
								<visible>!String.IsEmpty(ListItem.RatingAndVotes)</visible>
							</item>
							<item>
								<label>$LOCALIZE[515]</label>
								<label2>$INFO[ListItem.Genre]</label2>
								<onclick>noop</onclick>
								<visible>!String.IsEmpty(ListItem.Genre)</visible>
							</item>
							<item>
								<label>$LOCALIZE[572]</label>
								<label2>$INFO[ListItem.Studio]</label2>
								<onclick>noop</onclick>
								<visible>!String.IsEmpty(ListItem.Studio)</visible>
							</item>
							<item>
								<label>$LOCALIZE[20360]</label>
								<label2>$INFO[listitem.episode]</label2>
								<onclick>noop</onclick>
								<visible>!String.IsEmpty(ListItem.Episode)</visible>
							</item>
							<item>
								<label>$LOCALIZE[16101]</label>
								<label2>$INFO[ListItem.Property(UnWatchedEpisodes)]</label2>
								<onclick>noop</onclick>
								<visible>!String.IsEmpty(ListItem.Episode)</visible>
							</item>
							<item>
								<label>$LOCALIZE[31067]</label>
								<label2>$INFO[ListItem.FilenameAndPath]</label2>
								<onclick>noop</onclick>
								<visible>!String.IsEmpty(ListItem.FilenameAndPath)</visible>
							</item>
						</content>
					</control>
					<control type="image">
						<left>535</left>
						<top>360</top>
						<width>750</width>
						<height>1</height>
						<aspectratio>stretch</aspectratio>
						<texture >backgrounds/white5.png</texture>
					</control>
				</control>
				<!--episodes info-->
				<control type="group">
					<visible>String.IsEqual(ListItem.DBType,episode)</visible>
					<left>600</left>
					<top>240</top>
					<control type="list" id="49">
						<left>505</left>
						<top>0</top>
						<width>1110</width>
						<height>350</height>
						<onleft>49</onleft>
						<onright>49</onright>
						<onup>9000</onup>
						<ondown>50</ondown>
						<pagecontrol>-</pagecontrol>
						<scrolltime>200</scrolltime>
						<itemlayout height="35">
							<control type="label">
								<left>30</left>
								<top>0</top>
								<width>240</width>
								<height>35</height>
								<font>secondary.info</font>
								<align>left</align>
								<aligny>center</aligny>
								<textcolor>white</textcolor>
								<selectedcolor>selected</selectedcolor>
								<info>ListItem.Label</info>
							</control>
							<control type="label">
								<left>180</left>
								<top>0</top>
								<width>600</width>
								<height>35</height>
								<font>secondary.info</font>
								<align>left</align>
								<aligny>center</aligny>
								<textcolor>text.primary</textcolor>
								<selectedcolor>text.primary</selectedcolor>
								<info>ListItem.Label2</info>
							</control>
						</itemlayout>
						<focusedlayout height="35">
							<control type="image">
								<left>7</left>
								<top>7</top>
								<width>20</width>
								<height>20</height>
								<visible>Control.HasFocus(49)</visible>
								<texture >buttons/buttoncircle.png</texture>
							</control>
							<control type="label">
								<left>30</left>
								<top>0</top>
								<width>240</width>
								<height>35</height>
								<font>secondary.info</font>
								<align>left</align>
								<aligny>center</aligny>
								<textcolor>white</textcolor>
								<selectedcolor>selected</selectedcolor>
								<info>ListItem.Label</info>
							</control>
							<control type="label">
								<left>180</left>
								<top>0</top>
								<width>600</width>
								<height>35</height>
								<font>secondary.info</font>
								<align>left</align>
								<aligny>center</aligny>
								<textcolor>text.primary</textcolor>
								<selectedcolor>text.primary</selectedcolor>
								<info>ListItem.Label2</info>
							</control>
						</focusedlayout>
						<content>
							<item>
								<label>$LOCALIZE[562]</label>
								<label2>$INFO[ListItem.Year]</label2>
								<onclick>noop</onclick>
								<visible>!String.IsEmpty(ListItem.Year)</visible>
							</item>
							<item>
								<label>$LOCALIZE[31322]</label>
								<label2>$INFO[ListItem.Premiered]</label2>
								<onclick>noop</onclick>
								<visible>!String.IsEmpty(ListItem.Premiered)</visible>
							</item>
							<item>
								<label>$LOCALIZE[2050]</label>
								<label2>$INFO[ListItem.Duration] $LOCALIZE[12391]</label2>
								<onclick>noop</onclick>
								<visible>!String.IsEmpty(ListItem.Duration)</visible>
							</item>
							<item>
								<label>$LOCALIZE[38018]:</label>
								<label2>$INFO[ListItem.Userrating]</label2>
								<onclick>noop</onclick>
								<visible>!String.IsEmpty(ListItem.Userrating)</visible>
							</item>
							<item>
								<label>$LOCALIZE[563]</label>
								<label2>$INFO[ListItem.RatingAndVotes]</label2>
								<onclick>noop</onclick>
								<visible>!String.IsEmpty(ListItem.RatingAndVotes)</visible>
							</item>
							<item>
								<label>$LOCALIZE[515]</label>
								<label2>$INFO[ListItem.Genre]</label2>
								<onclick>noop</onclick>
								<visible>!String.IsEmpty(ListItem.Genre)</visible>
							</item>
							<item>
								<label>$LOCALIZE[20339]</label>
								<label2>$INFO[ListItem.Director]</label2>
								<onclick>SendClick(2003,13)</onclick>
								<visible>!String.IsEmpty(ListItem.Director)</visible>
							</item>
							<item>
								<label>$LOCALIZE[20417]</label>
								<label2>$INFO[ListItem.Writer]</label2>
								<onclick>noop</onclick>
								<visible>!String.IsEmpty(ListItem.Writer)</visible>
							</item>
							<item>
								<label>$LOCALIZE[31067]</label>
								<label2>$INFO[ListItem.FilenameAndPath]</label2>
								<onclick>noop</onclick>
								<visible>!String.IsEmpty(ListItem.FilenameAndPath)</visible>
							</item>
						</content>
					</control>
					<control type="image">
						<left>535</left>
						<top>360</top>
						<width>750</width>
						<height>1</height>
						<aspectratio>stretch</aspectratio>
						<texture >backgrounds/white5.png</texture>
					</control>
				</control>
				<!--music videos info-->
				<control type="group">
					<visible>String.IsEqual(ListItem.DBType,musicvideo)</visible>
					<left>600</left>
					<top>240</top>
					<control type="list" id="49">
						<left>505</left>
						<top>0</top>
						<width>1110</width>
						<height>350</height>
						<onleft>49</onleft>
						<onright>49</onright>
						<onup>9000</onup>
						<ondown>50</ondown>
						<pagecontrol>-</pagecontrol>
						<scrolltime>200</scrolltime>
						<itemlayout height="35">
							<control type="label">
								<left>30</left>
								<top>0</top>
								<width>240</width>
								<height>35</height>
								<font>secondary.info</font>
								<align>left</align>
								<aligny>center</aligny>
								<textcolor>white</textcolor>
								<selectedcolor>selected</selectedcolor>
								<info>ListItem.Label</info>
							</control>
							<control type="label">
								<left>180</left>
								<top>0</top>
								<width>600</width>
								<height>35</height>
								<font>secondary.info</font>
								<align>left</align>
								<aligny>center</aligny>
								<textcolor>text.primary</textcolor>
								<selectedcolor>text.primary</selectedcolor>
								<info>ListItem.Label2</info>
							</control>
						</itemlayout>
						<focusedlayout height="35">
							<control type="image">
								<left>7</left>
								<top>7</top>
								<width>20</width>
								<height>20</height>
								<visible>Control.HasFocus(49)</visible>
								<texture>buttons/buttoncircle.png</texture>
							</control>
							<control type="label">
								<left>30</left>
								<top>0</top>
								<width>240</width>
								<height>35</height>
								<font>secondary.info</font>
								<align>left</align>
								<aligny>center</aligny>
								<textcolor>white</textcolor>
								<selectedcolor>selected</selectedcolor>
								<info>ListItem.Label</info>
							</control>
							<control type="label">
								<left>180</left>
								<top>0</top>
								<width>600</width>
								<height>35</height>
								<font>secondary.info</font>
								<align>left</align>
								<aligny>center</aligny>
								<textcolor>text.primary</textcolor>
								<selectedcolor>text.primary</selectedcolor>
								<info>ListItem.Label2</info>
							</control>
						</focusedlayout>
						<content>
							<item>
								<label>$LOCALIZE[557]</label>
								<label2>$INFO[ListItem.Artist]</label2>
								<onclick>noop</onclick>
								<visible>!String.IsEmpty(ListItem.Artist)</visible>
							</item>
							<item>
								<label>$LOCALIZE[558]</label>
								<label2>$INFO[ListItem.Album]</label2>
								<onclick>noop</onclick>
								<visible>!String.IsEmpty(ListItem.Album)</visible>
							</item>
							<item>
								<label>$LOCALIZE[515]</label>
								<label2>$INFO[ListItem.Genre]</label2>
								<onclick>noop</onclick>
								<visible>!String.IsEmpty(ListItem.Genre)</visible>
							</item>
							<item>
								<label>$LOCALIZE[572]</label>
								<label2>$INFO[ListItem.Studio]</label2>
								<onclick>noop</onclick>
								<visible>!String.IsEmpty(ListItem.Studio)</visible>
							</item>
							<item>
								<label>$LOCALIZE[20417]</label>
								<label2>$INFO[ListItem.Writer]</label2>
								<onclick>noop</onclick>
								<visible>!String.IsEmpty(ListItem.Writer)</visible>
							</item>
							<item>
								<label>$LOCALIZE[20339]</label>
								<label2>$INFO[ListItem.Director]</label2>
								<onclick>noop</onclick>
								<visible>!String.IsEmpty(ListItem.Director)</visible>
							</item>
							<item>
								<label>$LOCALIZE[562]</label>
								<label2>$INFO[ListItem.Year]</label2>
								<onclick>noop</onclick>
								<visible>!String.IsEmpty(ListItem.Year)</visible>
							</item>
							<item>
								<label>$LOCALIZE[2050]</label>
								<label2>$INFO[ListItem.Duration] $LOCALIZE[12391]</label2>
								<onclick>noop</onclick>
								<visible>!String.IsEmpty(ListItem.Duration)</visible>
							</item>
							<item>
								<label>$LOCALIZE[38018]:</label>
								<label2>$INFO[ListItem.Userrating]</label2>
								<onclick>noop</onclick>
								<visible>!String.IsEmpty(ListItem.Userrating)</visible>
							</item>
							<item>
								<label>$LOCALIZE[31067]</label>
								<label2>$INFO[ListItem.FilenameAndPath]</label2>
								<onclick>noop</onclick>
								<visible>!String.IsEmpty(ListItem.FilenameAndPath)</visible>
							</item>
						</content>
					</control>
					<control type="image">
						<left>535</left>
						<top>360</top>
						<width>750</width>
						<height>1</height>
						<aspectratio>stretch</aspectratio>
						<texture >backgrounds/white5.png</texture>
					</control>
				</control>
				<!--plot-->
				<control type="textbox" id="400">
					<left>1135</left>
					<top>677</top>
					<width>750</width>
					<height>368</height>
					<font>label</font>
					<align>left</align>
					<textcolor>text.primary</textcolor>
					<pagecontrol>61</pagecontrol>
					<label>$INFO[ListItem.Plot]</label>
					<autoscroll delay="10000" time="3000" repeat="15000">!Control.HasFocus(61) + Skin.HasSetting(AutoScroll)</autoscroll>
					<visible>!Control.IsVisible(50)</visible>
					<animation effect="slide" start="0,0" end="0,-65" time="0" condition="String.IsEqual(ListItem.DBType,tvshow)">Conditional</animation>
				</control>
				<!--cast-->
				<control type="list" id="50">
					<left>1135</left>
					<top>680</top>
					<width>1290</width>
					<height>370</height>
					<onleft>50</onleft>
					<onright>61</onright>
					<onup>49</onup>
					<ondown>9000</ondown>
					<viewtype label="">list</viewtype>
					<pagecontrol>61</pagecontrol>
					<scrolltime>200</scrolltime>
					<orientation>vertical</orientation>
					<animation effect="slide" start="0,0" end="0,-65" time="0" condition="String.IsEqual(ListItem.DBType,tvshow)">Conditional</animation>
					<animation effect="slide" start="0,0" end="0,-75" time="0" condition="String.IsEqual(ListItem.DBType,episode)">Conditonal</animation>
					<itemlayout height="60" width="645">
						<!--label-->
						<control type="label">
							<left>15</left>
							<top>0</top>
							<width>720</width>
							<height>60</height>
							<font>label</font>
							<align>left</align>
							<aligny>center</aligny>
							<textcolor>text.primary</textcolor>
							<selectedcolor>snow</selectedcolor>
							<label>$INFO[ListItem.Label]$INFO[ListItem.Label2, $LOCALIZE[20347] ,]</label>
						</control>
					</itemlayout>
					<focusedlayout height="60" width="645">
						<!--focused bg-->
						<control type="image">
							<left>0</left>
							<top>0</top>
							<width>750</width>
							<height>60</height>
							<texture >backgrounds/white5.png</texture>
							<animation effect="fade" start="100" end="50" time="0" condition="!Control.HasFocus(50)">Conditional</animation>
						</control>
						<!--label-->
						<control type="label">
							<left>15</left>
							<top>0</top>
							<width>720</width>
							<height>60</height>
							<font>label</font>
							<align>left</align>
							<aligny>center</aligny>
							<textcolor>white</textcolor>
							<selectedcolor>white</selectedcolor>
							<label>$INFO[ListItem.Label]$INFO[ListItem.Label2, $LOCALIZE[20347] ,]</label>
						</control>
					</focusedlayout>
				</control>
				<!-- cast scrollbar-->
				<control type="scrollbar" id="61">
					<left>1895</left>
					<top>680</top>
					<height>360</height>
					<onleft>50</onleft>
					<onright>50</onright>
					<texturesliderbackground colordiffuse="scroll.secondary">backgrounds/white5.png</texturesliderbackground>
					<texturesliderbar colordiffuse="secondary">backgrounds/white.png</texturesliderbar>
					<animation effect="slide" start="0,0" end="0,-65" time="0" condition="String.IsEqual(ListItem.DBType,tvshow)">Conditional</animation>
					<animation effect="slide" start="0,0" end="0,-75" time="0" condition="String.IsEqual(ListItem.DBType,episode)">Conditonal</animation>
					<visible>Control.IsVisible(50)</visible>
				</control>
			</control>
		</control>
	</controls>
</window>