<?xml version="1.0" encoding="UTF-8"?>
<includes>
	<include name="CommonBackground">
		<control type="image">
			<description>Normal Default Background Image</description>
			<left>0</left>
			<top>0</top>
			<width>1920</width>
			<height>1080</height>
			<aspectratio>scale</aspectratio>
			<texture>$INFO[Skin.CurrentTheme,special://skin/backgrounds/,.jpg]</texture>
			<!--texture>backgrounds/white.png</texture-->
			<visible>![Skin.HasSetting(UseCustomBackground) + !String.IsEmpty(Skin.String(CustomBackgroundPath))]</visible>
			<include>VisibleFadeEffect</include>
		</control>
		<control type="image">
			<description>User Set Background Image</description>
			<left>0</left>
			<top>0</top>
			<width>1920</width>
			<height>1080</height>
			<aspectratio>scale</aspectratio>
			<texture>$INFO[Skin.String(CustomBackgroundPath)]</texture>
			<visible>Skin.HasSetting(UseCustomBackground) + !String.IsEmpty(Skin.String(CustomBackgroundPath))</visible>
			<include>VisibleFadeEffect</include>
		</control>
		<control type="image">
			<left>0</left>
			<top>0</top>
			<width>1920</width>
			<height>1080</height>
			<aspectratio>scale</aspectratio>
			<texture background="true">$INFO[ListItem.Art(fanart)]</texture>
			<include>backgroundfade</include>
			<fadetime>FanartCrossfadeTime</fadetime>
			<visible>!Skin.HasSetting(HideBackGroundFanart) + !String.IsEmpty(ListItem.Property(Fanart_Image))</visible>
			<include>Window_OpenClose_Animation</include>
			<visible>![Player.HasVideo + !Skin.HasSetting(ShowBackgroundVideo)] | [Window.IsVisible(MovieInformation) + !Skin.HasSetting(HideWindowedTrailer)]</visible>
		</control>
		<control type="multiimage">
			<left>0</left>
			<top>0</top>
			<width>1920</width>
			<height>1080</height>
			<aspectratio>scale</aspectratio>
			<imagepath background="true">$INFO[ListItem.Path,,/extrafanart]</imagepath>
			<timeperimage>5000</timeperimage>
			<include>backgroundfade</include>
			<fadetime>FanartCrossfadeTime</fadetime>
			<visible>Skin.HasSetting(ExtraFanart) + !Skin.HasSetting(HideBackGroundFanart)</visible>
			<include>Window_OpenClose_Animation</include>
			<visible>![Player.HasVideo + !Skin.HasSetting(ShowBackgroundVideo)] + Container.Content(Movies)</visible>
		</control>
		<control type="visualisation">
			<left>0</left>
			<top>0</top>
			<width>1920</width>
			<height>1080</height>
			<visible>Player.HasAudio + !Skin.HasSetting(ShowBackgroundVis) + !Window.IsVisible(TVChannels) + !Window.IsVisible(RadioChannels)</visible>
			<visible>String.IsEmpty(Window(Videos).Property(PlayingBackgroundMedia))</visible>
		</control>
		<control type="image">
			<left>0</left>
			<top>0</top>
			<width>1920</width>
			<height>1080</height>
			<texture colordiffuse="black">backgrounds/white.png</texture>
			<visible>Player.HasVideo + !Skin.HasSetting(ShowBackgroundVideo) + !Window.IsVisible(TVChannels) + !Window.IsVisible(RadioChannels)</visible>
			<visible>![Window.IsVisible(MovieInformation) + !Skin.HasSetting(HideWindowedTrailer)]</visible>
		</control>
		<control type="videowindow">
			<left>0</left>
			<top>0</top>
			<width>1920</width>
			<height>1080</height>
			<visible>Player.HasVideo + !Skin.HasSetting(ShowBackgroundVideo) + !Window.IsVisible(TVChannels) + !Window.IsVisible(RadioChannels)</visible>
			<visible>![Window.IsVisible(MovieInformation) + !Skin.HasSetting(HideWindowedTrailer)]</visible>
		</control>
		<control type="image">
			<left>0</left>
			<top>0</top>
			<width>1920</width>
			<height>1080</height>
			<aspectratio>scale</aspectratio>
			<texture background="true" colordiffuse="bg.overlay">backgrounds/white.png</texture>
			<include>backgroundfade</include>
			<include>Window_OpenClose_Animation</include>
		</control>
	</include>
</includes>