<?xml version="1.0" encoding="UTF-8"?>
<window>
	<defaultcontrol always="true">100</defaultcontrol>
	<onunload>Skin.Reset(SubtitleSection)</onunload>
	<controls>
		<!--background-->
		<control type="image" id="1">
			<left>390</left>
			<top>105r</top>
			<width>1140</width>
			<height>85</height>
			<texture >backgrounds/osd bg.png</texture>
			<visible>![Window.IsVisible(SliderDialog) | Window.IsVisible(OSDVideoSettings) | Window.IsVisible(OSDAudioSettings) | Window.IsVisible(OSDAudioDSPSettings) | Window.IsVisible(VideoBookmarks) | Window.IsVisible(PVROSDChannels) | Window.IsVisible(PVROSDGuide)]</visible>
		</control>
		<control type="slider" id="87">
			<description>Seek Slider</description>
			<left>415</left>
			<top>150r</top>
			<width>1090</width>
			<height>7</height>
			<action>seek</action>
			<animation effect="fade" time="200">VisibleChange</animation>
			<visible>![Window.IsVisible(SliderDialog) | Window.IsVisible(OSDVideoSettings) | Window.IsVisible(OSDAudioSettings) | Window.IsVisible(OSDAudioDSPSettings) | Window.IsVisible(VideoBookmarks) | VideoPlayer.Content(LiveTV) | Skin.HasSetting(SubtitleSection)]</visible>
		</control>
		<!-- !LiveTV -->
		<control type="group" id="100">
			<left>420</left>
			<top>82r</top>
			<defaultcontrol always="true">202</defaultcontrol>
			<visible>![Window.IsVisible(SliderDialog) | Window.IsVisible(OSDVideoSettings) | Window.IsVisible(OSDAudioSettings) | Window.IsVisible(OSDAudioDSPSettings) | Window.IsVisible(VideoBookmarks)]</visible>
			<visible>!VideoPlayer.Content(LiveTV)</visible>
			<control type="button" id="200">
				<left>0</left>
				<top>0</top>
				<width>40</width>
				<height>40</height>
				<label>210</label>
				<font>-</font>
				<texturefocus >OSDPrevTrackNF.png</texturefocus>
				<texturenofocus colordiffuse="gold">OSDPrevTrackNF.png</texturenofocus>
				<onleft>254</onleft>
				<onright>201</onright>
				<onup>1000</onup>
				<ondown>1000</ondown>
				<onclick>PlayerControl(Previous)</onclick>
			</control>
			<control type="button" id="201">
				<left>75</left>
				<top>0</top>
				<width>40</width>
				<height>40</height>
				<label>31354</label>
				<font>-</font>
				<texturefocus >OSDRewindNF.png</texturefocus>
				<texturenofocus colordiffuse="gold">OSDRewindNF.png</texturenofocus>
				<onleft>200</onleft>
				<onright>202</onright>
				<onup>1000</onup>
				<ondown>1000</ondown>
				<onclick>PlayerControl(Rewind)</onclick>
			</control>
			<control type="togglebutton" id="202">
				<left>150</left>
				<top>0</top>
				<width>40</width>
				<height>40</height>
				<label>31351</label>
				<altlabel>208</altlabel>
				<font>-</font>
				<texturefocus >OSDPauseNF.png</texturefocus>
				<texturenofocus colordiffuse="gold">OSDPauseNF.png</texturenofocus>
				<usealttexture>Player.Paused | Player.Forwarding | Player.Rewinding</usealttexture>
				<alttexturefocus >OSDPlayNF.png</alttexturefocus>
				<alttexturenofocus colordiffuse="gold">OSDPlayNF.png</alttexturenofocus>
				<onleft>201</onleft>
				<onright>203</onright>
				<onup>1000</onup>
				<ondown>1000</ondown>
				<onclick>PlayerControl(Play)</onclick>
			</control>
			<control type="button" id="203">
				<left>225</left>
				<top>0</top>
				<width>40</width>
				<height>40</height>
				<label>31352</label>
				<font>-</font>
				<texturefocus >OSDStopNF.png</texturefocus>
				<texturenofocus colordiffuse="gold">OSDStopNF.png</texturenofocus>
				<onleft>202</onleft>
				<onright>204</onright>
				<onup>1000</onup>
				<ondown>1000</ondown>
				<onclick>PlayerControl(Stop)</onclick>
			</control>
			<control type="button" id="204">
				<left>300</left>
				<top>0</top>
				<width>40</width>
				<height>40</height>
				<label>31353</label>
				<font>-</font>
				<texturefocus >OSDForwardNF.png</texturefocus>
				<texturenofocus colordiffuse="gold">OSDForwardNF.png</texturenofocus>
				<onleft>203</onleft>
				<onright>205</onright>
				<onup>1000</onup>
				<ondown>1000</ondown>
				<onclick>PlayerControl(Forward)</onclick>
			</control>
			<control type="button" id="205">
				<left>375</left>
				<top>0</top>
				<width>40</width>
				<height>40</height>
				<label>209</label>
				<font>-</font>
				<texturefocus >OSDNextTrackNF.png</texturefocus>
				<texturenofocus colordiffuse="gold">OSDNextTrackNF.png</texturenofocus>
				<onleft>204</onleft>
				<onright>251</onright>
				<onup>1000</onup>
				<ondown>1000</ondown>
				<onclick>PlayerControl(Next)</onclick>
			</control>
		</control>
		<!-- LiveTV -->
		<control type="group" id="100">
			<left>420</left>
			<top>82r</top>
			<defaultcontrol always="true">301</defaultcontrol>
			<visible>![Window.IsVisible(SliderDialog) | Window.IsVisible(OSDVideoSettings) | Window.IsVisible(OSDAudioSettings) | Window.IsVisible(OSDAudioDSPSettings) | Window.IsVisible(VideoBookmarks) | Window.IsVisible(PVROSDChannels) | Window.IsVisible(PVROSDGuide)]</visible>
			<visible>VideoPlayer.Content(LiveTV)</visible>
			<control type="button" id="300">
				<left>0</left>
				<top>0</top>
				<width>40</width>
				<height>40</height>
				<label>210</label>
				<font>-</font>
				<texturefocus >OSDChannelUPNF.png</texturefocus>
				<texturenofocus colordiffuse="gold">OSDChannelUPNF.png</texturenofocus>
				<onleft>353</onleft>
				<onright>301</onright>
				<onup>1000</onup>
				<ondown>1000</ondown>
				<onclick>PlayerControl(Previous)</onclick>
			</control>
			<control type="button" id="301">
				<left>75</left>
				<top>0</top>
				<width>40</width>
				<height>40</height>
				<label>31354</label>
				<font>-</font>
				<texturefocus >OSDChannelDownNF.png</texturefocus>
				<texturenofocus colordiffuse="gold">OSDChannelDownNF.png</texturenofocus>
				<onleft>300</onleft>
				<onright>302</onright>
				<onup>1000</onup>
				<ondown>1000</ondown>
				<onclick>PlayerControl(Next)</onclick>
			</control>
			<control type="button" id="302">
				<left>150</left>
				<top>0</top>
				<width>40</width>
				<height>40</height>
				<label>31354</label>
				<font>-</font>
				<texturefocus >OSDRewindNF.png</texturefocus>
				<texturenofocus colordiffuse="gold">OSDRewindNF.png</texturenofocus>
				<onleft>301</onleft>
				<onright>303</onright>
				<onup>1000</onup>
				<ondown>1000</ondown>
				<onclick>PlayerControl(Rewind)</onclick>
				<enable>Player.SeekEnabled</enable>
				<animation effect="fade" start="100" end="50" time="100" condition="!Player.SeekEnabled">Conditional</animation>
			</control>
			<control type="togglebutton" id="303">
				<left>225</left>
				<top>0</top>
				<width>40</width>
				<height>40</height>
				<label>31351</label>
				<altlabel>208</altlabel>
				<font>-</font>
				<texturefocus >OSDPauseNF.png</texturefocus>
				<texturenofocus colordiffuse="gold">OSDPauseNF.png</texturenofocus>
				<usealttexture>Player.Paused | Player.Forwarding | Player.Rewinding</usealttexture>
				<alttexturefocus >OSDPlayNF.png</alttexturefocus>
				<alttexturenofocus colordiffuse="gold">OSDPlayNF.png</alttexturenofocus>
				<onleft>302</onleft>
				<onright>304</onright>
				<onup>1000</onup>
				<ondown>1000</ondown>
				<onclick>PlayerControl(Play)</onclick>
				<enable>Player.PauseEnabled</enable>
				<animation effect="fade" start="100" end="50" time="100" condition="!Player.PauseEnabled">Conditional</animation>
			</control>
			<control type="button" id="304">
				<left>300</left>
				<top>0</top>
				<width>40</width>
				<height>40</height>
				<label>31351</label>
				<font>-</font>
				<texturefocus >OSDStopNF.png</texturefocus>
				<texturenofocus colordiffuse="gold">OSDStopNF.png</texturenofocus>
				<onleft>303</onleft>
				<onright>305</onright>
				<onup>1000</onup>
				<ondown>1000</ondown>
				<onclick>PlayerControl(Stop)</onclick>
			</control>
			<control type="button" id="305">
				<left>375</left>
				<top>0</top>
				<width>40</width>
				<height>40</height>
				<label>31353</label>
				<font>-</font>
				<texturefocus >OSDForwardNF.png</texturefocus>
				<texturenofocus colordiffuse="gold">OSDForwardNF.png</texturenofocus>
				<onleft>304</onleft>
				<onright>306</onright>
				<onup>1000</onup>
				<ondown>1000</ondown>
				<onclick>PlayerControl(Forward)</onclick>
				<enable>Player.SeekEnabled</enable>
				<animation effect="fade" start="100" end="50" time="100" condition="!Player.SeekEnabled">Conditional</animation>
			</control>
			<control type="button" id="306">
				<left>450</left>
				<top>0</top>
				<width>40</width>
				<height>40</height>
				<label>19019</label>
				<font>-</font>
				<texturefocus >OSDChannelListNF.png</texturefocus>
				<texturenofocus colordiffuse="gold">OSDChannelListNF.png</texturenofocus>
				<onleft>305</onleft>
				<onright>307</onright>
				<onup>1000</onup>
				<ondown>1000</ondown>
				<onclick>ActivateWindow(PVROSDChannels)</onclick>
				<onclick>Dialog.Close(VideoOSD)</onclick>
			</control>
			<control type="button" id="307">
				<left>525</left>
				<top>0</top>
				<width>40</width>
				<height>40</height>
				<label>$LOCALIZE[19029]$INFO[VideoPlayer.ChannelName, - ]</label>
				<font>-</font>
				<texturefocus >OSDepgNF.png</texturefocus>
				<texturenofocus colordiffuse="gold">OSDepgNF.png</texturenofocus>
				<onleft>306</onleft>
				<onright>350</onright>
				<onup>1000</onup>
				<ondown>1000</ondown>
				<onclick>ActivateWindow(PVROSDGuide)</onclick>
				<onclick>Dialog.Close(VideoOSD)</onclick>
			</control>
		</control>
		<!-- !LiveTV -->
		<control type="group">
			<left>840r</left>
			<top>82r</top>
			<visible>![Window.IsVisible(SliderDialog) | Window.IsVisible(OSDVideoSettings) | Window.IsVisible(OSDAudioSettings) | Window.IsVisible(OSDAudioDSPSettings) | Window.IsVisible(VideoBookmarks)]</visible>
			<visible>!VideoPlayer.Content(LiveTV)</visible>
			<control type="group">
				<left>0</left>
				<top>0</top>
				<animation effect="slide" start="0,0" end="75,0" time="0" condition="!VideoPlayer.IsStereoscopic">Conditional</animation>
				<control type="button" id="251">
					<left>0</left>
					<top>0</top>
					<width>40</width>
					<height>40</height>
					<label>13395</label>
					<font>-</font>
					<texturefocus >OSDVideoNF.png</texturefocus>
					<texturenofocus colordiffuse="gold">OSDVideoNF.png</texturenofocus>
					<onleft>205</onleft>
					<onright>252</onright>
					<onup>1000</onup>
					<ondown>1000</ondown>
					<onclick>ActivateWindow(OSDVideoSettings)</onclick>
				</control>
				<control type="button" id="252">
					<left>75</left>
					<top>0</top>
					<width>40</width>
					<height>40</height>
					<label>13396</label>
					<font>-</font>
					<texturefocus >OSDAudioNF.png</texturefocus>
					<texturenofocus colordiffuse="gold">OSDAudioNF.png</texturenofocus>
					<onleft>251</onleft>
					<onright>253</onright>
					<onup>1000</onup>
					<ondown>1000</ondown>
					<onclick>ActivateWindow(OSDAudioSettings)</onclick>
				</control>
				<control type="button" id="253">
					<left>150</left>
					<top>0</top>
					<width>40</width>
					<height>40</height>
					<label>31355</label>
					<font>-</font>
					<texturefocus >OSDBookmarksNF.png</texturefocus>
					<texturenofocus colordiffuse="gold">OSDBookmarksNF.png</texturenofocus>
					<onleft>252</onleft>
					<onright>250</onright>
					<onup>1000</onup>
					<ondown>1000</ondown>
					<onclick>ActivateWindow(VideoBookmarks)</onclick>
				</control>
				<control type="button" id="250">
					<left>225</left>
					<top>0</top>
					<width>40</width>
					<height>40</height>
					<label>31356</label>
					<font>-</font>
					<texturefocus >OSDSubtitlesNF.png</texturefocus>
					<texturenofocus colordiffuse="gold">OSDSubtitlesNF.png</texturenofocus>
					<onleft>253</onleft>
					<onright>255</onright>
					<onup>404</onup>
					<ondown>1000</ondown>
					<onfocus>Skin.SetBool(SubtitleSection)</onfocus>
					<onunfocus condition="!Control.HasFocus(410)">Skin.Reset(SubtitleSection)</onunfocus>
				</control>
				<control type="image">
					<left>225</left>
					<top>0</top>
					<width>40</width>
					<height>40</height>
					<texture >OSDSubtitlesNF.png</texture>
					<visible>Control.HasFocus(410) | Control.HasFocus(250) | ControlGroup(400).HasFocus</visible>
				</control>
			</control>
			<control type="button" id="255">
				<visible>VideoPlayer.IsStereoscopic</visible>
				<left>300</left>
				<top>0</top>
				<width>40</width>
				<height>40</height>
				<label>36501</label>
				<font>-</font>
				<texturefocus >OSDStereoscopicNF.png</texturefocus>
				<texturenofocus colordiffuse="gold">OSDStereoscopicNF.png</texturenofocus>
				<onleft>250</onleft>
				<onright>254</onright>
				<onup>501</onup>
				<ondown>1000</ondown>
				<onfocus>Skin.SetBool(SubtitleSection)</onfocus>
				<onunfocus condition="!Control.HasFocus(410)">Skin.Reset(SubtitleSection)</onunfocus>
			</control>
			<control type="image">
				<left>300</left>
				<top>0</top>
				<width>40</width>
				<height>40</height>
				<texture colordiffuse="gold">OSDStereoscopicNF.png</texture>
				<visible>Control.HasFocus(255) | ControlGroup(500).HasFocus | Control.HasFocus(520)</visible>
			</control>
			<control type="button" id="254">
				<left>375</left>
				<top>0</top>
				<width>40</width>
				<height>40</height>
				<label>31355</label>
				<font>-</font>
				<texturefocus >OSDDvdNF.png</texturefocus>
				<texturenofocus colordiffuse="gold">OSDDvdNF.png</texturenofocus>
				<onleft>255</onleft>
				<onright>200</onright>
				<onup>1000</onup>
				<ondown>1000</ondown>
				<onclick>PlayerControl(ShowVideoMenu)</onclick>
				<enable>VideoPlayer.HasMenu</enable>
				<animation effect="fade" start="100" end="50" time="100" condition="!VideoPlayer.HasMenu">Conditional</animation>
			</control>
		</control>
		<!-- LiveTV -->
		<control type="group">
			<left>765r</left>
			<top>82r</top>
			<visible>![Window.IsVisible(SliderDialog) | Window.IsVisible(OSDVideoSettings) | Window.IsVisible(OSDAudioSettings) | Window.IsVisible(OSDAudioDSPSettings) | Window.IsVisible(VideoBookmarks) | Window.IsVisible(PVROSDChannels) | Window.IsVisible(PVROSDGuide)]</visible>
			<visible>VideoPlayer.Content(LiveTV)</visible>
			<control type="group">
				<left>0</left>
				<top>0</top>
				<animation effect="slide" start="0,0" end="75,0" time="0" condition="!VideoPlayer.IsStereoscopic">Conditional</animation>
				<control type="button" id="350">
					<left>0</left>
					<top>0</top>
					<width>40</width>
					<height>40</height>
					<label>31356</label>
					<font>-</font>
					<texturefocus >OSDTeleTextNF.png</texturefocus>
					<texturenofocus colordiffuse="gold">OSDTeleTextNF.png</texturenofocus>
					<onleft>307</onleft>
					<onright>351</onright>
					<onup>1000</onup>
					<ondown>1000</ondown>
					<onclick>ActivateWindow(Teletext)</onclick>
				</control>
				<control type="button" id="351">
					<left>75</left>
					<top>0</top>
					<width>40</width>
					<height>40</height>
					<label>13395</label>
					<font>-</font>
					<texturefocus >OSDVideoNF.png</texturefocus>
					<texturenofocus colordiffuse="gold">OSDVideoNF.png</texturenofocus>
					<onleft>350</onleft>
					<onright>352</onright>
					<onup>1000</onup>
					<ondown>1000</ondown>
					<onclick>ActivateWindow(OSDVideoSettings)</onclick>
				</control>
				<control type="button" id="352">
					<left>150</left>
					<top>0</top>
					<width>40</width>
					<height>40</height>
					<label>13396</label>
					<font>-</font>
					<texturefocus >OSDAudioNF.png</texturefocus>
					<texturenofocus colordiffuse="gold">OSDAudioNF.png</texturenofocus>
					<onleft>351</onleft>
					<onright>354</onright>
					<onup>1000</onup>
					<ondown>1000</ondown>
					<onclick>ActivateWindow(OSDAudioSettings)</onclick>
				</control>
			</control>
			<control type="button" id="354">
				<visible>VideoPlayer.IsStereoscopic</visible>
				<left>225</left>
				<top>0</top>
				<width>40</width>
				<height>40</height>
				<label>36501</label>
				<font>-</font>
				<texturefocus colordiffuse=">OSDStereoscopicNF.png</texturefocus>
				<texturenofocus colordiffuse="gold">OSDStereoscopicNF.png</texturenofocus>
				<onleft>352</onleft>
				<onright>353</onright>
				<onup>551</onup>
				<ondown>1000</ondown>
				<onfocus>Skin.SetBool(SubtitleSection)</onfocus>
				<onunfocus>Skin.Reset(SubtitleSection)</onunfocus>
			</control>
			<control type="image">
				<left>225</left>
				<top>0</top>
				<width>40</width>
				<height>40</height>
				<texture colordiffuse="gold">OSDStereoscopicNF.png</texture>
				<visible>Control.HasFocus(570) | Control.HasFocus(354) | ControlGroup(550).HasFocus</visible>
			</control>
			<control type="togglebutton" id="353">
				<left>300</left>
				<top>0</top>
				<width>40</width>
				<height>40</height>
				<label>31351</label>
				<altlabel>208</altlabel>
				<font>-</font>
				<texturefocus >OSDRecordOffNF.png</texturefocus>
				<texturenofocus colordiffuse="gold">OSDRecordOffNF.png</texturenofocus>
				<usealttexture>Player.Recording</usealttexture>
				<alttexturefocus >OSDRecordOffNF.png</alttexturefocus>
				<alttexturenofocus colordiffuse="gold">OSDRecordOffNF.png</alttexturenofocus>
				<onleft>354</onleft>
				<onright>300</onright>
				<onup>1000</onup>
				<ondown>1000</ondown>
				<onclick>PlayerControl(Record)</onclick>
				<enable>Player.CanRecord</enable>
				<animation effect="fade" start="100" end="50" time="100" condition="!Player.CanRecord">Conditional</animation>
			</control>
			<control type="image">
				<left>300</left>
				<top>0</top>
				<width>40</width>
				<height>40</height>
				<texture colordiffuse="red">PVR-IsRecording.png</texture>
				<visible>Player.Recording</visible>
			</control>
		</control>
		<control type="button" id="410">
			<description>Fake button for mouse control</description>
			<right>388</right>
			<bottom>80</bottom>
			<width>384</width>
			<height>375</height>
			<label>-</label>
			<font>-</font>
			<texturenofocus>-</texturenofocus>
			<texturefocus>-</texturefocus>
			<visible>Control.HasFocus(410) | Control.HasFocus(250) | ControlGroup(400).HasFocus</visible>
			<onfocus>Skin.SetBool(SubtitleSection)</onfocus>
			<onunfocus>Skin.Reset(SubtitleSection)</onunfocus>
		</control>
		<control type="grouplist" id="400">
			<visible>![Window.IsVisible(SliderDialog) | Window.IsVisible(OSDVideoSettings) | Window.IsVisible(OSDAudioSettings) | Window.IsVisible(OSDAudioDSPSettings) | Window.IsVisible(VideoBookmarks)]</visible>
			<animation effect="slide" start="0,0" end="0,120" time="0" condition="![VideoPlayer.HasSubtitles + VideoPlayer.SubtitlesEnabled]">Conditional</animation>
			<animation effect="slide" start="0,0" end="0,60" time="0" condition="!VideoPlayer.HasSubtitles">Conditional</animation>
			<animation effect="slide" start="0,0" end="-775,0" time="300" condition="Control.HasFocus(410) | Control.HasFocus(250) | ControlGroup(400).HasFocus">Conditional</animation>
			<right>-375</right>
			<bottom>40</bottom>
			<width>365</width>
			<height>390</height>
			<itemgap>0</itemgap>
			<onleft>400</onleft>
			<onright>400</onright>
			<onup>250</onup>
			<ondown>250</ondown>
			<orientation>vertical</orientation>
			<usecontrolcoords>true</usecontrolcoords>
			<control type="group">
				<description>Header</description>
				<width>365</width>
				<height>80</height>
				<!--background-->
				<control type="image">
					<left>0</left>
					<top>0</top>
					<width>365</width>
					<height>80</height>
					<texture colordiffuse="tertiary">backgrounds/white5.png</texture>
				</control>
				<!--title bg-->
				<control type="image">
					<left>0</left>
					<top>0</top>
					<width>365</width>
					<height>70</height>
					<texture >new_pvr/listselect_fo2.png</texture>
				</control>
				<!--title shadow-->
				<control type="image">
					<left>0</left>
					<top>70</top>
					<width>365</width>
					<height>10</height>
					<texture>homeshadow.png</texture>
					<animation effect="fade" start="100" end="75" time="0" condition="true">Conditional</animation>
				</control>
				<control type="label">
					<left>15</left>
					<top>3</top>
					<width>335</width>
					<height>60</height>
					<font>menu.title</font>
					<label>24012</label>
					<textcolor>white</textcolor>
					<aligny>center</aligny>
				</control>
			</control>
			<!--background-->
			<control type="image" id="701">
				<left>0</left>
				<top>0</top>
				<width>365</width>
				<height>70</height>
				<texture colordiffuse="tertiary">backgrounds/white5.png</texture>
			</control>
			<control type="togglebutton" id="401">
				<description>Download with Subtitles script</description>
				<left>15</left>
				<top>-70</top>
				<width>335</width>
				<include>ButtonCommonValues</include>
				<label>33003</label>
				<onclick>Close</onclick>
				<onclick>Dialog.Close(VideoOSD)</onclick>
				<onclick>ActivateWindow(SubtitleSearch)</onclick>
				<onfocus>Skin.SetBool(SubtitleSection)</onfocus>
				<onunfocus>Skin.Reset(SubtitleSection)</onunfocus>
			</control>
			<!--background-->
			<control type="image" id="702">
				<left>0</left>
				<top>0</top>
				<width>365</width>
				<height>120</height>
				<texture colordiffuse="tertiary">backgrounds/white5.png</texture>
				<visible>VideoPlayer.HasSubtitles + VideoPlayer.SubtitlesEnabled</visible>
			</control>
			<control type="button" id="402">
				<left>15</left>
				<top>-120</top>
				<width>335</width>
				<include>ButtonCommonValues</include>
				<label>22006</label>
				<onclick>SubtitleDelay</onclick>
				<visible>VideoPlayer.HasSubtitles + VideoPlayer.SubtitlesEnabled</visible>
				<onfocus>Skin.SetBool(SubtitleSection)</onfocus>
				<onunfocus>Skin.Reset(SubtitleSection)</onunfocus>
			</control>
			<control type="button" id="403">
				<left>15</left>
				<top>0</top>
				<width>335</width>
				<include>ButtonCommonValues</include>
				<label>209</label>
				<onclick>NextSubtitle</onclick>
				<visible>VideoPlayer.HasSubtitles + VideoPlayer.SubtitlesEnabled</visible>
				<onfocus>Skin.SetBool(SubtitleSection)</onfocus>
				<onunfocus>Skin.Reset(SubtitleSection)</onunfocus>
			</control>
			<!--background-->
			<control type="image" id="704">
				<left>0</left>
				<top>0</top>
				<width>365</width>
				<height>70</height>
				<texture colordiffuse="tertiary">backgrounds/white5.png</texture>
				<visible>VideoPlayer.HasSubtitles</visible>
			</control>
			<control type="radiobutton" id="404">
				<left>15</left>
				<top>-70</top>
				<width>335</width>
				<include>ButtonCommonValues</include>
				<label>449</label>
				<onclick>ShowSubtitles</onclick>
				<selected>VideoPlayer.SubtitlesEnabled</selected>
				<visible>VideoPlayer.HasSubtitles</visible>
				<onfocus>Skin.SetBool(SubtitleSection)</onfocus>
				<onunfocus>Skin.Reset(SubtitleSection)</onunfocus>
			</control>
		</control>
		<!-- STEREOSCOPIC 3D !LiveTV -->
		<control type="button" id="520">
			<description>Fake button for mouse control</description>
			<right>388</right>
			<bottom>83</bottom>
			<width>384</width>
			<height>340</height>
			<label>-</label>
			<font>-</font>
			<texturenofocus>-</texturenofocus>
			<texturefocus>-</texturefocus>
			<visible>Control.HasFocus(520) | Control.HasFocus(255) | ControlGroup(500).HasFocus</visible>
			<onfocus>Skin.SetBool(SubtitleSection)</onfocus>
			<onunfocus>Skin.Reset(SubtitleSection)</onunfocus>
		</control>
		<control type="grouplist" id="500">
			<visible>VideoPlayer.IsStereoscopic + ![Window.IsVisible(SliderDialog) | Window.IsVisible(OSDVideoSettings) | Window.IsVisible(OSDAudioSettings) | Window.IsVisible(OSDAudioDSPSettings) | Window.IsVisible(VideoBookmarks)]</visible>
			<animation effect="slide" start="0,0" end="-775,0" time="300" condition="Control.HasFocus(255) | ControlGroup(500).HasFocus | Control.HasFocus(520)">Conditional</animation>
			<right>-375</right>
			<bottom>40</bottom>
			<width>365</width>
			<height>330</height>
			<itemgap>0</itemgap>
			<onleft>500</onleft>
			<onright>500</onright>
			<onup>255</onup>
			<ondown>255</ondown>
			<orientation>vertical</orientation>
			<usecontrolcoords>true</usecontrolcoords>
			<control type="group">
				<description>Header</description>
				<width>365</width>
				<height>80</height>
				<!--background-->
				<control type="image">
					<left>0</left>
					<top>0</top>
					<width>365</width>
					<height>80</height>
					<texture colordiffuse="tertiary">backgrounds/white5.png</texture>
				</control>
				<!--title bg-->
				<control type="image">
					<left>0</left>
					<top>0</top>
					<width>365</width>
					<height>70</height>
					<texture >backgrounds/white5.png</texture>
				</control>
				<!--title shadow-->
				<control type="image">
					<left>0</left>
					<top>70</top>
					<width>365</width>
					<height>10</height>
					<texture>homeshadow.png</texture>
					<animation effect="fade" start="100" end="75" time="0" condition="true">Conditional</animation>
				</control>
				<control type="label">
					<left>15</left>
					<top>3</top>
					<width>335</width>
					<height>60</height>
					<label>36501</label>
					<textcolor>blue</textcolor>
					<aligny>center</aligny>
				</control>
			</control>
			<!--background-->
			<control type="image" id="711">
				<left>0</left>
				<top>0</top>
				<width>365</width>
				<height>70</height>
				<texture colordiffuse="tertiary">backgrounds/white5.png</texture>
			</control>
			<control type="radiobutton" id="503">
				<left>15</left>
				<top>-70</top>
				<width>335</width>
				<include>ButtonCommonValues</include>
				<label>31362</label>
				<onclick>ToggleStereoMode</onclick>
				<selected>Integer.IsGreater(System.StereoscopicMode,0)</selected>
				<onfocus>Skin.SetBool(SubtitleSection)</onfocus>
				<onunfocus>Skin.Reset(SubtitleSection)</onunfocus>
			</control>
			<!--background-->
			<control type="image" id="712">
				<left>0</left>
				<top>0</top>
				<width>365</width>
				<height>70</height>
				<texture colordiffuse="tertiary">backgrounds/white5.png</texture>
			</control>
			<control type="button" id="502">
				<left>15</left>
				<top>-70</top>
				<width>335</width>
				<include>ButtonCommonValues</include>
				<label>31361</label>
				<onclick>StereoMode</onclick>
				<onfocus>Skin.SetBool(SubtitleSection)</onfocus>
				<onunfocus>Skin.Reset(SubtitleSection)</onunfocus>
			</control>
			<!--background-->
			<control type="image" id="713">
				<left>0</left>
				<top>0</top>
				<width>365</width>
				<height>70</height>
				<texture colordiffuse="tertiary">backgrounds/white5.png</texture>
			</control>
			<control type="radiobutton" id="501">
				<left>15</left>
				<top>-70</top>
				<width>335</width>
				<include>ButtonCommonValues</include>
				<label>31360</label>
				<onclick>StereoModeToMono</onclick>
				<selected>String.IsEqual(System.StereoscopicMode,7)</selected>
				<onfocus>Skin.SetBool(SubtitleSection)</onfocus>
				<onunfocus>Skin.Reset(SubtitleSection)</onunfocus>
			</control>
		</control>
		<!-- STEREOSCOPIC 3D LiveTV -->
		<control type="button" id="570">
			<description>Fake button for mouse control</description>
			<right>388</right>
			<bottom>83</bottom>
			<width>384</width>
			<height>340</height>
			<label>-</label>
			<font>-</font>
			<texturenofocus>-</texturenofocus>
			<texturefocus>-</texturefocus>
			<visible>Control.HasFocus(570) | Control.HasFocus(354) | ControlGroup(550).HasFocus</visible>
			<onfocus>Skin.SetBool(SubtitleSection)</onfocus>
			<onunfocus>Skin.Reset(SubtitleSection)</onunfocus>
		</control>
		<control type="grouplist" id="550">
			<visible>VideoPlayer.IsStereoscopic + ![Window.IsVisible(SliderDialog) | Window.IsVisible(OSDVideoSettings) | Window.IsVisible(OSDAudioSettings) | Window.IsVisible(OSDAudioDSPSettings) | Window.IsVisible(VideoBookmarks) | Window.IsVisible(PVROSDChannels) | Window.IsVisible(PVROSDGuide)]</visible>
			<animation effect="slide" start="0,0" end="-775,0" time="300" condition="Control.HasFocus(354) | ControlGroup(550).HasFocus | Control.HasFocus(570)">Conditional</animation>
			<right>-375</right>
			<bottom>40</bottom>
			<width>365</width>
			<height>330</height>
			<itemgap>0</itemgap>
			<onleft>550</onleft>
			<onright>550</onright>
			<onup>354</onup>
			<ondown>354</ondown>
			<orientation>vertical</orientation>
			<usecontrolcoords>true</usecontrolcoords>
			<control type="group">
				<description>Header</description>
				<width>365</width>
				<height>80</height>
				<!--background-->
				<control type="image">
					<left>0</left>
					<top>0</top>
					<width>365</width>
					<height>80</height>
					<texture colordiffuse="tertiary">backgrounds/white5.png</texture>
				</control>
				<!--title bg-->
				<control type="image">
					<left>0</left>
					<top>0</top>
					<width>365</width>
					<height>70</height>
					<texture >backgrounds/white5.png</texture>
				</control>
				<!--title shadow-->
				<control type="image">
					<left>0</left>
					<top>70</top>
					<width>365</width>
					<height>10</height>
					<texture>homeshadow.png</texture>
					<animation effect="fade" start="100" end="75" time="0" condition="true">Conditional</animation>
				</control>
				<control type="label">
					<left>15</left>
					<top>3</top>
					<width>335</width>
					<height>60</height>
					<label>36501</label>
					<textcolor>blue</textcolor>
					<aligny>center</aligny>
				</control>
			</control>
			<!--background-->
			<control type="image" id="715">
				<left>0</left>
				<top>0</top>
				<width>365</width>
				<height>70</height>
				<texture colordiffuse="tertiary">backgrounds/white5.png</texture>
			</control>
			<control type="radiobutton" id="553">
				<left>15</left>
				<top>-70</top>
				<width>335</width>
				<include>ButtonCommonValues</include>
				<label>31362</label>
				<onclick>ToggleStereoMode</onclick>
				<selected>Integer.IsGreater(System.StereoscopicMode,0)</selected>
				<onfocus>Skin.SetBool(SubtitleSection)</onfocus>
				<onunfocus>Skin.Reset(SubtitleSection)</onunfocus>
			</control>
			<!--background-->
			<control type="image" id="716">
				<left>0</left>
				<top>0</top>
				<width>365</width>
				<height>70</height>
				<texture colordiffuse="tertiary">backgrounds/white5.png</texture>
			</control>
			<control type="button" id="552">
				<left>15</left>
				<top>-70</top>
				<width>335</width>
				<include>ButtonCommonValues</include>
				<label>31361</label>
				<onclick>StereoMode</onclick>
				<onfocus>Skin.SetBool(SubtitleSection)</onfocus>
				<onunfocus>Skin.Reset(SubtitleSection)</onunfocus>
			</control>
			<!--background-->
			<control type="image" id="717">
				<left>0</left>
				<top>0</top>
				<width>365</width>
				<height>70</height>
				<texture colordiffuse="tertiary">backgrounds/white5.png</texture>
			</control>
			<control type="radiobutton" id="551">
				<left>15</left>
				<top>-70</top>
				<width>335</width>
				<include>ButtonCommonValues</include>
				<label>31360</label>
				<onclick>StereoModeToMono</onclick>
				<selected>String.IsEqual(System.StereoscopicMode,7)</selected>
				<onfocus>Skin.SetBool(SubtitleSection)</onfocus>
				<onunfocus>Skin.Reset(SubtitleSection)</onunfocus>
			</control>
		</control>
	</controls>
</window>