<?xml version="1.0" encoding="UTF-8"?>
<includes>
	<include name="CommonRootView">
		<!--all content-->
		<control type="group">
			<visible>Control.IsVisible(50)</visible>
			<include>VisibleFadeEffect</include>
			<!--content list-->
			<control type="list" id="50">
				<left>220</left>
				<top>200</top>
				<width>1004</width>
				<height>700</height>
				<onleft>2</onleft>
				<onright>60</onright>
				<onup>50</onup>
				<ondown>50</ondown>
				<viewtype label="535">list</viewtype>
				<pagecontrol>60</pagecontrol>
				<scrolltime>200</scrolltime>
				<itemlayout height="70" width="1004">
					<!--background-->
					<control type="image">
						<left>4</left>
						<top>0</top>
						<width>1000</width>
						<height>60</height>
						<texture >backgrounds/white5.png</texture>
					</control>
					<!--main label-->
					<control type="label">
						<left>19</left>
						<top>0</top>
						<width>990</width>
						<height>60</height>
						<font>label</font>
						<textcolor>white</textcolor>
						<selectedcolor>snow</selectedcolor>
						<align>left</align>
						<aligny>center</aligny>
						<label>$INFO[ListItem.Label]</label>
					</control>
					<!--secondary label (non videos)-->
					<control type="label">
						<left>385</left>
						<top>0</top>
						<width>600</width>
						<height>60</height>
						<font>secondary.info</font>
						<textcolor>white</textcolor>
						<selectedcolor>snow</selectedcolor>
						<align>right</align>
						<aligny>center</aligny>
						<label>$INFO[ListItem.Label2]</label>
						<visible>!Window.IsVisible(Videos)</visible>
					</control>
					<!--secondary label (videos)-->
					<control type="label">
						<left>319</left>
						<top>0</top>
						<width>600</width>
						<height>60</height>
						<font>secondary.info</font>
						<textcolor>white</textcolor>
						<selectedcolor>snow</selectedcolor>
						<align>right</align>
						<aligny>center</aligny>
						<label>$INFO[ListItem.Label2]</label>
						<visible>Window.IsVisible(Videos)</visible>
						<animation effect="slide" start="0,0" end="41,0" delay="0" time="0" condition="![Container.Content(Movies) | Container.Content(Episodes) | Container.Content(MusicVideos)]">conditional</animation>
					</control>
					<!--hd/sd flag-->
					<control type="image">
						<left>918</left>
						<top>10</top>
						<width>56</width>
						<height>40</height>
						<texture>$INFO[ListItem.VideoResolution,flagging/lists/,.png]</texture>
						<visible>Window.IsVisible(Videos) + [Container.Content(Movies) | Container.Content(Episodes) | Container.Content(MusicVideos)]</visible>
						<visible>!ListItem.IsStereoscopic</visible>
					</control>
					<!--3d flag-->
					<control type="image">
						<left>918</left>
						<top>20</top>
						<width>56</width>
						<height>40</height>
						<texture>flagging/lists/3D.png</texture>
						<visible>Window.IsVisible(Videos) + [Container.Content(Movies) | Container.Content(Episodes) | Container.Content(MusicVideos)]</visible>
						<visible>ListItem.IsStereoscopic</visible>
					</control>
					<!--watched icon-->
					<control type="image">
						<left>959</left>
						<top>10</top>
						<width>45</width>
						<height>40</height>
						<texture colordiffuse="white">$INFO[ListItem.Overlay]</texture>
						<visible>Window.IsVisible(Videos) + !ListItem.IsResumable</visible>
					</control>
					<!--resumable icon-->
					<control type="image">
						<left>959</left>
						<top>10</top>
						<width>45</width>
						<height>40</height>
						<texture colordiffuse="white">OverlayWatching.png</texture>
						<visible>Window.IsVisible(Videos) + ListItem.IsResumable</visible>
					</control>
				</itemlayout>
				<focusedlayout height="70" width="1004">
					<!--background-->
					<control type="image">
						<left>4</left>
						<top>0</top>
						<width>1000</width>
						<height>60</height>
						<texture colordiffuse="tertiary">backgrounds/white.png</texture>
						<animation effect="fade" start="100" end="75" time="200" condition="Control.HasFocus(60)">Conditional</animation>
					</control>
					<!--background strip-->
					<control type="image">
						<left>0</left>
						<top>0</top>
						<width>4</width>
						<height>60</height>
						<texture >backgrounds/white.png</texture>
						<animation effect="fade" start="100" end="75" time="200" condition="Control.HasFocus(60)">Conditional</animation>
					</control>
					<!--main label-->
					<control type="label">
						<left>19</left>
						<top>0</top>
						<width>990</width>
						<height>60</height>
						<font>label</font>
						<textcolor>text.primary</textcolor>
						<selectedcolor>snow</selectedcolor>
						<align>left</align>
						<aligny>center</aligny>
						<label>$INFO[ListItem.Label]</label>
					</control>
					<!--secondary label (non videos)-->
					<control type="label">
						<left>385</left>
						<top>0</top>
						<width>600</width>
						<height>60</height>
						<font>secondary.info</font>
						<textcolor>text.primary</textcolor>
						<selectedcolor>snow</selectedcolor>
						<align>right</align>
						<aligny>center</aligny>
						<label>$INFO[ListItem.Label2]</label>
						<visible>!Window.IsVisible(Videos)</visible>
					</control>
					<!--secondary label (videos)-->
					<control type="label">
						<left>319</left>
						<top>0</top>
						<width>600</width>
						<height>60</height>
						<font>secondary.info</font>
						<textcolor>text.primary</textcolor>
						<selectedcolor>snow</selectedcolor>
						<align>right</align>
						<aligny>center</aligny>
						<label>$INFO[ListItem.Label2]</label>
						<visible>Window.IsVisible(Videos)</visible>
						<animation effect="slide" start="0,0" end="41,0" delay="0" time="0" condition="![Container.Content(Movies) | Container.Content(Episodes) | Container.Content(MusicVideos)]">conditional</animation>
					</control>
					<!--hd/sd flag-->
					<control type="image">
						<left>918</left>
						<top>10</top>
						<width>56</width>
						<height>40</height>
						<texture>$INFO[ListItem.VideoResolution,flagging/lists/,.png]</texture>
						<visible>Window.IsVisible(Videos) + [Container.Content(Movies) | Container.Content(Episodes) | Container.Content(MusicVideos)]</visible>
						<visible>!ListItem.IsStereoscopic</visible>
					</control>
					<!--3d flag-->
					<control type="image">
						<left>918</left>
						<top>20</top>
						<width>56</width>
						<height>40</height>
						<texture>flagging/lists/3D.png</texture>
						<visible>Window.IsVisible(Videos) + [Container.Content(Movies) | Container.Content(Episodes) | Container.Content(MusicVideos)]</visible>
						<visible>ListItem.IsStereoscopic</visible>
					</control>
					<!--watched icon-->
					<control type="image">
						<left>959</left>
						<top>10</top>
						<width>45</width>
						<height>40</height>
						<texture >$INFO[ListItem.Overlay]</texture>
						<visible>Window.IsVisible(Videos) + !ListItem.IsResumable</visible>
					</control>
					<!--resumable icon-->
					<control type="image">
						<left>959</left>
						<top>10</top>
						<width>45</width>
						<height>40</height>
						<texture >OverlayWatching.png</texture>
						<visible>Window.IsVisible(Videos) + ListItem.IsResumable</visible>
					</control>
				</focusedlayout>
			</control>
			<!--thumb (fallback)-->
			<control type="image">
				<left>1241</left>
				<top>190</top>
				<width>480</width>
				<height>710</height>
				<aspectratio aligny="top">keep</aspectratio>
				<texture  background="true">$VAR[PosterThumb]</texture>
				<bordertexture>backgrounds/poster shadow fb.png</bordertexture>
				<bordersize>10</bordersize>
				<visible>String.Contains(ListItem.Icon,default)</visible>
			</control>
			<!--thumb (no fallback)-->
			<control type="image">
				<left>1241</left>
				<top>190</top>
				<width>480</width>
				<height>710</height>
				<aspectratio aligny="top">keep</aspectratio>
				<texture background="true">$VAR[PosterThumb]</texture>
				<bordertexture>backgrounds/poster shadow.png</bordertexture>
				<bordersize>10</bordersize>
				<visible>!String.Contains(ListItem.Icon,default)</visible>
				<visible>!Container.Content(Episodes)</visible>
			</control>
			<!--thumb (no fallback)-->
			<control type="image">
				<left>1241</left>
				<top>190</top>
				<width>480</width>
				<height>710</height>
				<aspectratio aligny="top">keep</aspectratio>
				<texture background="true">$VAR[PosterThumb]</texture>
				<bordertexture>backgrounds/episode shadow.png</bordertexture>
				<bordersize>10</bordersize>
				<visible>!String.Contains(ListItem.Icon,default)</visible>
				<visible>Container.Content(Episodes)</visible>
			</control>
			<!--scrollbar-->
			<control type="scrollbar" id="60">
				<left>1234</left>
				<top>200</top>
				<onleft>50</onleft>
				<onright>2</onright>
				<orientation>vertical</orientation>
			</control>
		</control>
	</include>
	<include name="ThumbnailView">
		<!--all content-->
		<control type="group">
			<visible>Control.IsVisible(500)</visible>
			<include>VisibleFadeEffect</include>
			<!--content list-->
			<control type="panel" id="500">
				<left>130</left>
				<top>195</top>
				<width>1800</width>
				<height>700</height>
				<onleft>2</onleft>
				<onright>60</onright>
				<onup>500</onup>
				<ondown>500</ondown>
				<viewtype label="21371">list</viewtype>
				<pagecontrol>60</pagecontrol>
				<scrolltime>200</scrolltime>
				<preloaditems>2</preloaditems>
				<itemlayout condition="!Container.Content(Movies) + !Container.Content(Seasons) + !Container.Content(TVShows) + !Container.Content(Sets)" height="233" width="233">
					<!--background (fallback)-->
					<control type="image">
						<left>0</left>
						<top>0</top>
						<width>233</width>
						<height>233</height>
						<texture background="true" colordiffuse="tertiary">backgrounds/white5.png</texture>
						<bordersize>5</bordersize>
						<bordertexture >backgrounds/square shadow small.png</bordertexture>
						<visible>String.Contains(ListItem.Icon,Default)</visible>
					</control>
					<!--background (no fallback)-->
					<control type="image">
						<left>0</left>
						<top>0</top>
						<width>233</width>
						<height>233</height>
						<texture background="true" >backgrounds/white.png</texture>
						<bordersize>5</bordersize>
						<bordertexture >backgrounds/square shadow small.png</bordertexture>
						<visible>!String.Contains(ListItem.Icon,Default)</visible>
					</control>
					<!--icon (fallback)-->
					<control type="image">
						<left>5</left>
						<top>5</top>
						<width>223</width>
						<height>223</height>
						<aspectratio>scale</aspectratio>
						<texture  background="true">$INFO[Listitem.Icon]</texture>
						<visible>!Container.Content(Episodes)</visible>
						<visible>String.Contains(ListItem.Icon,Default)</visible>
					</control>
					<!--icon (no fallback)-->
					<control type="image">
						<left>5</left>
						<top>5</top>
						<width>223</width>
						<height>223</height>
						<aspectratio>scale</aspectratio>
						<texture background="true">$INFO[Listitem.Icon]</texture>
						<visible>!Container.Content(Episodes)</visible>
						<visible>!String.Contains(ListItem.Icon,Default)</visible>
					</control>
					<!--episode thumb (fallback)-->
					<control type="image">
						<left>5</left>
						<top>5</top>
						<width>223</width>
						<height>223</height>
						<aspectratio>keep</aspectratio>
						<texture  background="true">$INFO[Listitem.Icon]</texture>
						<visible>Container.Content(Episodes)</visible>
						<visible>String.Contains(ListItem.Icon,Default)</visible>
					</control>
					<!--episode thumb (no fallback)-->
					<control type="image">
						<left>5</left>
						<top>5</top>
						<width>223</width>
						<height>223</height>
						<aspectratio>keep</aspectratio>
						<texture background="true">$INFO[Listitem.Icon]</texture>
						<visible>Container.Content(Episodes)</visible>
						<visible>!String.Contains(ListItem.Icon,Default)</visible>
					</control>
					<!--overlay background-->
					<control type="image">
						<left>5</left>
						<top>5</top>
						<width>35</width>
						<height>35</height>
						<texture >backgrounds/white.png</texture>
						<visible>String.IsEqual(ListItem.Overlay,OverlayWatched.png) | ListItem.IsResumable</visible>
					</control>
					<!--watched icon-->
					<control type="image">
						<left>5</left>
						<top>7</top>
						<width>34</width>
						<height>30</height>
						<texture colordiffuse="white">$INFO[ListItem.Overlay]</texture>
						<visible>Window.IsVisible(Videos) + !ListItem.IsResumable</visible>
					</control>
					<!--resumable icon-->
					<control type="image">
						<left>5</left>
						<top>7</top>
						<width>34</width>
						<height>30</height>
						<texture colordiffuse="white">OverlayWatching.png</texture>
						<visible>Window.IsVisible(Videos) + ListItem.IsResumable</visible>
					</control>
				</itemlayout>
				<focusedlayout condition="!Container.Content(Movies) + !Container.Content(Seasons) + !Container.Content(TVShows) + !Container.Content(Sets)" height="233" width="233">
					<!--background (fallback)-->
					<control type="image">
						<left>0</left>
						<top>0</top>
						<width>233</width>
						<height>233</height>
						<texture background="true" colordiffuse="tertiary2">backgrounds/white.png</texture>
						<bordersize>5</bordersize>
						<bordertexture >backgrounds/white.png</bordertexture>
						<visible>String.Contains(ListItem.Icon,Default)</visible>
					</control>
					<!--background (no fallback)-->
					<control type="image">
						<left>0</left>
						<top>0</top>
						<width>233</width>
						<height>233</height>
						<texture background="true" >backgrounds/white.png</texture>
						<bordersize>5</bordersize>
						<bordertexture >backgrounds/white.png</bordertexture>
						<visible>!String.Contains(ListItem.Icon,Default)</visible>
					</control>
					<!--icon (fallback)-->
					<control type="image">
						<left>5</left>
						<top>5</top>
						<width>223</width>
						<height>223</height>
						<aspectratio>scale</aspectratio>
						<texture  background="true">$INFO[Listitem.Icon]</texture>
						<visible>!Container.Content(Episodes)</visible>
						<visible>String.Contains(ListItem.Icon,Default)</visible>
					</control>
					<!--icon (no fallback)-->
					<control type="image">
						<left>5</left>
						<top>5</top>
						<width>223</width>
						<height>223</height>
						<aspectratio>scale</aspectratio>
						<texture background="true">$INFO[Listitem.Icon]</texture>
						<visible>!Container.Content(Episodes)</visible>
						<visible>!String.Contains(ListItem.Icon,Default)</visible>
					</control>
					<!--episode thumb (fallback)-->
					<control type="image">
						<left>5</left>
						<top>5</top>
						<width>223</width>
						<height>223</height>
						<aspectratio>keep</aspectratio>
						<texture  background="true">$INFO[Listitem.Icon]</texture>
						<visible>Container.Content(Episodes)</visible>
						<visible>String.Contains(ListItem.Icon,Default)</visible>
					</control>
					<!--episode thumb (no fallback)-->
					<control type="image">
						<left>5</left>
						<top>5</top>
						<width>223</width>
						<height>223</height>
						<aspectratio>keep</aspectratio>
						<texture background="true">$INFO[Listitem.Icon]</texture>
						<visible>Container.Content(Episodes)</visible>
						<visible>!String.Contains(ListItem.Icon,Default)</visible>
					</control>
					<!--label background-->
					<control type="image">
						<left>5</left>
						<top>148</top>
						<width>197</width>
						<height>80</height>
						<texture colordiffuse="tertiary">backgrounds/white.png</texture>
					</control>
					<!--main label-->
					<control type="textbox">
						<left>20</left>
						<top>155</top>
						<width>167</width>
						<height>63</height>
						<font>secondary.info.big</font>
						<textcolor>text.primary</textcolor>
						<selectedcolor>snow</selectedcolor>
						<align>left</align>
						<label>$INFO[ListItem.Label]</label>
						<autoscroll time="2000" delay="2000" repeat="2000" />
					</control>
					<!--overlay background-->
					<control type="image">
						<left>5</left>
						<top>5</top>
						<width>35</width>
						<height>35</height>
						<texture colordiffuse="tertiary">backgrounds/white.png</texture>
						<visible>String.IsEqual(ListItem.Overlay,OverlayWatched.png) | ListItem.IsResumable</visible>
					</control>
					<!--watched icon-->
					<control type="image">
						<left>5</left>
						<top>7</top>
						<width>34</width>
						<height>30</height>
						<texture >$INFO[ListItem.Overlay]</texture>
						<visible>Window.IsVisible(Videos) + !ListItem.IsResumable</visible>
					</control>
					<!--resumable icon-->
					<control type="image">
						<left>5</left>
						<top>7</top>
						<width>34</width>
						<height>30</height>
						<texture >OverlayWatching.png</texture>
						<visible>Window.IsVisible(Videos) + ListItem.IsResumable</visible>
					</control>
				</focusedlayout>
				<itemlayout condition="Container.Content(Movies) | Container.Content(Seasons) | Container.Content(TVShows) | Container.Content(Sets)" height="350" width="237">
					<!--thumb bg (for fallback)-->
					<control type="image">
						<left>0</left>
						<top>0</top>
						<width>237</width>
						<height>350</height>
						<texture colordiffuse="tertiary" background="true">backgrounds/white.png</texture>
						<visible>String.Contains(ListItem.Icon,Default)</visible>
						<bordersize>5</bordersize>
						<bordertexture>backgrounds/poster shadow small.png</bordertexture>
					</control>
					<!--thumb (fallback)-->
					<control type="image">
						<left>5</left>
						<top>5</top>
						<width>227</width>
						<height>340</height>
						<aspectratio>keep</aspectratio>
						<texture  background="true">$VAR[PosterThumb]</texture>
						<visible>String.Contains(ListItem.Icon,Default)</visible>
					</control>
					<!--thumb (not fallback)-->
					<control type="image">
						<left>0</left>
						<top>0</top>
						<width>237</width>
						<height>350</height>
						<aspectratio>stretch</aspectratio>
						<texture background="true">$VAR[PosterThumb]</texture>
						<bordersize>5</bordersize>
						<bordertexture>backgrounds/poster shadow small.png</bordertexture>
						<visible>!String.Contains(ListItem.Icon,Default)</visible>
					</control>
					<!--overlay background-->
					<control type="image">
						<left>5</left>
						<top>5</top>
						<width>35</width>
						<height>35</height>
						<texture >backgrounds/white.png</texture>
						<visible>String.IsEqual(ListItem.Overlay,OverlayWatched.png) | ListItem.IsResumable</visible>
					</control>
					<!--watched icon-->
					<control type="image">
						<left>5</left>
						<top>7</top>
						<width>34</width>
						<height>30</height>
						<texture colordiffuse="white">$INFO[ListItem.Overlay]</texture>
						<visible>Window.IsVisible(Videos) + !ListItem.IsResumable</visible>
					</control>
					<!--resumable icon-->
					<control type="image">
						<left>5</left>
						<top>7</top>
						<width>34</width>
						<height>30</height>
						<texture colordiffuse="white">OverlayWatching.png</texture>
						<visible>Window.IsVisible(Videos) + ListItem.IsResumable</visible>
					</control>
				</itemlayout>
				<focusedlayout condition="Container.Content(Movies) | Container.Content(Seasons) | Container.Content(TVShows) | Container.Content(Sets)" height="350" width="237">
					<!--thumb bg (for fallback)-->
					<control type="image">
						<left>0</left>
						<top>0</top>
						<width>237</width>
						<height>350</height>
						<texture colordiffuse="tertiary2" background="true">backgrounds/white.png</texture>
						<visible>String.Contains(ListItem.Icon,Default)</visible>
						<bordersize>5</bordersize>
						<bordertexture >backgrounds/white.png</bordertexture>
					</control>
					<!--thumb (fallback)-->
					<control type="image">
						<left>5</left>
						<top>5</top>
						<width>227</width>
						<height>340</height>
						<aspectratio>keep</aspectratio>
						<texture  background="true">$VAR[PosterThumb]</texture>
						<visible>String.Contains(ListItem.Icon,Default)</visible>
					</control>
					<!--thumb (not fallback)-->
					<control type="image">
						<left>0</left>
						<top>0</top>
						<width>237</width>
						<height>350</height>
						<aspectratio>stretch</aspectratio>
						<texture background="true">$VAR[PosterThumb]</texture>
						<bordersize>5</bordersize>
						<bordertexture >backgrounds/white.png</bordertexture>
						<visible>!String.Contains(ListItem.Icon,Default)</visible>
					</control>
					<!--label background-->
					<control type="image">
						<left>5</left>
						<top>265</top>
						<width>207</width>
						<height>80</height>
						<texture colordiffuse="tertiary">backgrounds/white.png</texture>
					</control>
					<!--main label-->
					<control type="textbox">
						<left>20</left>
						<top>272</top>
						<width>177</width>
						<height>63</height>
						<font>secondary.info.big</font>
						<textcolor>text.primary</textcolor>
						<selectedcolor>primary</selectedcolor>
						<align>left</align>
						<label>$INFO[ListItem.Label]</label>
						<autoscroll time="2000" delay="2000" repeat="2000" />
					</control>
					<!--overlay background-->
					<control type="image">
						<left>5</left>
						<top>5</top>
						<width>35</width>
						<height>35</height>
						<texture colordiffuse="tertiary">backgrounds/white.png</texture>
						<visible>String.IsEqual(ListItem.Overlay,OverlayWatched.png) | ListItem.IsResumable</visible>
					</control>
					<!--watched icon-->
					<control type="image">
						<left>5</left>
						<top>7</top>
						<width>34</width>
						<height>30</height>
						<texture >$INFO[ListItem.Overlay]</texture>
						<visible>Window.IsVisible(Videos) + !ListItem.IsResumable</visible>
					</control>
					<!--resumable icon-->
					<control type="image">
						<left>5</left>
						<top>7</top>
						<width>34</width>
						<height>30</height>
						<texture >OverlayWatching.png</texture>
						<visible>Window.IsVisible(Videos) + ListItem.IsResumable</visible>
					</control>
				</focusedlayout>
			</control>
			<!--scrollbar-->
			<control type="scrollbar" id="60">
				<left>1794</left>
				<top>200</top>
				<onleft>500</onleft>
				<onright>2</onright>
				<orientation>vertical</orientation>
			</control>
		</control>
	</include>
	<include name="WideIconView">
		<control type="group">
			<visible>Control.IsVisible(505)</visible>
			<include>VisibleFadeEffect</include>
			<control type="panel" id="505">
				<visible>Container.Content(TVShows)</visible>
				<centerleft>50%</centerleft>
				<top>195</top>
				<width>1220</width>
				<height>700</height>
				<onleft>2</onleft>
				<onright>60</onright>
				<onup>505</onup>
				<ondown>505</ondown>
				<viewtype label="$LOCALIZE[539]">list</viewtype>
				<pagecontrol>60</pagecontrol>
				<scrolltime>200</scrolltime>
				<preloaditems>2</preloaditems>
				<itemlayout height="116" width="610">
					<!--bg (fallback)-->
					<control type="image">
						<left>0</left>
						<top>0</top>
						<width>610</width>
						<height>117</height>
						<aspectratio>stretch</aspectratio>
						<texture colordiffuse="tertiary" background="true">backgrounds/white.png</texture>
						<visible>String.Contains(ListItem.Icon,Default)</visible>
						<bordersize>5</bordersize>
						<bordertexture>backgrounds/banner shadow.png</bordertexture>
					</control>
					<!--banner (fallback)-->
					<control type="image">
						<left>3</left>
						<top>3</top>
						<width>604</width>
						<height>111</height>
						<aspectratio>keep</aspectratio>
						<texture background="true">$VAR[PosterThumb]</texture>
						<visible>String.Contains(ListItem.Icon,Default)</visible>
						<bordersize>2</bordersize>
						<bordertexture colordiffuse="tertiary">backgrounds/white.png</bordertexture>
					</control>
					<!--banner (no fallback)-->
					<control type="image">
						<left>0</left>
						<top>0</top>
						<width>610</width>
						<height>117</height>
						<texture background="true">$VAR[BannerThumb]</texture>
						<aspectratio>stretch</aspectratio>
						<visible>!String.Contains(ListItem.Icon,Default)</visible>
						<bordersize>5</bordersize>
						<bordertexture>backgrounds/banner shadow.png</bordertexture>
					</control>
					<!--overlay background-->
					<control type="image">
						<left>5</left>
						<top>5</top>
						<width>35</width>
						<height>35</height>
						<texture >backgrounds/white.png</texture>
						<visible>String.IsEqual(ListItem.Overlay,OverlayWatched.png) | ListItem.IsResumable</visible>
					</control>
					<!--watched icon-->
					<control type="image">
						<left>5</left>
						<top>7</top>
						<width>34</width>
						<height>30</height>
						<texture colordiffuse="white">$INFO[ListItem.Overlay]</texture>
						<visible>Window.IsVisible(Videos) + !ListItem.IsResumable</visible>
					</control>
				</itemlayout>
				<focusedlayout height="116" width="610">
					<!--bg (fallback)-->
					<control type="image">
						<left>0</left>
						<top>0</top>
						<width>610</width>
						<height>117</height>
						<aspectratio>stretch</aspectratio>
						<texture colordiffuse="tertiary" background="true">backgrounds/white.png</texture>
						<visible>String.Contains(ListItem.Icon,Default)</visible>
						<bordersize>5</bordersize>
						<bordertexture >backgrounds/white.png</bordertexture>
					</control>
					<!--banner (fallback)-->
					<control type="image">
						<left>3</left>
						<top>3</top>
						<width>604</width>
						<height>111</height>
						<aspectratio>keep</aspectratio>
						<texture  background="true">$VAR[PosterThumb]</texture>
						<visible>String.Contains(ListItem.Icon,Default)</visible>
						<bordersize>2</bordersize>
						<bordertexture colordiffuse="tertiary">backgrounds/white.png</bordertexture>
					</control>
					<!--banner (no fallback)-->
					<control type="image">
						<left>0</left>
						<top>0</top>
						<width>610</width>
						<height>117</height>
						<texture background="true">$VAR[BannerThumb]</texture>
						<aspectratio>stretch</aspectratio>
						<visible>!String.Contains(ListItem.Icon,Default)</visible>
						<bordersize>5</bordersize>
						<bordertexture >backgrounds/white.png</bordertexture>
					</control>
					<!--overlay background-->
					<control type="image">
						<left>5</left>
						<top>5</top>
						<width>35</width>
						<height>35</height>
						<texture colordiffuse="tertiary">backgrounds/white.png</texture>
						<visible>String.IsEqual(ListItem.Overlay,OverlayWatched.png) | ListItem.IsResumable</visible>
					</control>
					<!--watched icon-->
					<control type="image">
						<left>5</left>
						<top>7</top>
						<width>34</width>
						<height>30</height>
						<texture >$INFO[ListItem.Overlay]</texture>
						<visible>Window.IsVisible(Videos) + !ListItem.IsResumable</visible>
					</control>
				</focusedlayout>
			</control>
			<!--scrollbar-->
			<control type="scrollbar" id="60">
				<left>1575</left>
				<top>200</top>
				<onleft>505</onleft>
				<onright>2</onright>
				<orientation>vertical</orientation>
			</control>
		</control>
	</include>
	<include name="FullWidthList">
		<!--all content-->
		<control type="group">
			<visible>Control.IsVisible(51)</visible>
			<include>VisibleFadeEffect</include>
			<!--content list-->
			<control type="list" id="51">
				<left>220</left>
				<top>200</top>
				<width>1474</width>
				<height>700</height>
				<onleft>2</onleft>
				<onright>60</onright>
				<onup>51</onup>
				<ondown>51</ondown>
				<viewtype label="537">list</viewtype>
				<pagecontrol>60</pagecontrol>
				<scrolltime>200</scrolltime>
				<itemlayout height="70" width="1474">
					<!--background-->
					<control type="image">
						<left>4</left>
						<top>0</top>
						<width>1470</width>
						<height>60</height>
						<texture >backgrounds/white5.png</texture>
					</control>
					<!--thumb (fallback)-->
					<control type="image">
						<left>11</left>
						<top>7</top>
						<width>46</width>
						<height>46</height>
						<texture colordiffuse="white">$INFO[ListItem.Icon,default small/,]</texture>
						<aspectratio align="center" aligny="center">keep</aspectratio>
						<visible>String.Contains(ListItem.Icon,default)</visible>
					</control>
					<!--thumb (no fallback)-->
					<control type="image">
						<left>6</left>
						<top>2</top>
						<width>56</width>
						<height>56</height>
						<texture>$INFO[ListItem.Icon]</texture>
						<aspectratio align="center" aligny="center">keep</aspectratio>
						<visible>!String.Contains(ListItem.Icon,default)</visible>
					</control>
					<!--main label-->
					<control type="label">
						<left>65</left>
						<top>0</top>
						<width>1414</width>
						<height>60</height>
						<font>label</font>
						<textcolor>white</textcolor>
						<selectedcolor>snow</selectedcolor>
						<align>left</align>
						<aligny>center</aligny>
						<label>$INFO[ListItem.Label]</label>
					</control>
					<!--secondary label (non videos)-->
					<control type="label">
						<left>855</left>
						<top>0</top>
						<width>600</width>
						<height>60</height>
						<font>secondary.info</font>
						<textcolor>white</textcolor>
						<selectedcolor>snow</selectedcolor>
						<align>right</align>
						<aligny>center</aligny>
						<label>$INFO[ListItem.Label2]</label>
						<visible>!Window.IsVisible(Videos)</visible>
					</control>
					<!--secondary label (videos)-->
					<control type="label">
						<left>789</left>
						<top>0</top>
						<width>600</width>
						<height>60</height>
						<font>secondary.info</font>
						<textcolor>white</textcolor>
						<selectedcolor>snow</selectedcolor>
						<align>right</align>
						<aligny>center</aligny>
						<label>$INFO[ListItem.Label2]</label>
						<visible>Window.IsVisible(Videos)</visible>
						<animation effect="slide" start="0,0" end="41,0" delay="0" time="0" condition="![Container.Content(Movies) | Container.Content(Episodes) | Container.Content(MusicVideos)]">conditional</animation>
					</control>
					<!--hd/sd flag-->
					<control type="image">
						<left>1388</left>
						<top>10</top>
						<width>56</width>
						<height>40</height>
						<texture>$INFO[ListItem.VideoResolution,flagging/lists/,.png]</texture>
						<visible>Window.IsVisible(Videos) + [Container.Content(Movies) | Container.Content(Episodes) | Container.Content(MusicVideos)]</visible>
						<visible>!ListItem.IsStereoscopic</visible>
					</control>
					<!--3d flag-->
					<control type="image">
						<left>1388</left>
						<top>20</top>
						<width>56</width>
						<height>40</height>
						<texture>flagging/lists/3D.png</texture>
						<visible>Window.IsVisible(Videos) + [Container.Content(Movies) | Container.Content(Episodes) | Container.Content(MusicVideos)]</visible>
						<visible>ListItem.IsStereoscopic</visible>
					</control>
					<!--watched icon-->
					<control type="image">
						<left>1429</left>
						<top>10</top>
						<width>45</width>
						<height>40</height>
						<texture colordiffuse="white">$INFO[ListItem.Overlay]</texture>
						<visible>Window.IsVisible(Videos) + !ListItem.IsResumable</visible>
					</control>
					<!--secondary label (videos)-->
					<control type="image">
						<left>1429</left>
						<top>10</top>
						<width>45</width>
						<height>40</height>
						<texture colordiffuse="white">OverlayWatching.png</texture>
						<visible>Window.IsVisible(Videos) + ListItem.IsResumable</visible>
					</control>
				</itemlayout>
				<focusedlayout height="70" width="1474">
					<!--background-->
					<control type="image">
						<left>4</left>
						<top>0</top>
						<width>1470</width>
						<height>60</height>
						<texture colordiffuse="tertiary">backgrounds/white.png</texture>
						<animation effect="fade" start="100" end="75" time="200" condition="Control.HasFocus(60)">Conditional</animation>
					</control>
					<!--background strip-->
					<control type="image">
						<left>0</left>
						<top>0</top>
						<width>4</width>
						<height>60</height>
						<texture >backgrounds/white.png</texture>
						<animation effect="fade" start="100" end="75" time="200" condition="Control.HasFocus(60)">Conditional</animation>
					</control>
					<!--thumb (fallback)-->
					<control type="image">
						<left>11</left>
						<top>7</top>
						<width>46</width>
						<height>46</height>
						<texture colordiffuse="text.primary">$INFO[ListItem.Icon,default small/,]</texture>
						<aspectratio align="center" aligny="center">keep</aspectratio>
						<visible>String.Contains(ListItem.Icon,Default)</visible>
					</control>
					<!--thumb (no fallback)-->
					<control type="image">
						<left>6</left>
						<top>2</top>
						<width>56</width>
						<height>56</height>
						<texture>$INFO[ListItem.Icon]</texture>
						<aspectratio align="center" aligny="center">keep</aspectratio>
						<visible>!String.Contains(ListItem.Icon,default)</visible>
					</control>
					<!--main label-->
					<control type="label">
						<left>65</left>
						<top>0</top>
						<width>1414</width>
						<height>60</height>
						<font>label</font>
						<textcolor>text.primary</textcolor>
						<selectedcolor>snow</selectedcolor>
						<align>left</align>
						<aligny>center</aligny>
						<label>$INFO[ListItem.Label]</label>
					</control>
					<!--secondary label (non videos)-->
					<control type="label">
						<left>855</left>
						<top>0</top>
						<width>600</width>
						<height>60</height>
						<font>secondary.info</font>
						<textcolor>text.primary</textcolor>
						<selectedcolor>snow</selectedcolor>
						<align>right</align>
						<aligny>center</aligny>
						<label>$INFO[ListItem.Label2]</label>
						<visible>!Window.IsVisible(Videos)</visible>
					</control>
					<!--secondary label (videos)-->
					<control type="label">
						<left>789</left>
						<top>0</top>
						<width>600</width>
						<height>60</height>
						<font>secondary.info</font>
						<textcolor>text.primary</textcolor>
						<selectedcolor>snow</selectedcolor>
						<align>right</align>
						<aligny>center</aligny>
						<label>$INFO[ListItem.Label2]</label>
						<visible>Window.IsVisible(Videos)</visible>
						<animation effect="slide" start="0,0" end="41,0" delay="0" time="0" condition="![Container.Content(Movies) | Container.Content(Episodes) | Container.Content(MusicVideos)]">conditional</animation>
					</control>
					<!--hd/sd flag-->
					<control type="image">
						<left>1388</left>
						<top>10</top>
						<width>56</width>
						<height>40</height>
						<texture>$INFO[ListItem.VideoResolution,flagging/lists/,.png]</texture>
						<visible>Window.IsVisible(Videos) + [Container.Content(Movies) | Container.Content(Episodes) | Container.Content(MusicVideos)]</visible>
						<visible>!ListItem.IsStereoscopic</visible>
					</control>
					<!--3d flag-->
					<control type="image">
						<left>1388</left>
						<top>20</top>
						<width>56</width>
						<height>40</height>
						<texture>flagging/lists/3D.png</texture>
						<visible>Window.IsVisible(Videos) + [Container.Content(Movies) | Container.Content(Episodes) | Container.Content(MusicVideos)]</visible>
						<visible>ListItem.IsStereoscopic</visible>
					</control>
					<!--watched icon-->
					<control type="image">
						<left>1429</left>
						<top>10</top>
						<width>45</width>
						<height>40</height>
						<texture >$INFO[ListItem.Overlay]</texture>
						<visible>Window.IsVisible(Videos) + !ListItem.IsResumable</visible>
					</control>
					<!--resumable icon-->
					<control type="image">
						<left>1429</left>
						<top>10</top>
						<width>45</width>
						<height>40</height>
						<texture >OverlayWatching.png</texture>
						<visible>Window.IsVisible(Videos) + ListItem.IsResumable</visible>
					</control>
				</focusedlayout>
			</control>
			<!--scrollbar-->
			<control type="scrollbar" id="60">
				<left>1704</left>
				<top>200</top>
				<onleft>50</onleft>
				<onright>2</onright>
				<orientation>vertical</orientation>
			</control>
		</control>
	</include>
</includes>