<?xml version="1.0" encoding="UTF-8"?>

<includes>

	<!-- ID: 10 -->
	<include name="PVRGuideViewTimeline">
			<control type="group">
			<description>TV Guide Timeline</description>
			<visible>Control.IsVisible(10)</visible>
			<include>VisibleFadeEffect</include>
			<animation effect="slide" start="0,0" end="0,-50" time="0" condition="Player.HasMedia + IsEmpty(Window(videolibrary).Property(PlayingBackgroundMedia))">Conditional</animation>

			<control type="image">
				<top>-167</top>
				<left>-15</left>
				<width>1950</width>
				<height>1200</height>
				<texture border="40">new_pvr/bg1111.png</texture>
			</control>
			

			<control type="image">
				<top>214</top>
				<left>324</left>
				<width>1543</width>
				<height>53</height>
				<texture>new_pvr/bluetop.png</texture>
			</control>
			
			<control type="image">
				<top>194</top>
				<left>55</left>
				<width>1815</width>
				<height>711</height>
				<texture border="40">new_pvr/bg4.png</texture>
			</control>
			<control type="image">
				<top>214</top>
				<left>352</left>
				<width>11</width>
				<height>51</height>
				<texture>new_pvr/sep11.png</texture>
			</control>
			<control type="image">
				<top>208</top>
				<left>110</left>
				<width>210</width>
				<height>110</height>
				<texture>new_pvr/allchannelstxt.png</texture>
			</control>
			<control type="image">
				<top>875</top>
				<left>113</left>
				<width>531</width>
				<height>43</height>
				<texture border="40">new_pvr/viewrecordicon.png</texture>
			</control>
			<control type="image">
				<top>829</top>
				<left>1272</left>
				<width>625</width>
				<height>145</height>
				<texture>new_pvr/skippagestext.png</texture>
			</control>
			<control type="image">
				<top>-90</top>
				<left>235</left>
				<width>1079</width>
				<height>84</height>
				<texture border="40">new_pvr/skytopbuttons.png</texture>
			</control>












			<control type="image">
				<top>-90</top>
				<left>50</left>


				<width>150</width>
				<height>125</height>

				<texture>new_pvr/sky_logo.png</texture>
			</control>
			<control type="button" id="9022">
						<label></label>
						<textoffsetx>0</textoffsetx>
						<width>50</width>
						<height>41</height>
						<align>center</align>
						<font>IconTiny</font>
						<textcolor>grey</textcolor>
						<shadowcolor>shadow</shadowcolor>
						<visible>System.HasMediaDVD</visible>
						<onclick>PlayDVD</onclick>
						<animation type="Visible">
							<effect type="fade" start="0" end="100" tween="sine" easing="inout" time="300" />
							<effect type="zoom" start="50" end="100" center="auto" tween="sine" easing="inout" time="300" />
						</animation>
						<animation type="Hidden">
							<effect type="fade" start="100" end="0" tween="sine" easing="inout" time="300" />
							<effect type="zoom" start="100" end="50" center="auto" tween="sine" easing="inout" time="300" />
						</animation>
					</control>
					<control type="label" id="9025">
						<top>165</top>
						<left>90</left>
						<width>auto</width>
						<height>41</height>
						<label>$INFO[System.Date(dd/mm)]</label>
						<font>font13_title</font>
						<textcolor>ff72a5d3</textcolor>
						<shadowcolor>shadow</shadowcolor>
					</control>
					
					<control type="label" id="9025">
						<top>165</top>
						<left>200</left>
						<width>auto</width>
						<height>41</height>
						<label>$INFO[System.Time(hh:mm:xx)]</label>
						<font>font13_title</font>
						<textcolor>ff72a5d3</textcolor>
						<shadowcolor>shadow</shadowcolor>
					</control>
			
			<top>128</top>


			<control type="epggrid" id="10">
				<viewtype label="19032">list</viewtype>
				<description>EPG Grid</description>
				<left>125</left>
				<top>270</top>
				<width>1680</width>
				<height>585</height>

				<pagecontrol>10</pagecontrol>
				<scrolltime tween="quadratic" easing="out">200</scrolltime>
				<timeblocks>20</timeblocks>
				<rulerunit>6</rulerunit>
				<onleft>SetProperty(MediaMenu,True,home)</onleft>
				<onleft>SetFocus(9050)</onleft>
				<onright>SetProperty(MediaMenu,True,home)</onright>

				<onright>SetFocus(9050)</onright>
				<onup>10</onup>
				<ondown>10</ondown>
				<onback>SetProperty(MediaMenu,True,home)</onback>
				<onback>SetFocus(9050)</onback>
				<viewtype label="19032">list</viewtype>

				<rulerlayout height="45" width="60">
					<control type="label" id="2">
						<width>60</width>



                        <height>45</height>
                        <font>font13</font>
                        <aligny>center</aligny>

						<textcolor>ff72a5d3</textcolor>
						<textoffsetx>5</textoffsetx>

						<selectedcolor>selected</selectedcolor>
						<align>left</align>
                        <label>$INFO[ListItem.Label]</label>
                    </control>
					<control type="image">
						<width>393</width>
						<height>43</height>
						<texture border="1">separator2.png</texture>
						<visible>false</visible>
					</control>
                </rulerlayout>
                <channellayout height="60" width="440">
					<control type="image">
						<width>420</width>
						<height>53</height>
						<texture border="4">new_pvr/channellayout.png</texture>
					</control>
                    <control type="label">
                        <width>60</width>
                        <height>60</height>
						<left>30</left>
                        <font>font15</font>
                        <align>center</align>
                        <textcolor>white</textcolor>
                        <selectedcolor>cornflowerblue</selectedcolor>
						<label>[B]$INFO[ListItem.ChannelNumber][/B]</label>
                    </control>
                    <control type="label">
                        <posx>60</posx>
                        <width>400</width>
                        <height>60</height>
						<left>100</left>
                        <font>font15_bold</font>
						<textoffsetx>15</textoffsetx>
						<textcolor>white</textcolor>
						<selectedcolor>cornflowerblue</selectedcolor>
                        <label>$INFO[ListItem.ChannelName]</label>
						<visible>IsEmpty(ListItem.Icon) | IsEmpty(Skin.String(LiveTV.EpgViewChannels))</visible>
                    </control>


					<control type="label">
                        <posx>138</posx>
                        <width>300</width>



                        <height>60</height>
						<left>100</left>
                        <font>font15</font>
						<textoffsetx>15</textoffsetx>



						<textcolor>white</textcolor>
						<selectedcolor>midnightblue</selectedcolor>
                        <label>$INFO[ListItem.ChannelName]</label>
						<visible>StringCompare(Skin.String(LiveTV.EpgViewChannels),2) + !IsEmpty(ListItem.Icon)</visible>
                    </control>
					<control type="image">
						<posx>70</posx>
						<posy>2</posy>
						<width>65</width>
						<height>56</height>
						<aspectratio align="left">keep</aspectratio>
						<fadetime>400</fadetime>
						<texture background="true">$INFO[ListItem.Icon]</texture>
						<visible>StringCompare(Skin.String(LiveTV.EpgViewChannels),2) + !IsEmpty(ListItem.Icon)</visible>

					</control>
					<control type="image">
						<posx>70</posx>
						<posy>1</posy>


						<width>200</width>
						<height>58</height>
						<aspectratio align="left">keep</aspectratio>
						<fadetime>400</fadetime>
						<texture background="true">$INFO[ListItem.Icon]</texture>
						<visible>StringCompare(Skin.String(LiveTV.EpgViewChannels),1) + !IsEmpty(ListItem.Icon)</visible>






					</control>
                </channellayout>
                <focusedchannellayout height="60" width="440">
					
					<control type="image">


						<width>429</width>
						<height>53</height>
						<texture border="4">new_pvr/listselect_fo3.png</texture>


					</control>
					<control type="label">


						<width>60</width>
						<height>60</height>
						<font>font15</font>
						<left>30</left>
						<textcolor>ff1C3497</textcolor>
						<align>center</align>



						<selectedcolor>ff1C3497</selectedcolor>
						<label>[B]$INFO[ListItem.ChannelNumber][/B]</label>
					</control>
					<control type="label" id="1">
						<posx>60</posx>


						<width>380</width>
						<height>60</height>
						<left>100</left>
						<font>font15_bold</font>


						<textcolor>ff1C3497</textcolor>
						<textoffsetx>15</textoffsetx>
						<selectedcolor>ff1C3497</selectedcolor>


						<label>$INFO[ListItem.ChannelName]</label>
						<visible>IsEmpty(Skin.String(LiveTV.EpgViewChannels)) | IsEmpty(ListItem.Icon)</visible>
					</control>
					<control type="label">
                        <posx>138</posx>
                        <width>300</width>
                        <height>60</height>
                        <font>font15</font>
						<textcolor>ff1C3497</textcolor>
						<textoffsetx>15</textoffsetx>
						<selectedcolor>selected</selectedcolor>
                        <label>$INFO[ListItem.ChannelName]</label>
						<visible>StringCompare(Skin.String(LiveTV.EpgViewChannels),2) + !IsEmpty(ListItem.Icon)</visible>
                    </control>
					<control type="image">
						<posx>70</posx>
						<posy>2</posy>
						<width>65</width>
						<height>56</height>
						<aspectratio align="left">keep</aspectratio>
						<fadetime>400</fadetime>
						<texture background="true">$INFO[ListItem.Icon]</texture>
						<visible>StringCompare(Skin.String(LiveTV.EpgViewChannels),2) + !IsEmpty(ListItem.Icon)</visible>
					</control>
					<control type="image">
						<posx>70</posx>
						<posy>1</posy>
						<width>200</width>
						<height>58</height>
						<aspectratio align="left">keep</aspectratio>
						<fadetime>400</fadetime>
						<texture background="true">$INFO[ListItem.Icon]</texture>
						<visible>StringCompare(Skin.String(LiveTV.EpgViewChannels),1) + !IsEmpty(ListItem.Icon)</visible>
					</control>
				</focusedchannellayout>
				
				<itemlayout height="60" width="132">
					<control type="image" id="1">
                        <width>120</width>
                        <height>53</height>
						<aspectratio>stretch</aspectratio>
						<texture border="3">$INFO[ListItem.Property(GenreType),new_pvr/epg-genres/,.png]</texture>
                    </control>
					<control type="image" id="2">
                        <width>120</width>
                        <height>53</height>


						<aspectratio>stretch</aspectratio>
						<texture border="3" fallback="new_pvr/epg-genres/0.png">new_pvr/epg-genres/$INFO[ListItem.Genre].png</texture>
                        <visible>!Control.IsVisible(1)</visible>
                    </control>
					



					<control type="label" id="1">
						<left>10</left>
						<top>4</top>
						<width>38</width>
						<height>38</height>
						<font>label</font>
						<aligny>center</aligny>
						<textcolor>silver</textcolor>
						<selectedcolor>black</selectedcolor>
						<align>left</align>
						<info>ListItem.Label</info>
					</control>
					
					<control type="image">
						<left>9</left>
						<top>42</top>
						<width>36</width>
						<height>24</height>
						<texture>PVR-IsRecording.png</texture>
						<visible>ListItem.IsRecording</visible>
					</control>
					
					<control type="image">
						<left>9</left>
						<top>42</top>
						<width>24</width>
						<height>24</height>
						<texture>PVR-HasTimer.png</texture>
						<visible>ListItem.HasTimer + !ListItem.IsRecording</visible>
					</control>
					
					<control type="image">
						<left>9</left>
						<top>42</top>
						<width>24</width>
						<height>24</height>
						<texture>PVR-HasRecording.png</texture>
						<visible>ListItem.HasRecording + !ListItem.IsRecording + !ListItem.HasTimer</visible>
					</control>
									</itemlayout>
				
				<focusedlayout height="72" width="60">
						<control type="image" id="2">
						<width>58</width>
						<height>53</height>
						<left>0</left>
						<top>0</top>
						<aspectratio>stretch</aspectratio>
						<texture>new_pvr/listselect_fo3.png</texture>
					</control>
					
					<control type="label" id="1">
						<left>10</left>
						<top>4</top>
						<width>38</width>
						<height>38</height>
						<font>label</font>
						<aligny>center</aligny>
						<textcolor>black</textcolor>
						<selectedcolor>black</selectedcolor>
						<align>left</align>
						<info>ListItem.Label</info>
					</control>
					
					<control type="image">
						<left>9</left>
						<top>42</top>
						<width>36</width>
						<height>24</height>
						<texture>PVR-IsRecording.png</texture>
						<visible>ListItem.IsRecording</visible>
					</control>
					
					<control type="image">
						<left>9</left>
						<top>42</top>
						<width>24</width>
						<height>24</height>
						<texture>PVR-HasTimer.png</texture>
						<visible>ListItem.HasTimer + !ListItem.IsRecording</visible>
					</control>
					
					<control type="image">
						<left>9</left>
						<top>42</top>
						<width>24</width>
						<height>24</height>
						<texture>PVR-HasRecording.png</texture>
						<visible>ListItem.HasRecording + !ListItem.IsRecording + !ListItem.HasTimer</visible>
					</control>
					</focusedlayout>


				</control>
			







			<control type="group">
				<visible>!IsEmpty(ListItem.Label)</visible>
				<left>240</left>
				<top>-6</top>
				
				<control type="image">
					<left>1150</left>
					<top>0</top>
					<width>400</width>
					<height>200</height>
					<texture background="true">$INFO[ListItem.Icon]</texture>
					<aspectratio align="center" aligny="center">keep</aspectratio>
				</control>
				
				<control type="label">
					<left>450</left>
					<top>15</top>
					<width>1260</width>
					<height>30</height>
					<label>[B]$INFO[ListItem.Label][/B]</label>
					<font>font12_title</font>

					<textcolor>gold</textcolor>
				</control>
				
				<control type="label">
					<left>64</left>
					<top>15</top>
					<width>1260</width>
					<height>30</height>
					<label>[B]$INFO[ListItem.StartTime]$INFO[ListItem.EndTime, - ][/B]</label>
					<font>font12_title</font>
					<textcolor>gold</textcolor>
				</control>
				
				<control type="textbox">
					<description>Plot value</description>
					<left>15</left>
					<top>50</top>
					<width>1000</width>
					<height>75</height>
					<font>kai.primary</font>

					<align>justify</align>
					<textcolor>silver</textcolor>
					<autoscroll delay="10000" time="3000" repeat="6000">true</autoscroll>
					<label>$INFO[ListItem.Plot]</label>



				</control>
				

			</control>
			
		</control>
		
	</include>
	

	<!-- ID: 11 -->
	<include name="PVRGuideViewNow">
	<control type="image">
				<top>-90</top>
				<left>235</left>
				<width>1079</width>
				<height>84</height>
				<texture border="40">new_pvr/skytopbuttons.png</texture>
			</control>


		<control type="group">
			<description>TV Guide Now</description>
			<visible>Control.IsVisible(11)</visible>

			<include>VisibleFadeEffect</include>
			
			
			<control type="group">


				

				<!--title background-->
				<control type="image">

				<top>-167</top>
				<left>-15</left>
				<width>1950</width>
				<height>1200</height>
				<texture border="40">new_pvr/bg1111.png</texture>
			</control>
			<control type="image">
			    <top>214</top>
				<left>324</left>
				<width>1543</width>
				<height>53</height>
				<texture>new_pvr/bluetop.png</texture>
			</control>
			
			<control type="image">
				<top>194</top>
				<left>55</left>
				<width>1815</width>
				<height>711</height>
				<texture border="40">new_pvr/bg4.png</texture>
			</control>
			<control type="image">
				<top>30</top>
				<left>235</left>
				<width>1079</width>
				<height>84</height>
				<texture border="40">new_pvr/skytopbuttons.png</texture>
			</control>
<control type="image">
				<top>0</top>
				<left>50</left>


				<width>150</width>
				<height>125</height>

				<texture>new_pvr/sky_logo.png</texture>
			</control>
				<control type="label">
					<description>Time label</description>
					<left>120</left>
					<top>210</top>
					<width>170</width>
					<height>60</height>
					<font>button.bold</font>
					<textcolor>white</textcolor>
					<align>center</align>
					<aligny>center</aligny>
					<label>555</label>
				</control>

				<control type="label">
					<description>Channel label</description>
					<left>250</left>
					<top>210</top>
					<width>375</width>
					<height>60</height>
					<font>button.bold</font>
					<textcolor>white</textcolor>
					<align>center</align>
					<aligny>center</aligny>
					<label>19148</label>
				</control>

				<control type="label">
					<description>Title</description>
					<left>300</left>
					<top>210</top>
					<width>825</width>
					<height>60</height>
					<font>button.bold</font>
					<textcolor>white</textcolor>
					<align>center</align>
					<aligny>center</aligny>
					<label>369</label>
				</control>

				<control type="label">
					<description>Status header label</description>
					<left>1540</left>
					<top>210</top>
					<width>210</width>
					<height>60</height>
					<font>button.bold</font>
					<textcolor>white</textcolor>
					<align>center</align>
					<aligny>center</aligny>
					<label>126</label>
				</control>

				<control type="list" id="11">
					<viewtype label="19030">list</viewtype>
					<left>135</left>
					<top>280</top>
					<width>1654</width>
					<height>585</height>
					<onup>11</onup>
					<ondown>11</ondown>


					<onleft>101</onleft>
					<onright>76</onright>
					<pagecontrol>76</pagecontrol>
					<scrolltime>200</scrolltime>


					<itemlayout height="70">

						<!--background-->
						<control type="image">
							<left>4</left>
							<top>0</top>
							<width>1650</width>
							<height>60</height>
							<texture>new_pvr/channellayout.png</texture>
						</control>

						<control type="label">
							<left>0</left>
							<top>0</top>
							<width>150</width>
							<height>60</height>

							<font>label</font>
							<align>center</align>
							<aligny>center</aligny>
							<textcolor>white</textcolor>
							<selectedcolor>white</selectedcolor>
							<info>ListItem.StartTime</info>
						</control>

						<control type="image">
							<left>165</left>
							<top>8</top>
							<width>45</width>
							<height>45</height>
							<info>ListItem.Icon</info>
							<aspectratio>keep</aspectratio>
						</control>

						<control type="label">
							<left>225</left>
							<top>0</top>
							<width>285</width>
							<height>60</height>
							<font>label</font>

							<align>left</align>
							<aligny>center</aligny>
							<textcolor>white</textcolor>
							<selectedcolor>white</selectedcolor>
							<info>ListItem.ChannelName</info>
						</control>

						<control type="label">
							<left>540</left>
							<top>0</top>
							<width>885</width>
							<height>60</height>
							<font>label</font>

							<align>left</align>
							<aligny>center</aligny>
							<textcolor>white</textcolor>
							<selectedcolor>white</selectedcolor>
							<info>ListItem.Label</info>
						</control>

						<control type="image">
							<left>1455</left>
							<top>15</top>
							<width>45</width>
							<height>30</height>
							<texture colordiffuse="$VAR[Colour.500]">PVR-IsRecording.png</texture>
							<aspectratio>keep</aspectratio>
							<visible>ListItem.IsRecording</visible>
						</control>

						<control type="label">
							<left>1508</left>
							<top>0</top>
							<width>120</width>
							<height>60</height>



							<font>secondary.info.light</font>
							<align>left</align>
							<aligny>center</aligny>
							<textcolor>white</textcolor>
							<selectedcolor>white</selectedcolor>


							<label>19043</label>
							<visible>ListItem.IsRecording</visible>
						</control>

						<control type="image">

							<left>1455</left>

							<top>15</top>
							<width>30</width>
							<height>30</height>






							<texture>PVR-HasTimer.png</texture>
							<aspectratio>keep</aspectratio>
							<visible>ListItem.HasTimer + !ListItem.IsRecording</visible>
						</control>

						<control type="label">
							<left>1500</left>
							<top>0</top>
							<width>120</width>
							<height>60</height>
							<font>secondary.info.light</font>



							<align>left</align>
							<aligny>center</aligny>
							<textcolor>white</textcolor>
							<selectedcolor>ffffffff</selectedcolor>
							<label>31510</label>
							<visible>ListItem.HasTimer + !ListItem.IsRecording</visible>

						</control>

					</itemlayout>

					<focusedlayout height="160">

						<!--background-->
						<control type="image">
							<left>4</left>
							<top>0</top>
							<width>1650</width>
							<height>150</height>
							<texture >new_pvr/listselect_fo3.png</texture>
							<animation effect="fade" start="100" end="75" time="0" condition="!Control.HasFocus(11)">Conditional</animation>
						</control>

						<!--background nib-->
						<control type="image">
							<left>0</left>
							<top>0</top>

							<width>4</width>
							<height>150</height>
							<texture background="true" >backgrounds/white.png</texture>
                            <animation effect="fade" start="100" end="75" time="0" condition="!Control.HasFocus(11)">Conditional</animation>
							
						</control>

						<control type="image">
							<left>150</left>
							<top>0</top>
							<width>375</width>
							<height>60</height>
							<texture background="true" >backgrounds/white.png</texture>
							
						</control>

						<control type="image">
							<left>1440</left>
							<top>0</top>
							<width>214</width>
							<height>60</height>
							<texture background="true" >backgrounds/white.png</texture>
							

						</control>

						<control type="label">
							<left>0</left>
							<top>0</top>
							<width>150</width>
							<height>60</height>
							<font>label</font>
							<align>center</align>
							<aligny>center</aligny>
							<textcolor>black</textcolor>
							<selectedcolor>white</selectedcolor>
							<info>ListItem.StartTime</info>
						</control>

						<control type="image">
							<left>165</left>





							<top>8</top>
							<width>45</width>
							<height>45</height>
							<info>ListItem.Icon</info>
							<aspectratio>keep</aspectratio>
						</control>

						<control type="label">
							<left>225</left>
							<top>0</top>
							<width>285</width>
							<height>52</height>
							<font>label</font>

							<align>left</align>
							<aligny>center</aligny>
							<textcolor>white</textcolor>
							<selectedcolor>white</selectedcolor>
							<info>ListItem.ChannelName</info>
						</control>

						<control type="label">
							<left>540</left>
							<top>0</top>
							<width>885</width>
							<height>52</height>
							<font>label</font>

							<align>left</align>
							<aligny>center</aligny>
							<textcolor>black</textcolor>
							<selectedcolor>white</selectedcolor>
							<info>ListItem.Label</info>
						</control>

						<control type="textbox">
							<description>Plot Value for TVShow</description>
							<left>75</left>
							<top>62</top>
							<width>1500</width>
							<height>80</height>
							<font>secondary.info</font>
							<align>justify</align>
							<textcolor>black</textcolor>
							<pagecontrol>-</pagecontrol>
							<label>$INFO[ListItem.Plot]</label>
						</control>

						<control type="image">
							<left>1455</left>
							<top>15</top>
							<width>45</width>
							<height>30</height>
							<texture>PVR-IsRecording.png</texture>
							<aspectratio>keep</aspectratio>
							<visible>ListItem.IsRecording</visible>
						</control>

						<control type="label">
							<left>1508</left>
							<top>0</top>
							<width>120</width>
							<height>60</height>



							<font>secondary.info.light</font>
							<align>left</align>
							<aligny>center</aligny>
							<textcolor>white</textcolor>
							<selectedcolor>white</selectedcolor>


							<label>19043</label>
							<visible>ListItem.IsRecording</visible>
						</control>

						<control type="image">

							<left>1455</left>

							<top>15</top>
							<width>30</width>
							<height>30</height>






							<texture>PVR-HasTimer.png</texture>
							<aspectratio>keep</aspectratio>
							<visible>ListItem.HasTimer + !ListItem.IsRecording</visible>
						</control>

						<control type="label">
							<left>1500</left>
							<top>0</top>
							<width>120</width>
							<height>60</height>
							<font>secondary.info.light</font>



							<align>left</align>
							<aligny>center</aligny>
							<textcolor>white</textcolor>
							<selectedcolor>white</selectedcolor>
							<label>31510</label>
							<visible>ListItem.HasTimer + !ListItem.IsRecording</visible>

						</control>

					</focusedlayout>

				</control>

				<!--scrollbar-->
				<control type="scrollbar" id="76">
					<left>1664</left>
					<top>70</top>

					<height>640</height>
					<onleft>11</onleft>
					<onright>101</onright>

					<orientation>vertical</orientation>
				</control>

			</control>

			<control type="group">

				<control type="image">
					<left>64</left>
					<top>94r</top>
					<width>280</width>
					<height>34</height>
					<texture colordiffuse="tertiary">backgrounds/white.png</texture>


				</control>

				<control type="image">
					<left>60</left>
					<top>94r</top>
					<width>4</width>
					<height>34</height>
					<texture >backgrounds/white.png</texture>



				</control>

				<control type="label">
					<description>Page Count Label</description>



					<left>73</left>
					<top>94r</top>
					<width>750</width>
					<height>34</height>

					<font>breadcrumb.secondary</font>
					<textcolor>text.primary</textcolor>
					<scroll>false</scroll>
					<align>left</align>
					<aligny>center</aligny>
					<label>$INFO[Container(11).NumItems] $LOCALIZE[31025] [COLOR=white]]$INFO[Container(11).CurrentPage, $LOCALIZE[31024] ]$INFO[Container(11).NumPages,/,][/COLOR]</label>
					<include>Window_OpenClose_Animation</include>

				</control>

			</control>

		</control>

	</include>
	<!-- ID: 12 -->
	<include name="PVRGuideViewNext">

		<control type="group">
			<description>TV Guide Now</description>
			<visible>Control.IsVisible(12)</visible>

			<include>VisibleFadeEffect</include>

			<control type="group">
				

				<!--title background-->
				<control type="image">

				<top>-167</top>
				<left>-15</left>
				<width>1950</width>
				<height>1200</height>
				<texture border="40">new_pvr/bg1111.png</texture>
			</control>
			<control type="image">
			<top>214</top>
				<left>324</left>
				<width>1543</width>
				<height>53</height>
				<texture>new_pvr/bluetop.png</texture>
			</control>
			
			<control type="image">
				<top>194</top>
				<left>55</left>
				<width>1815</width>
				<height>711</height>
				<texture border="40">new_pvr/bg4.png</texture>
			</control>
            <control type="image">
				<top>30</top>
				<left>235</left>
				<width>1079</width>
				<height>84</height>
				<texture border="40">new_pvr/skytopbuttons.png</texture>
			</control>
                 <control type="image">
				<top>0</top>
				<left>50</left>


				<width>150</width>
				<height>125</height>

				<texture>new_pvr/sky_logo.png</texture>
			</control>
				<control type="label">
					<description>Time label</description>
					<left>120</left>
					<top>210</top>
					<width>170</width>
					<height>60</height>
					<font>button.bold</font>
					<textcolor>white</textcolor>
					<align>center</align>
					<aligny>center</aligny>
					<label>555</label>
				</control>

				<control type="label">
					<description>Channel label</description>
					<left>250</left>
					<top>210</top>
					<width>375</width>
					<height>60</height>
					<font>button.bold</font>
					<textcolor>white</textcolor>
					<align>center</align>
					<aligny>center</aligny>
					<label>19148</label>
				</control>

				<control type="label">
					<description>Title</description>
					<left>300</left>
					<top>210</top>
					<width>825</width>
					<height>60</height>
					<font>button.bold</font>
					<textcolor>white</textcolor>
					<align>center</align>
					<aligny>center</aligny>
					<label>369</label>
				</control>

				<control type="label">
					<description>Status header label</description>
					<left>1540</left>
					<top>210</top>
					<width>210</width>
					<height>60</height>
					<font>button.bold</font>
					<textcolor>white</textcolor>
					<align>center</align>
					<aligny>center</aligny>
					<label>126</label>
				</control>

				<control type="list" id="12">
					<viewtype label="19031">list</viewtype>
					<left>135</left>
					<top>280</top>
					<width>1654</width>
					<height>585</height>
					<onup>12</onup>
					<ondown>12</ondown>
					<onleft>101</onleft>


					<onright>76</onright>
					<pagecontrol>76</pagecontrol>
					<scrolltime>200</scrolltime>


					<itemlayout height="70">

						<!--background-->
						<control type="image">
							<left>4</left>
							<top>0</top>
							<width>1650</width>
							<height>60</height>
							<texture >new_pvr/channellayout.png</texture>
						</control>

						<control type="label">
							<left>0</left>
							<top>0</top>
							<width>150</width>
							<height>60</height>
							<font>label</font>
							<align>center</align>
							<aligny>center</aligny>
							<textcolor>white</textcolor>
							<selectedcolor>white</selectedcolor>
							<info>ListItem.StartTime</info>

						</control>

						<control type="image">
							<left>165</left>
							<top>8</top>
							<width>45</width>
							<height>45</height>
							<info>ListItem.Icon</info>
							<aspectratio>keep</aspectratio>
						</control>

						<control type="label">
							<left>225</left>

							<top>0</top>
							<width>285</width>
							<height>60</height>
							<font>label</font>
							<align>left</align>
							<aligny>center</aligny>
							<textcolor>white</textcolor>
							<selectedcolor>white</selectedcolor>
							<info>ListItem.ChannelName</info>

						</control>

						<control type="label">
							<left>540</left>
							<top>0</top>
							<width>885</width>
							<height>60</height>
							<font>label</font>
							<align>left</align>
							<aligny>center</aligny>

							<textcolor>white</textcolor>
							<selectedcolor>white</selectedcolor>
							<info>ListItem.Label</info>
						</control>

						<control type="image">
							<left>1455</left>
							<top>15</top>
							<width>45</width>
							<height>30</height>
							<texture colordiffuse="$VAR[Colour.500]">PVR-IsRecording.png</texture>
							<aspectratio>keep</aspectratio>
							<visible>ListItem.IsRecording</visible>

						</control>

						<control type="label">
							<left>1508</left>
							<top>0</top>
							<width>120</width>
							<height>60</height>
							<font>secondary.info.light</font>
							<align>left</align>
							<aligny>center</aligny>


							<textcolor>white</textcolor>
							<selectedcolor>white</selectedcolor>
							<label>19043</label>
							<visible>ListItem.IsRecording</visible>
						</control>

						<control type="image">
							<left>1455</left>
							<top>15</top>
							<width>30</width>
							<height>30</height>
							<texture>PVR-HasTimer.png</texture>
							<aspectratio>keep</aspectratio>
							<visible>ListItem.HasTimer + !ListItem.IsRecording</visible>

						</control>

						<control type="label">
							<left>1500</left>
							<top>0</top>
							<width>120</width>
							<height>60</height>
							<font>secondary.info.light</font>
							<align>left</align>
							<aligny>center</aligny>



							<textcolor>white</textcolor>
							<selectedcolor>white</selectedcolor>
							<label>31510</label>
							<visible>ListItem.HasTimer + !ListItem.IsRecording</visible>
						</control>

					</itemlayout>

					<focusedlayout height="160">

						<!--background-->
						<control type="image">
							<left>4</left>
							<top>0</top>
							<width>1650</width>
							<height>150</height>
							<texture >new_pvr/listselect_fo3.png</texture>

							<animation effect="fade" start="100" end="75" time="0" condition="!Control.HasFocus(12)">Conditional</animation>
						</control>

						<!--background nib-->
						<control type="image">

							<left>0</left>

							<top>0</top>
							<width>4</width>
							<height>150</height>
							<texture background="true" colordiffuse="$VAR[Colour.500]">backgrounds/white.png</texture>
							<animation effect="fade" start="100" end="75" time="0" condition="!Control.HasFocus(12)">Conditional</animation>


						</control>



						<control type="image">
							<left>150</left>
							<top>0</top>
							<width>375</width>
							<height>60</height>
							<texture background="true">backgrounds/white.png</texture>
							<animation effect="fade" start="100" end="75" time="0" condition="!Control.HasFocus(12)">Conditional</animation>

						</control>

						<control type="image">
							<left>1440</left>
							<top>0</top>
							<width>214</width>
							<height>60</height>
							<texture background="true" >backgrounds/white.png</texture>
							<animation effect="fade" start="100" end="75" time="0" condition="!Control.HasFocus(12)">Conditional</animation>

						</control>

						<control type="label">
							<left>0</left>
							<top>0</top>
							<width>150</width>
							<height>60</height>
							<font>label</font>
							<align>center</align>
							<aligny>center</aligny>
							<textcolor>black</textcolor>
							<selectedcolor>white</selectedcolor>
							<info>ListItem.StartTime</info>



						</control>

						<control type="image">
							<left>165</left>
							<top>8</top>
							<width>45</width>
							<height>45</height>
							<info>ListItem.Icon</info>
							<aspectratio>keep</aspectratio>



						</control>

						<control type="label">
							<left>225</left>
							<top>0</top>
							<width>285</width>
							<height>52</height>
							<font>label</font>
							<align>left</align>
							<aligny>center</aligny>
							<textcolor>white</textcolor>

							<selectedcolor>white</selectedcolor>
							<info>ListItem.ChannelName</info>
						</control>

						<control type="label">
							<left>540</left>
							<top>0</top>
							<width>885</width>
							<height>52</height>
							<font>label</font>
							<align>left</align>
							<aligny>center</aligny>
							<textcolor>black</textcolor>

							<selectedcolor>white</selectedcolor>
							<info>ListItem.Label</info>
						</control>

						<control type="textbox">
							<description>Plot Value for TVShow</description>
							<left>75</left>
							<top>62</top>
							<width>1500</width>
							<height>80</height>
							<font>secondary.info</font>
							<align>justify</align>
							<textcolor>black</textcolor>
							<pagecontrol>-</pagecontrol>
							<label>$INFO[ListItem.Plot]</label>
						</control>

						<control type="image">
							<left>1455</left>
							<top>15</top>
							<width>45</width>
							<height>30</height>
							<texture>PVR-IsRecording.png</texture>
							<aspectratio>keep</aspectratio>
							<visible>ListItem.IsRecording</visible>
						</control>

						<control type="label">
							<left>1508</left>
							<top>0</top>
							<width>120</width>
							<height>60</height>
							<font>secondary.info.light</font>
							<align>left</align>
							<aligny>center</aligny>



							<textcolor>white</textcolor>
							<selectedcolor>white</selectedcolor>
							<label>19043</label>
							<visible>ListItem.IsRecording</visible>
						</control>

						<control type="image">
							<left>1455</left>
							<top>15</top>
							<width>30</width>
							<height>30</height>
							<texture>PVR-HasTimer.png</texture>
							<aspectratio>keep</aspectratio>

							<visible>ListItem.HasTimer + !ListItem.IsRecording</visible>
						</control>

						<control type="label">

							<left>1500</left>

							<top>0</top>
							<width>120</width>
							<height>60</height>
							<font>secondary.info.light</font>



							<align>left</align>
							<aligny>center</aligny>



							<textcolor>white</textcolor>

							<selectedcolor>white</selectedcolor>
							<label>31510</label>
							<visible>ListItem.HasTimer + !ListItem.IsRecording</visible>

						</control>

					</focusedlayout>

				</control>

				<!--scrollbar-->
				<control type="scrollbar" id="76">
					<left>1664</left>
					<top>70</top>

					<height>640</height>
					<onleft>12</onleft>
					<onright>101</onright>


					<orientation>vertical</orientation>

				</control>

			</control>

			<control type="group">

				<control type="image">
					<left>64</left>
					<top>94r</top>
					<width>280</width>
					<height>34</height>
					<texture colordiffuse="tertiary">backgrounds/white.png</texture>
				</control>

				<control type="image">
					<left>60</left>
					<top>94r</top>
					<width>4</width>
					<height>34</height>
					<texture colordiffuse="$VAR[Colour.500]">backgrounds/white.png</texture>



				</control>

				<control type="label">
					<description>Page Count Label</description>



					<left>73</left>
					<top>94r</top>
					<width>750</width>
					<height>34</height>

					<font>breadcrumb.secondary</font>
					<textcolor>text.primary</textcolor>
					<scroll>false</scroll>
					<align>left</align>
					<aligny>center</aligny>
					<label>$INFO[Container(12).NumItems] $LOCALIZE[31025] [COLOR=$VAR[Colour.500]]$INFO[Container(12).CurrentPage, $LOCALIZE[31024] ]$INFO[Container(12).NumPages,/,][/COLOR]</label>
					<include>Window_OpenClose_Animation</include>

				</control>

			</control>

		</control>

	</include>
	<!-- ID: 13 -->
	<include name="PVRGuideViewChannel">

		<control type="group">
			<description>TV Guide Now</description>
			<visible>Control.IsVisible(13)</visible>

			<include>VisibleFadeEffect</include>

			<control type="group">
			

				<!--title background-->
				<control type="image">

				<top>-167</top>
				<left>-15</left>
				<width>1950</width>
				<height>1200</height>
				<texture border="40">new_pvr/bg1111.png</texture>
			</control>
			<control type="image">
			<top>214</top>
				<left>324</left>
				<width>1543</width>
				<height>53</height>
				<texture>new_pvr/bluetop.png</texture>
			</control>
			
			<control type="image">
				<top>194</top>
				<left>55</left>
				<width>1815</width>
				<height>711</height>
				<texture border="40">new_pvr/bg4.png</texture>
			</control>
            <control type="image">
				<top>30</top>
				<left>235</left>
				<width>1079</width>
				<height>84</height>
				<texture border="40">new_pvr/skytopbuttons.png</texture>
			</control>
                 <control type="image">
				<top>0</top>
				<left>50</left>


				<width>150</width>
				<height>125</height>

				<texture>new_pvr/sky_logo.png</texture>
			</control>

				<control type="label">
					<description>Time label</description>
					<left>120</left>
					<top>210</top>
					<width>150</width>
					<height>60</height>
					<font>button.bold</font>
					<textcolor>white</textcolor>
					<align>center</align>
					<aligny>center</aligny>
					<label>555</label>
				</control>

				<control type="label">
					<description>Channel label</description>
					<left>250</left>
					<top>210</top>
					<width>375</width>
					<height>60</height>
					<font>button.bold</font>
					<textcolor>white</textcolor>
					<align>center</align>
					<aligny>center</aligny>
					<label>19148</label>
				</control>

				<control type="label">
					<description>Title</description>
					<left>300</left>
					<top>210</top>
					<width>825</width>
					<height>60</height>
					<font>button.bold</font>
					<textcolor>white</textcolor>
					<align>center</align>
					<aligny>center</aligny>
					<label>369</label>
				</control>



				<control type="label">
					<description>Status header label</description>
					<left>1540</left>
					<top>210</top>
					<width>210</width>
					<height>60</height>
					<font>button.bold</font>
					<textcolor>white</textcolor>
					<align>center</align>
					<aligny>center</aligny>
					<label>126</label>
				</control>

				<control type="list" id="13">
					<viewtype label="19029">list</viewtype>
					<left>135</left>
					<top>280</top>
					<width>1654</width>
					<height>650</height>
					<onup>13</onup>
					<ondown>13</ondown>
					<onleft>101</onleft>
					<onright>76</onright>
					<pagecontrol>76</pagecontrol>
					<scrolltime>200</scrolltime>

					<itemlayout height="70">

						<!--background-->


						<control type="image">
							<left>4</left>
							<top>0</top>
							<width>1650</width>
							<height>60</height>
							<texture>new_pvr/channellayout.png</texture>
						</control>

						<control type="label">
							<left>0</left>
							<top>0</top>
							<width>150</width>
							<height>60</height>
							<font>label</font>
							<align>center</align>
							<aligny>center</aligny>

							<textcolor>black</textcolor>
							<selectedcolor>white</selectedcolor>
							<info>ListItem.StartTime</info>
						</control>

						<control type="image">
							<left>165</left>
							<top>8</top>
							<width>45</width>
							<height>45</height>
							<info>ListItem.Icon</info>
							<aspectratio>keep</aspectratio>

						</control>

						<control type="label">
							<left>225</left>
							<top>0</top>
							<width>285</width>
							<height>60</height>
							<font>label</font>
							<align>left</align>
							<aligny>center</aligny>

							<textcolor>white</textcolor>
							<selectedcolor>white</selectedcolor>
							<info>ListItem.ChannelName</info>

						</control>

						<control type="label">
							<left>540</left>
							<top>0</top>
							<width>885</width>
							<height>60</height>
							<font>label</font>
							<align>left</align>
							<aligny>center</aligny>



							<textcolor>black</textcolor>
							<selectedcolor>white</selectedcolor>

							<info>ListItem.Label</info>
						</control>

						<control type="image">
							<left>1455</left>
							<top>15</top>
							<width>45</width>
							<height>30</height>
							<texture colordiffuse="$VAR[Colour.500]">PVR-IsRecording.png</texture>
							<aspectratio>keep</aspectratio>
							<visible>ListItem.IsRecording</visible>
						</control>


						<control type="label">
							<left>1508</left>
							<top>0</top>
							<width>120</width>
							<height>60</height>
							<font>secondary.info.light</font>
							<align>left</align>
							<aligny>center</aligny>
							<textcolor>white</textcolor>
							<selectedcolor>white</selectedcolor>
							<label>19043</label>
							<visible>ListItem.IsRecording</visible>
						</control>

						<control type="image">
							<left>1455</left>
							<top>15</top>
							<width>30</width>
							<height>30</height>
							<texture>PVR-HasTimer.png</texture>
							<aspectratio>keep</aspectratio>


							<visible>ListItem.HasTimer + !ListItem.IsRecording</visible>
						</control>

						<control type="label">
							<left>1500</left>
							<top>0</top>
							<width>120</width>
							<height>60</height>
							<font>secondary.info.light</font>
							<align>left</align>
							<aligny>center</aligny>
							<textcolor>white</textcolor>
							<selectedcolor>white]</selectedcolor>
							<label>31510</label>
							<visible>ListItem.HasTimer + !ListItem.IsRecording</visible>
						</control>

					</itemlayout>

					<focusedlayout height="160">

						<!--background-->
						<control type="image">
							<left>4</left>
							<top>0</top>
							<width>1650</width>
							<height>150</height>
							<texture >new_pvr/listselect_fo3.png</texture>
							<animation effect="fade" start="100" end="75" time="0" condition="!Control.HasFocus(13)">Conditional</animation>
						</control>

						<!--background nib-->
						<control type="image">
							<left>0</left>
							<top>0</top>
							<width>4</width>
							<height>150</height>
							<texture >backgrounds/white.png</texture>
							<animation effect="fade" start="100" end="75" time="0" condition="!Control.HasFocus(13)">Conditional</animation>
						</control>

						<control type="image">
							<left>150</left>
							<top>0</top>
							<width>375</width>
							<height>60</height>
							<texture >backgrounds/white.png</texture>
							<animation effect="fade" start="100" end="75" time="0" condition="!Control.HasFocus(13)">Conditional</animation>
						</control>

						<control type="image">
							<left>1440</left>
							<top>0</top>
							<width>214</width>
							<height>60</height>
							<texture >backgrounds/white.png</texture>
							<animation effect="fade" start="100" end="75" time="0" condition="!Control.HasFocus(13)">Conditional</animation>
						</control>

						<control type="label">
							<left>0</left>
							<top>0</top>
							<width>150</width>
							<height>60</height>
							<font>label</font>
							<align>center</align>
							<aligny>center</aligny>
							<textcolor>text.primary</textcolor>
							<selectedcolor>white</selectedcolor>
							<info>ListItem.StartTime</info>
						</control>

						<control type="image">
							<left>165</left>
							<top>8</top>
							<width>45</width>
							<height>45</height>
							<info>ListItem.Icon</info>
							<aspectratio>keep</aspectratio>
						</control>

						<control type="label">
							<left>225</left>
							<top>0</top>
							<width>285</width>
							<height>52</height>
							<font>label</font>
							<align>left</align>
							<aligny>center</aligny>
							<textcolor>white</textcolor>
							<selectedcolor>white</selectedcolor>
							<info>ListItem.ChannelName</info>
						</control>

						<control type="label">
							<left>540</left>
							<top>0</top>
							<width>885</width>
							<height>52</height>
							<font>label</font>
							<align>left</align>
							<aligny>center</aligny>
							<textcolor>black</textcolor>
							<selectedcolor>white</selectedcolor>
							<info>ListItem.Label</info>
						</control>

						<control type="textbox">
							<description>Plot Value for TVShow</description>
							<left>75</left>
							<top>62</top>
							<width>1500</width>
							<height>80</height>
							<font>secondary.info</font>
							<align>justify</align>
							<textcolor>black</textcolor>
							<pagecontrol>-</pagecontrol>
							<label>$INFO[ListItem.Plot]</label>
						</control>

						<control type="image">
							<left>1455</left>
							<top>15</top>
							<width>45</width>
							<height>30</height>
							<texture>PVR-IsRecording.png</texture>
							<aspectratio>keep</aspectratio>



							<visible>ListItem.IsRecording</visible>
						</control>

						<control type="label">
							<left>1508</left>
							<top>0</top>
							<width>120</width>
							<height>60</height>
							<font>secondary.info.light</font>
							<align>left</align>
							<aligny>center</aligny>
							<textcolor>white</textcolor>
							<selectedcolor>white</selectedcolor>
							<label>19043</label>
							<visible>ListItem.IsRecording</visible>
						</control>

						<control type="image">
							<left>1455</left>
							<top>15</top>
							<width>30</width>
							<height>30</height>
							<texture>PVR-HasTimer.png</texture>
							<aspectratio>keep</aspectratio>

							<visible>ListItem.HasTimer + !ListItem.IsRecording</visible>
						</control>

						<control type="label">
							<left>1500</left>
							<top>0</top>
							<width>120</width>
							<height>60</height>
							<font>secondary.info.light</font>
							<align>left</align>
							<aligny>center</aligny>
							<textcolor>white</textcolor>




							<selectedcolor>white</selectedcolor>
							<label>31510</label>
							<visible>ListItem.HasTimer + !ListItem.IsRecording</visible>
						</control>

					</focusedlayout>

				</control>

				<!--scrollbar-->
				<control type="scrollbar" id="76">
					<left>1664</left>
					<top>70</top>
					<height>640</height>
					<onleft>13</onleft>
					<onright>101</onright>
					<orientation>vertical</orientation>
				</control>


			</control>

			<control type="group">



				<control type="image">
					<left>64</left>
					<top>94r</top>
					<width>280</width>
					<height>34</height>
					<texture colordiffuse="tertiary">backgrounds/white.png</texture>

				</control>

				<control type="image">

					<left>60</left>
					<top>94r</top>
					<width>4</width>
					<height>34</height>
					<texture colordiffuse="$VAR[Colour.500]">backgrounds/white.png</texture>
				</control>

				<control type="label">
					<description>Page Count Label</description>

					<left>73</left>
					<top>94r</top>
					<width>750</width>
					<height>34</height>
					<font>breadcrumb.secondary</font>
					<textcolor>text.primary</textcolor>
					<scroll>false</scroll>
					<align>left</align>
					<aligny>center</aligny>
					<label>$INFO[Container(13).NumItems] $LOCALIZE[31025] [COLOR=white]$INFO[Container(13).CurrentPage, $LOCALIZE[31024] ]$INFO[Container(13).NumPages,/,][/COLOR]</label>
					<include>Window_OpenClose_Animation</include>


				</control>

			</control>

		</control>

	</include>

</includes>


