<?xml version="1.0" encoding="UTF-8"?>
<window type="buttonMenu" id="1108">
	<defaultcontrol always="false">111</defaultcontrol>

	<coordinates>
		<system>1</system>
		<origin x="465" y="100">true</origin>
	</coordinates>
	
	<controls>
		<control type="group">
			<depth>DepthDialog</depth>
			<include>DialogOpenCloseAnim</include>
			
			<include content="DialogWithCloseBtnLabel" condition="!Skin.String(BrightnessVar,Fanart)">
				<param name="width" value="350"/>
				<param name="height" value="519" />
				<param name="left" value="290" />
				<param name="labelwidth" value="270" />
				<param name="label" value="$LOCALIZE[31060]" />
			</include>
			
			<include content="DialogWithCloseBtnLabel" condition="Skin.String(BrightnessVar,Fanart)">
				<param name="width" value="350"/>
				<param name="height" value="519" />
				<param name="left" value="290" />
				<param name="labelwidth" value="270" />
				<param name="label" value="$LOCALIZE[31059]" />
			</include>

			<control type="grouplist" id="100">
				<left>DialogMarginOffsetX</left>
				<top>DialogMarginOffsetY</top>
				<itemgap>2</itemgap>
				<onup>100</onup>
				<ondown>9000</ondown>
				<onleft>9000</onleft>
				<onright>9000</onright>
				<control type="button" id="111">
					<description>0%</description>
					<include>ContextMenuBtn</include>
					<label>$NUMBER[0] %</label>
					<onclick condition="Skin.String(BrightnessVar,Fanart)">Skin.SetString(FanartBrightnessValue,0)</onclick>
					<onclick condition="Skin.String(BrightnessVar,Global)">Skin.SetString(GlobalBrightnessValue,0)</onclick>
					<onclick condition="Skin.String(BrightnessVar,Music)">Skin.SetString(MusicBrightnessValue,0)</onclick>
					<onclick condition="Skin.String(BrightnessVar,TV)">Skin.SetString(TVBrightnessValue,0)</onclick>
					<onclick condition="Skin.String(BrightnessVar,Radio)">Skin.SetString(RadioBrightnessValue,0)</onclick>
					<onclick condition="Skin.String(BrightnessVar,Videos)">Skin.SetString(VideosBrightnessValue,0)</onclick>
					<onclick condition="Skin.String(BrightnessVar,Movies)">Skin.SetString(MoviesBrightnessValue,0)</onclick>
					<onclick condition="Skin.String(BrightnessVar,TVShows)">Skin.SetString(TVShowsBrightnessValue,0)</onclick>
					<onclick condition="Skin.String(BrightnessVar,Addons)">Skin.SetString(AddonsBrightnessValue,0)</onclick>
					<onclick condition="Skin.String(BrightnessVar,Pictures)">Skin.SetString(PicturesBrightnessValue,0)</onclick>
					<onclick condition="Skin.String(BrightnessVar,Weather)">Skin.SetString(WeatherBrightnessValue,0)</onclick>
					<onclick condition="Skin.String(BrightnessVar,System)">Skin.SetString(SystemBrightnessValue,0)</onclick>
					<onclick>Dialog.Close(1108)</onclick>
				</control>
				<control type="button" id="101">
					<description>10%</description>
					<include>ContextMenuBtn</include>
					<label>$NUMBER[10] %</label>
					<onclick condition="Skin.String(BrightnessVar,Fanart)">Skin.SetString(FanartBrightnessValue,10)</onclick>
					<onclick condition="Skin.String(BrightnessVar,Global)">Skin.SetString(GlobalBrightnessValue,10)</onclick>
					<onclick condition="Skin.String(BrightnessVar,Music)">Skin.SetString(MusicBrightnessValue,10)</onclick>
					<onclick condition="Skin.String(BrightnessVar,TV)">Skin.SetString(TVBrightnessValue,10)</onclick>
					<onclick condition="Skin.String(BrightnessVar,Radio)">Skin.SetString(RadioBrightnessValue,10)</onclick>
					<onclick condition="Skin.String(BrightnessVar,Videos)">Skin.SetString(VideosBrightnessValue,10)</onclick>
					<onclick condition="Skin.String(BrightnessVar,Movies)">Skin.SetString(MoviesBrightnessValue,10)</onclick>
					<onclick condition="Skin.String(BrightnessVar,TVShows)">Skin.SetString(TVShowsBrightnessValue,10)</onclick>
					<onclick condition="Skin.String(BrightnessVar,Addons)">Skin.SetString(AddonsBrightnessValue,10)</onclick>
					<onclick condition="Skin.String(BrightnessVar,Pictures)">Skin.SetString(PicturesBrightnessValue,10)</onclick>
					<onclick condition="Skin.String(BrightnessVar,Weather)">Skin.SetString(WeatherBrightnessValue,10)</onclick>
					<onclick condition="Skin.String(BrightnessVar,System)">Skin.SetString(SystemBrightnessValue,10)</onclick>
					<onclick>Dialog.Close(1108)</onclick>
				</control>
				<control type="button" id="102">
					<description>20%</description>
					<include>ContextMenuBtn</include>
					<label>$NUMBER[20] %</label>
					<onclick condition="Skin.String(BrightnessVar,Fanart)">Skin.SetString(FanartBrightnessValue,20)</onclick>
					<onclick condition="Skin.String(BrightnessVar,Global)">Skin.SetString(GlobalBrightnessValue,20)</onclick>
					<onclick condition="Skin.String(BrightnessVar,Music)">Skin.SetString(MusicBrightnessValue,20)</onclick>
					<onclick condition="Skin.String(BrightnessVar,TV)">Skin.SetString(TVBrightnessValue,20)</onclick>
					<onclick condition="Skin.String(BrightnessVar,Radio)">Skin.SetString(RadioBrightnessValue,20)</onclick>
					<onclick condition="Skin.String(BrightnessVar,Videos)">Skin.SetString(VideosBrightnessValue,20)</onclick>
					<onclick condition="Skin.String(BrightnessVar,Movies)">Skin.SetString(MoviesBrightnessValue,20)</onclick>
					<onclick condition="Skin.String(BrightnessVar,TVShows)">Skin.SetString(TVShowsBrightnessValue,20)</onclick>
					<onclick condition="Skin.String(BrightnessVar,Addons)">Skin.SetString(AddonsBrightnessValue,20)</onclick>
					<onclick condition="Skin.String(BrightnessVar,Pictures)">Skin.SetString(PicturesBrightnessValue,20)</onclick>
					<onclick condition="Skin.String(BrightnessVar,Weather)">Skin.SetString(WeatherBrightnessValue,20)</onclick>
					<onclick condition="Skin.String(BrightnessVar,System)">Skin.SetString(SystemBrightnessValue,20)</onclick>
					<onclick>Dialog.Close(1108)</onclick>
				</control>
				<control type="button" id="103">
					<description>30%</description>
					<include>ContextMenuBtn</include>
					<label>$NUMBER[30] %</label>
					<onclick condition="Skin.String(BrightnessVar,Fanart)">Skin.SetString(FanartBrightnessValue,30)</onclick>
					<onclick condition="Skin.String(BrightnessVar,Global)">Skin.SetString(GlobalBrightnessValue,30)</onclick>
					<onclick condition="Skin.String(BrightnessVar,Music)">Skin.SetString(MusicBrightnessValue,30)</onclick>
					<onclick condition="Skin.String(BrightnessVar,TV)">Skin.SetString(TVBrightnessValue,30)</onclick>
					<onclick condition="Skin.String(BrightnessVar,Radio)">Skin.SetString(RadioBrightnessValue,30)</onclick>
					<onclick condition="Skin.String(BrightnessVar,Videos)">Skin.SetString(VideosBrightnessValue,30)</onclick>
					<onclick condition="Skin.String(BrightnessVar,Movies)">Skin.SetString(MoviesBrightnessValue,30)</onclick>
					<onclick condition="Skin.String(BrightnessVar,TVShows)">Skin.SetString(TVShowsBrightnessValue,30)</onclick>
					<onclick condition="Skin.String(BrightnessVar,Addons)">Skin.SetString(AddonsBrightnessValue,30)</onclick>
					<onclick condition="Skin.String(BrightnessVar,Pictures)">Skin.SetString(PicturesBrightnessValue,30)</onclick>
					<onclick condition="Skin.String(BrightnessVar,Weather)">Skin.SetString(WeatherBrightnessValue,30)</onclick>
					<onclick condition="Skin.String(BrightnessVar,System)">Skin.SetString(SystemBrightnessValue,30)</onclick>
					<onclick>Dialog.Close(1108)</onclick>
				</control>
				<control type="button" id="104">
					<description>40%</description>
					<include>ContextMenuBtn</include>
					<label>$NUMBER[40] %</label>
					<onclick condition="Skin.String(BrightnessVar,Fanart)">Skin.SetString(FanartBrightnessValue,40)</onclick>
					<onclick condition="Skin.String(BrightnessVar,Global)">Skin.SetString(GlobalBrightnessValue,40)</onclick>
					<onclick condition="Skin.String(BrightnessVar,Music)">Skin.SetString(MusicBrightnessValue,40)</onclick>
					<onclick condition="Skin.String(BrightnessVar,TV)">Skin.SetString(TVBrightnessValue,40)</onclick>
					<onclick condition="Skin.String(BrightnessVar,Radio)">Skin.SetString(RadioBrightnessValue,40)</onclick>
					<onclick condition="Skin.String(BrightnessVar,Videos)">Skin.SetString(VideosBrightnessValue,40)</onclick>
					<onclick condition="Skin.String(BrightnessVar,Movies)">Skin.SetString(MoviesBrightnessValue,40)</onclick>
					<onclick condition="Skin.String(BrightnessVar,TVShows)">Skin.SetString(TVShowsBrightnessValue,40)</onclick>
					<onclick condition="Skin.String(BrightnessVar,Addons)">Skin.SetString(AddonsBrightnessValue,40)</onclick>
					<onclick condition="Skin.String(BrightnessVar,Pictures)">Skin.SetString(PicturesBrightnessValue,40)</onclick>
					<onclick condition="Skin.String(BrightnessVar,Weather)">Skin.SetString(WeatherBrightnessValue,40)</onclick>
					<onclick condition="Skin.String(BrightnessVar,System)">Skin.SetString(SystemBrightnessValue,40)</onclick>
					<onclick>Dialog.Close(1108)</onclick>
				</control>
				<control type="button" id="105">
					<description>50%</description>
					<include>ContextMenuBtn</include>
					<label>$NUMBER[50] %</label>
					<onclick condition="Skin.String(BrightnessVar,Fanart)">Skin.SetString(FanartBrightnessValue,50)</onclick>
					<onclick condition="Skin.String(BrightnessVar,Global)">Skin.SetString(GlobalBrightnessValue,50)</onclick>
					<onclick condition="Skin.String(BrightnessVar,Music)">Skin.SetString(MusicBrightnessValue,50)</onclick>
					<onclick condition="Skin.String(BrightnessVar,TV)">Skin.SetString(TVBrightnessValue,50)</onclick>
					<onclick condition="Skin.String(BrightnessVar,Radio)">Skin.SetString(RadioBrightnessValue,50)</onclick>
					<onclick condition="Skin.String(BrightnessVar,Videos)">Skin.SetString(VideosBrightnessValue,50)</onclick>
					<onclick condition="Skin.String(BrightnessVar,Movies)">Skin.SetString(MoviesBrightnessValue,50)</onclick>
					<onclick condition="Skin.String(BrightnessVar,TVShows)">Skin.SetString(TVShowsBrightnessValue,50)</onclick>
					<onclick condition="Skin.String(BrightnessVar,Addons)">Skin.SetString(AddonsBrightnessValue,50)</onclick>
					<onclick condition="Skin.String(BrightnessVar,Pictures)">Skin.SetString(PicturesBrightnessValue,50)</onclick>
					<onclick condition="Skin.String(BrightnessVar,Weather)">Skin.SetString(WeatherBrightnessValue,50)</onclick>
					<onclick condition="Skin.String(BrightnessVar,System)">Skin.SetString(SystemBrightnessValue,50)</onclick>
					<onclick>Dialog.Close(1108)</onclick>
				</control>
				<control type="button" id="106">
					<description>60%</description>
					<include>ContextMenuBtn</include>
					<label>$NUMBER[60] %</label>
					<onclick condition="Skin.String(BrightnessVar,Fanart)">Skin.SetString(FanartBrightnessValue,60)</onclick>
					<onclick condition="Skin.String(BrightnessVar,Global)">Skin.SetString(GlobalBrightnessValue,60)</onclick>
					<onclick condition="Skin.String(BrightnessVar,Music)">Skin.SetString(MusicBrightnessValue,60)</onclick>
					<onclick condition="Skin.String(BrightnessVar,TV)">Skin.SetString(TVBrightnessValue,60)</onclick>
					<onclick condition="Skin.String(BrightnessVar,Radio)">Skin.SetString(RadioBrightnessValue,60)</onclick>
					<onclick condition="Skin.String(BrightnessVar,Videos)">Skin.SetString(VideosBrightnessValue,60)</onclick>
					<onclick condition="Skin.String(BrightnessVar,Movies)">Skin.SetString(MoviesBrightnessValue,60)</onclick>
					<onclick condition="Skin.String(BrightnessVar,TVShows)">Skin.SetString(TVShowsBrightnessValue,60)</onclick>
					<onclick condition="Skin.String(BrightnessVar,Addons)">Skin.SetString(AddonsBrightnessValue,60)</onclick>
					<onclick condition="Skin.String(BrightnessVar,Pictures)">Skin.SetString(PicturesBrightnessValue,60)</onclick>
					<onclick condition="Skin.String(BrightnessVar,Weather)">Skin.SetString(WeatherBrightnessValue,60)</onclick>
					<onclick condition="Skin.String(BrightnessVar,System)">Skin.SetString(SystemBrightnessValue,60)</onclick>
					<onclick>Dialog.Close(1108)</onclick>
				</control>
				<control type="button" id="107">
					<description>70%</description>
					<include>ContextMenuBtn</include>
					<label>$NUMBER[70] %</label>
					<onclick condition="Skin.String(BrightnessVar,Fanart)">Skin.SetString(FanartBrightnessValue,70)</onclick>
					<onclick condition="Skin.String(BrightnessVar,Global)">Skin.SetString(GlobalBrightnessValue,70)</onclick>
					<onclick condition="Skin.String(BrightnessVar,Music)">Skin.SetString(MusicBrightnessValue,70)</onclick>
					<onclick condition="Skin.String(BrightnessVar,TV)">Skin.SetString(TVBrightnessValue,70)</onclick>
					<onclick condition="Skin.String(BrightnessVar,Radio)">Skin.SetString(RadioBrightnessValue,70)</onclick>
					<onclick condition="Skin.String(BrightnessVar,Videos)">Skin.SetString(VideosBrightnessValue,70)</onclick>
					<onclick condition="Skin.String(BrightnessVar,Movies)">Skin.SetString(MoviesBrightnessValue,70)</onclick>
					<onclick condition="Skin.String(BrightnessVar,TVShows)">Skin.SetString(TVShowsBrightnessValue,70)</onclick>
					<onclick condition="Skin.String(BrightnessVar,Addons)">Skin.SetString(AddonsBrightnessValue,70)</onclick>
					<onclick condition="Skin.String(BrightnessVar,Pictures)">Skin.SetString(PicturesBrightnessValue,70)</onclick>
					<onclick condition="Skin.String(BrightnessVar,Weather)">Skin.SetString(WeatherBrightnessValue,70)</onclick>
					<onclick condition="Skin.String(BrightnessVar,System)">Skin.SetString(SystemBrightnessValue,70)</onclick>
					<onclick>Dialog.Close(1108)</onclick>
				</control>
				<control type="button" id="108">
					<description>80%</description>
					<include>ContextMenuBtn</include>
					<label>$NUMBER[80] %</label>
					<onclick condition="Skin.String(BrightnessVar,Fanart)">Skin.SetString(FanartBrightnessValue,80)</onclick>
					<onclick condition="Skin.String(BrightnessVar,Global)">Skin.SetString(GlobalBrightnessValue,80)</onclick>
					<onclick condition="Skin.String(BrightnessVar,Music)">Skin.SetString(MusicBrightnessValue,80)</onclick>
					<onclick condition="Skin.String(BrightnessVar,TV)">Skin.SetString(TVBrightnessValue,80)</onclick>
					<onclick condition="Skin.String(BrightnessVar,Radio)">Skin.SetString(RadioBrightnessValue,80)</onclick>
					<onclick condition="Skin.String(BrightnessVar,Videos)">Skin.SetString(VideosBrightnessValue,80)</onclick>
					<onclick condition="Skin.String(BrightnessVar,Movies)">Skin.SetString(MoviesBrightnessValue,80)</onclick>
					<onclick condition="Skin.String(BrightnessVar,TVShows)">Skin.SetString(TVShowsBrightnessValue,80)</onclick>
					<onclick condition="Skin.String(BrightnessVar,Addons)">Skin.SetString(AddonsBrightnessValue,80)</onclick>
					<onclick condition="Skin.String(BrightnessVar,Pictures)">Skin.SetString(PicturesBrightnessValue,80)</onclick>
					<onclick condition="Skin.String(BrightnessVar,Weather)">Skin.SetString(WeatherBrightnessValue,80)</onclick>
					<onclick condition="Skin.String(BrightnessVar,System)">Skin.SetString(SystemBrightnessValue,80)</onclick>
					<onclick>Dialog.Close(1108)</onclick>
				</control>
				<control type="button" id="109">
					<description>90%</description>
					<include>ContextMenuBtn</include>
					<label>$NUMBER[90] %</label>
					<onclick condition="Skin.String(BrightnessVar,Fanart)">Skin.SetString(FanartBrightnessValue,90)</onclick>
					<onclick condition="Skin.String(BrightnessVar,Global)">Skin.SetString(GlobalBrightnessValue,90)</onclick>
					<onclick condition="Skin.String(BrightnessVar,Music)">Skin.SetString(MusicBrightnessValue,90)</onclick>
					<onclick condition="Skin.String(BrightnessVar,TV)">Skin.SetString(TVBrightnessValue,90)</onclick>
					<onclick condition="Skin.String(BrightnessVar,Radio)">Skin.SetString(RadioBrightnessValue,90)</onclick>
					<onclick condition="Skin.String(BrightnessVar,Videos)">Skin.SetString(VideosBrightnessValue,90)</onclick>
					<onclick condition="Skin.String(BrightnessVar,Movies)">Skin.SetString(MoviesBrightnessValue,90)</onclick>
					<onclick condition="Skin.String(BrightnessVar,TVShows)">Skin.SetString(TVShowsBrightnessValue,90)</onclick>
					<onclick condition="Skin.String(BrightnessVar,Addons)">Skin.SetString(AddonsBrightnessValue,90)</onclick>
					<onclick condition="Skin.String(BrightnessVar,Pictures)">Skin.SetString(PicturesBrightnessValue,90)</onclick>
					<onclick condition="Skin.String(BrightnessVar,Weather)">Skin.SetString(WeatherBrightnessValue,90)</onclick>
					<onclick condition="Skin.String(BrightnessVar,System)">Skin.SetString(SystemBrightnessValue,90)</onclick>
					<onclick>Dialog.Close(1108)</onclick>
				</control>
				<control type="button" id="110">
					<description>100%</description>
					<include>ContextMenuBtn</include>
					<label>$NUMBER[100] %</label>
					<onclick condition="Skin.String(BrightnessVar,Fanart)">Skin.SetString(FanartBrightnessValue,100)</onclick>
					<onclick condition="Skin.String(BrightnessVar,Global)">Skin.SetString(GlobalBrightnessValue,100)</onclick>
					<onclick condition="Skin.String(BrightnessVar,Music)">Skin.SetString(MusicBrightnessValue,100)</onclick>
					<onclick condition="Skin.String(BrightnessVar,TV)">Skin.SetString(TVBrightnessValue,100)</onclick>
					<onclick condition="Skin.String(BrightnessVar,Radio)">Skin.SetString(RadioBrightnessValue,100)</onclick>
					<onclick condition="Skin.String(BrightnessVar,Videos)">Skin.SetString(VideosBrightnessValue,100)</onclick>
					<onclick condition="Skin.String(BrightnessVar,Movies)">Skin.SetString(MoviesBrightnessValue,100)</onclick>
					<onclick condition="Skin.String(BrightnessVar,TVShows)">Skin.SetString(TVShowsBrightnessValue,100)</onclick>
					<onclick condition="Skin.String(BrightnessVar,Addons)">Skin.SetString(AddonsBrightnessValue,100)</onclick>
					<onclick condition="Skin.String(BrightnessVar,Pictures)">Skin.SetString(PicturesBrightnessValue,100)</onclick>
					<onclick condition="Skin.String(BrightnessVar,Weather)">Skin.SetString(WeatherBrightnessValue,100)</onclick>
					<onclick condition="Skin.String(BrightnessVar,System)">Skin.SetString(SystemBrightnessValue,100)</onclick>
					<onclick>Dialog.Close(1108)</onclick>
				</control>
			</control>
			
			<control type="button" id="9000">
				<description>Cancel</description>
				<top>465</top>
				<left>87</left>
				<include>DialogMenuBarBtn</include>
				<label>$LOCALIZE[222]</label>
				<onclick>Dialog.Close(1108)</onclick>
				<onup>110</onup>
				<ondown>111</ondown>
				<onleft>100</onleft>
				<onright>100</onright>
			</control>
		</control>
	</controls>
</window>