<?xml version="1.0" encoding="UTF-8"?>
<window type="dialog" id="1104">
	<defaultcontrol always="true">971</defaultcontrol>

	<coordinates>
		<system>1</system>
		<origin x="395" y="180">true</origin>
	</coordinates>
	
	<controls>
		<control type="group">
			<depth>DepthDialog</depth>
			<include>DialogOpenCloseAnim</include>
			
			<control type="image">
				<width>490</width>
				<height>217</height>
				<texture border="50,70,50,75">panels/dialog-background.png</texture>
			</control>

			<control type="label">
				<width>410</width>
				<include>DialogTitle</include>
				<label>$LOCALIZE[559]</label>
			</control>
			
			<control type="textbox">
				<description>Text</description>
				<left>DialogMarginOffsetX</left>
				<top>80</top>
				<width>420</width>
				<height>78</height>
				<align>center</align>
				<label>$LOCALIZE[31980]</label>
				<font>DefaultFontB</font>
				<textcolor>ButtonColor</textcolor>
				<autoscroll time="3000" delay="4000" repeat="10000">true</autoscroll>
			</control>

			<control type="grouplist">
				<left>75</left>
				<top>164</top>
				<itemgap>0</itemgap>
				<orientation>horizontal</orientation>
				<control type="button" id="970">
					<description>Yes</description>
					<include>DialogMenuBarBtn</include>
					<onclick>PreviousMenu</onclick>
					<onclick>Skin.SetString(DialogPresetsItemPath,PlayMedia($INFO[Skin.String(DialogPresetsItem)]))</onclick>
					<label>$LOCALIZE[107]</label>
				</control>
				<control type="button" id="971">
					<description>No</description>
					<include>DialogMenuBarBtn</include>
					<onclick>PreviousMenu</onclick>
					<onclick condition="String.Contains(Skin.String(DialogPresetsParam),DialogPresetsPlaylistMusic)">Skin.SetString(DialogPresetsItemPath,ActivateWindow(Music,$INFO[Skin.String(DialogPresetsItem)],Return))</onclick>
					<onclick condition="String.Contains(Skin.String(DialogPresetsParam),DialogPresetsPlaylistVideos)">Skin.SetString(DialogPresetsItemPath,ActivateWindow(Videos,$INFO[Skin.String(DialogPresetsItem)],Return))</onclick>
					<label>$LOCALIZE[106]</label>
				</control>
			</control>
		</control>
	</controls>
</window>