<?xml version="1.0" encoding="UTF-8"?>
<window>
	<defaultcontrol always="true">9000</defaultcontrol>
	
	<coordinates>
		<left>325</left>
		<top>81</top>
	</coordinates>
	
	<controls>
		<control type="group">
			<depth>DepthDialog+</depth>
			<include>DialogOpenCloseAnim</include>
			
			<include content="DialogWithCloseBtnLabel">
				<param name="width" value="630"/>
				<param name="height" value="557" />
				<param name="left" value="570" />
				<param name="labelwidth" value="550" />
				<param name="label" value="$ADDON[adsp.freesurround 30011]" />
			</include>
			
			<control type="grouplist" id="9000">
				<top>DialogMarginOffsetY</top>
				<left>DialogMarginOffsetX</left>
				<orientation>vertical</orientation>
				<itemgap>2</itemgap>
				<onup>9001</onup>
				<ondown>9001</ondown>
				<onleft>1</onleft>
				<onright>5</onright>
				<control type="sliderex" id="41">
					<description>Circular wrap</description>
					<width>560</width>
					<include>DialogContentLabel</include>
					<label>$ADDON[adsp.freesurround 30018]</label>
				</control>
				<control type="sliderex" id="42">
					<description>Shift</description>
					<width>560</width>
					<include>DialogContentLabel</include>
					<label>$ADDON[adsp.freesurround 30020]</label>
				</control>
				<control type="sliderex" id="43">
					<description>Depth</description>
					<width>560</width>
					<include>DialogContentLabel</include>
					<label>$ADDON[adsp.freesurround 30013]</label>
				</control>
				<control type="sliderex" id="44">
					<description>Focus</description>
					<width>560</width>
					<include>DialogContentLabel</include>
					<label>$ADDON[adsp.freesurround 30014]</label>
				</control>
				<control type="sliderex" id="45">
					<description>front seperation</description>
					<width>560</width>
					<include>DialogContentLabel</include>
					<label>$ADDON[adsp.freesurround 30016]</label>
				</control>
				<control type="sliderex" id="46">
					<description>rear seperation</description>
					<width>560</width>
					<include>DialogContentLabel</include>
					<label>$ADDON[adsp.freesurround 30017]</label>
				</control>
			</control>
			
			<control type="grouplist" id="9001">
				<description>Dialog Button Area</description>
				<width>630</width>
				<align>center</align>
				<top>504</top>
				<itemgap>0</itemgap>
				<orientation>horizontal</orientation>
				<onup>9000</onup>
				<ondown>9000</ondown>
				<control type="button" id="1">
					<description>OK</description>
					<include>DialogMenuBarBtn</include>
					<label>$LOCALIZE[186]</label>
				</control>
				<control type="button" id="2">
					<description>Cancel</description>
					<include>DialogMenuBarBtn</include>
					<label>$LOCALIZE[222]</label>
				</control>
				<control type="button" id="5">
					<description>Default Button</description>
					<include>DialogMenuBarBtn</include>
					<label>$LOCALIZE[409]</label>
				</control>
			</control>
		</control>
	</controls>
</window>
