<?xml version="1.0" encoding="UTF-8"?>
<window>
	<defaultcontrol always="true">500</defaultcontrol>
	<menucontrol>850</menucontrol>
	<views>50,63,52,580</views>
	<onload>Skin.Reset(ShowMediaExtraOptions)</onload>
	
	<controls>
		<control type="group">
			<depth>DepthBackground</depth>
			<include>BackgroundDefault</include>
			<include condition="[[!String.IsEmpty(Skin.String(CustomVideosBGPath)) + [Skin.String(CustomVideosBGType,2) | Skin.String(CustomVideosBGType,3)]] 
			| Skin.String(CustomVideosBGType,4)] + Skin.HasSetting(ApplyAllVideosCustomBG) + Window.IsActive(videoplaylist)">BackgroundVideos</include>
			<include condition="[[!String.IsEmpty(Skin.String(CustomMusicBGPath)) + [Skin.String(CustomMusicBGType,2) | Skin.String(CustomMusicBGType,3)]] 
			| Skin.String(CustomMusicBGType,4)] + Skin.HasSetting(ApplyAllMusicCustomBG) + Window.IsActive(musicplaylist)">BackgroundMusic</include>
			<include>BackgroundMusicFanart</include>
			<include>BackgroundVideoFanart</include>
			<include condition="!Skin.HasSetting(DisableVideoPlayingBG)">BackgroundVideoPlaying</include>
			<include condition="!Skin.HasSetting(DisableMusicPlayingBG)">BackgroundMusicPlaying</include>
			<include>BackgroundOpenCloseAnim</include>
		</control>

		<control type="group">
			<visible>!Window.IsActive(DialogMusicInfo.xml) + !Window.IsActive(MovieInformation)</visible>
			<depth>DepthContent</depth>
			<include>MediaInfoOpenCloseAnim</include>
			<include>IconView</include> <!-- 50 -->
			<include>ListView</include> <!-- 52 -->
			<include>AlbumThumbsView</include> <!-- 63 -->
			<include condition="!Skin.HasSetting(DisablePlaylistView)">PlaylistView</include> <!-- 580 -->
		</control>
		
		<include>MediaMenuBar</include>
		
		<control type="group">
			<description>Top Bar Area</description>
			<visible>![System.IdleTime(3) + !Control.IsVisible(505) + Skin.HasSetting(HideTopBar) + !Control.HasFocus(555)]</visible>
			<depth>DepthTopBar</depth>
			<include>TopBarImage</include>
			<include>TopBarOpenCloseAnim</include>
			<include condition="Window.IsActive(videoplaylist)">BreadCrumbVideoPlaylist</include>
			<include condition="Window.IsActive(musicplaylist)">BreadCrumbMusicPlaylist</include>
			<include>Notifications</include>
			<include>SortLetterNotification</include>
		</control>
	</controls>
</window>