<?xml version="1.0" encoding="utf-8"?>
<window>
    <defaultcontrol always="true">9090</defaultcontrol>
	<include>MenuOpenCloseAnim</include>
	
    <controls>
		<control type="button">
			<onclick>Action(Close)</onclick>
			<include>DropDownMenuCloseHitRect</include>
		</control>
		
		<control type="group">
			<depth>DepthMenuBar</depth>
			<top>80</top>
			<left>178</left>
			<animation effect="slide" end="91,0" condition="Window.IsActive(script-script.extendedinfo-YoutubeList.xml)">Conditional</animation>

			<control type="image">
				<width>196</width>
				<height>267</height>
				<texture border="7,7,7,1">gui/menu-bar-item-top-border.png</texture>
			</control>
			
			<control type="panel" id="9090">
                <left>9</left>
                <top>8</top>
                <width>186</width>
                <height>260</height>
                <onleft>Action(Close)</onleft>
                <onright>Action(Close)</onright>
                <onup condition="Integer.IsGreater(Container(9091).NumItems,0)">Control.SetFocus(9091,999)</onup>
                <ondown condition="Integer.IsGreater(Container(9091).NumItems,0)">Control.SetFocus(9091,0)</ondown>
                <onback>noop</onback>
                <orientation>vertical</orientation>
                <scrolltime tween="quadratic" easing="out">200</scrolltime>
                <itemlayout height="65" width="60">
                    <control type="image">
                        <width>58</width>
                        <height>63</height>
                        <texture border="5">controls/button-nofocus.png</texture>
                    </control>
                    <control type="label">
                        <top>10</top>
                        <width>58</width>
                        <align>center</align>
                        <font>DefaultFont</font>
						<textcolor>MenuItemColor</textcolor>
						<shadowcolor>ShadowColor</shadowcolor>
                        <label>$INFO[ListItem.Label]</label>
                    </control>
                    <control type="label">
                        <top>30</top>
                        <width>58</width>
                        <align>center</align>
                        <font>font13</font>
						<textcolor>MenuItemColor</textcolor>
						<shadowcolor>ShadowColor</shadowcolor>
                        <label>$INFO[ListItem.Label2]</label>
						<visible>!String.IsEqual(ListItem.Label2,classic)</visible>
                    </control>
					<control type="label">
                        <top>30</top>
                        <width>58</width>
                        <align>center</align>
                        <font>ListFont5</font>
						<textcolor>MenuItemColor</textcolor>
						<shadowcolor>ShadowColor</shadowcolor>
                        <label>$INFO[ListItem.Label2]</label>
						<visible>String.IsEqual(ListItem.Label2,classic)</visible>
                    </control>
                </itemlayout>
                <focusedlayout height="65" width="60">
                    <control type="image">
                        <width>58</width>
                        <height>63</height>
                        <texture border="5">controls/button-focus.png</texture>
                    </control>
                    <control type="label">
                        <top>10</top>
                        <width>58</width>
                        <align>center</align>
                        <font>DefaultFont</font>
						<textcolor>MenuItemFocusColor</textcolor>
						<shadowcolor>ShadowColor</shadowcolor>
                        <label>$INFO[ListItem.Label]</label>
                    </control>
                    <control type="label">
                        <top>30</top>
                        <width>58</width>
                        <align>center</align>
                        <font>font13</font>
						<textcolor>MenuItemFocusColor</textcolor>
						<shadowcolor>ShadowColor</shadowcolor>
                        <label>$INFO[ListItem.Label2]</label>
						<visible>!String.IsEqual(ListItem.Label2,classic)</visible>
                    </control>
					<control type="label">
                        <top>30</top>
                        <width>58</width>
                        <align>center</align>
                        <font>ListFont5</font>
						<textcolor>MenuItemFocusColor</textcolor>
						<shadowcolor>ShadowColor</shadowcolor>
                        <label>$INFO[ListItem.Label2]</label>
						<visible>String.IsEqual(ListItem.Label2,classic)</visible>
                    </control>
                </focusedlayout>
            </control>
			
			<control type="image">
				<top>267</top>
				<width>196</width>
				<height>30</height>
				<texture border="9,0,9,3">gui/menu-bar-item-nofocus2.png</texture>
			</control>
			
			<control type="label" id="600">
                <top>267</top>
				<left>18</left>
                <width>160</width>
                <height>30</height>
                <align>center</align>
				<aligny>center</aligny>
				<font>MenuBarBtnFont</font>
                <textcolor>ContentTitleColor</textcolor>
                <scroll>true</scroll>
                <scrollspeed>20</scrollspeed>
            </control>
			
			<control type="list" id="9091">
                <top>297</top>
                <width>196</width>
                <height>259</height>
                <onleft>Action(Close)</onleft>
                <onright>Action(Close)</onright>
                <onup>9090</onup>
                <ondown>9090</ondown>
                <onback>noop</onback>
                <orientation>vertical</orientation>
                <scrolltime tween="quadratic" easing="out">200</scrolltime>
                <itemlayout height="37" width="196">
                    <control type="image">
                        <width>196</width>
                        <height>37</height>
                        <texture border="9,0,9,3">gui/menu-bar-item-nofocus.png</texture>
                    </control>
                    <control type="label">
                        <left>15</left>
                        <width>166</width>
                        <height>37</height>
                        <align>center</align>
                        <aligny>center</aligny>
                        <font>MenuItemFont</font>
						<textcolor>MenuItemColor</textcolor>
						<shadowcolor>ShadowColor</shadowcolor>
                        <label>$INFO[ListItem.Label]</label>
                    </control>
                </itemlayout>
                <focusedlayout height="37" width="196">
                    <control type="image">
                        <width>196</width>
                        <height>37</height>
                        <texture border="12,4,12,5">gui/menu-bar-item-focus.png</texture>
						<visible>Control.HasFocus(9091)</visible>
                    </control>
					<control type="image">
                        <width>196</width>
                        <height>37</height>
                        <texture border="9,0,9,3">gui/menu-bar-item-nofocus.png</texture>
						<visible>!Control.HasFocus(9091)</visible>
                    </control>
                    <control type="label">
                        <left>15</left>
                        <width>166</width>
                        <height>37</height>
                        <align>center</align>
                        <aligny>center</aligny>
                        <font>MenuItemFont</font>
						<textcolor>MenuItemFocusColor</textcolor>
						<shadowcolor>ShadowColor</shadowcolor>
                        <label>$INFO[ListItem.Label]</label>
                    </control>
                </focusedlayout>
            </control>
			
			<control type="image">
				<top>556</top>
				<width>196</width>
				<include>DropDownMenuBottomBorder</include>
				<animation effect="slide" end="0,-259" condition="String.IsEqual(Container(9091).NumItems,0)">Conditional</animation>
				<animation effect="slide" end="0,-222" condition="String.IsEqual(Container(9091).NumItems,1)">Conditional</animation>
				<animation effect="slide" end="0,-185" condition="String.IsEqual(Container(9091).NumItems,2)">Conditional</animation>
				<animation effect="slide" end="0,-148" condition="String.IsEqual(Container(9091).NumItems,3)">Conditional</animation>
				<animation effect="slide" end="0,-111" condition="String.IsEqual(Container(9091).NumItems,4)">Conditional</animation>
				<animation effect="slide" end="0,-74" condition="String.IsEqual(Container(9091).NumItems,5)">Conditional</animation>
				<animation effect="slide" end="0,-37" condition="String.IsEqual(Container(9091).NumItems,6)">Conditional</animation>
			</control>
		</control>
    </controls>
</window>
