<?xml version="1.0" encoding="UTF-8"?>
<window id="11112">
    <defaultcontrol always="true">10070</defaultcontrol>

	<coordinates>
		<system>1</system>
		<left>400</left>
        <top>310.5</top>
	</coordinates>
	
    <controls>
		<control type="group">
			<depth>DepthDialog</depth>
			<include>DialogOpenCloseAnim</include>
			<animation effect="slide" end="0,-18.5" condition="Integer.IsEqual(Container(10070).NumItems,2)">Conditional</animation>
			<animation effect="slide" end="0,-37" condition="Integer.IsEqual(Container(10070).NumItems,3)">Conditional</animation>
			<animation effect="slide" end="0,-55.5" condition="Integer.IsEqual(Container(10070).NumItems,4)">Conditional</animation>
			
			<control type="image">
				<width>480</width>
				<height>144</height>
				<texture border="50,70,50,75">panels/dialog-background.png</texture>
				<visible>Integer.IsEqual(Container(10070).NumItems,1)</visible>
			</control>
			
			<control type="image">
				<width>480</width>
				<height>181</height>
				<texture border="50,70,50,75">panels/dialog-background.png</texture>
				<visible>Integer.IsEqual(Container(10070).NumItems,2)</visible>
			</control>
			
			<control type="image">
				<width>480</width>
				<height>218</height>
				<texture border="50,70,50,75">panels/dialog-background.png</texture>
				<visible>Integer.IsEqual(Container(10070).NumItems,3)</visible>
			</control>
			
			<control type="image">
				<width>480</width>
				<height>255</height>
				<texture border="50,70,50,75">panels/dialog-background.png</texture>
				<visible>Integer.IsEqual(Container(10070).NumItems,4)</visible>
			</control>

			<control type="button">
				<left>420</left>
				<include>DialogCloseBtn</include>
			</control>
			
			<control type="label" id="10071">
				<width>400</width>
				<label />
				<include>DialogTitle</include>
			</control>
			
			<control type="list" id="10070">
				<description>button list</description>
				<top>50</top>
				<left>32</left>
				<width>416</width>
				<height max="148">auto</height>
				<ondown>9000</ondown>
				<onleft>9000</onleft>
				<onright>9000</onright>
				<itemlayout width="416" height="37">
					<control type="image">
						<width>416</width>
						<height>35</height>
						<texture border="5">controls/button-nofocus.png</texture>
					</control>
					<control type="label">
						<height>35</height>
						<width>416</width>
						<textoffsetx>8</textoffsetx>
						<textwidth>400</textwidth>
						<font>ButtonFont</font>
						<textcolor>ButtonColor</textcolor>
						<shadowcolor>ShadowColor</shadowcolor>
						<align>center</align>
						<aligny>center</aligny>
						<info>ListItem.Label</info>
					</control>
				</itemlayout>
				<focusedlayout width="416" height="37">
					<control type="image">
						<width>416</width>
						<height>35</height>
						<texture border="5">controls/button-focus.png</texture>
						<visible>Control.HasFocus(10070)</visible>
					</control>
					<control type="image">
						<width>416</width>
						<height>35</height>
						<texture border="5">controls/button-nofocus.png</texture>
						<visible>!Control.HasFocus(10070)</visible>
					</control>
					<control type="label">
						<height>35</height>
						<width>416</width>
						<textoffsetx>8</textoffsetx>
						<textwidth>400</textwidth>
						<font>ButtonFont</font>
						<textcolor>SelectedColor</textcolor>
						<scroll>true</scroll>
						<shadowcolor>ShadowColor</shadowcolor>
						<align>center</align>
						<aligny>center</aligny>
						<info>ListItem.Label</info>
					</control>
				</focusedlayout>
			</control>
			
			<control type="button" id="9000">
				<animation effect="slide" end="0,37.5" condition="Integer.IsEqual(Container(10070).NumItems,2)">Conditional</animation>
				<animation effect="slide" end="0,74" condition="Integer.IsEqual(Container(10070).NumItems,3)">Conditional</animation>
				<animation effect="slide" end="0,111" condition="Integer.IsEqual(Container(10070).NumItems,4)">Conditional</animation>
				<top>91</top>
				<left>155</left>
				<include>DialogMenuBarBtn</include>
				<label>$LOCALIZE[15067]</label>
				<onup>10070</onup>
				<onleft>10070</onleft>
				<onright>10070</onright>
				<onclick>PreviousMenu</onclick>
			</control>
		</control>
    </controls>
</window>