<?xml version="1.0" encoding="utf-8"?>
<window type="buttonMenu">
	<defaultcontrol>9000</defaultcontrol>
	
	<coordinates>
		<system>1</system>
		<origin x="468" y="291">true</origin>
	</coordinates>
	
	<controls>
		<control type="group">
			<depth>DepthDialog</depth>
			<include>DialogOpenCloseAnim</include>
			
			<control type="grouplist">
				<itemgap>0</itemgap>
				<control type="image">
					<width>344</width>
					<height>32</height>
					<texture border="40,30,40,0">gui/context-menu-top.png</texture>
				</control>
				<control type="image">
					<width>344</width>
					<height>37</height>
					<texture border="40,2,40,2">gui/context-menu-middle.png</texture>
				</control>
				<control type="image">
					<width>344</width>
					<height>37</height>
					<texture border="40,2,40,2">gui/context-menu-middle.png</texture>
				</control>
				<control type="image">
					<width>344</width>
					<height>32</height>
					<texture flipy="true" border="40,0,40,30">gui/context-menu-top.png</texture>
				</control>
			</control>
			
			<control type="grouplist" id="9000">
				<left>32</left>
				<top>32</top>
				<itemgap>2</itemgap>
				<onleft condition="Control.IsVisible(20)">20</onleft>
				<onleft condition="!Control.IsVisible(20)">9000</onleft>
				<onright condition="Control.IsVisible(20)">20</onright>
				<onright condition="!Control.IsVisible(20)">9000</onright>
				<onup>9000</onup>
				<ondown>9000</ondown>
				<control type="button" id="2">
					<description>Resume button</description>
					<include>ContextMenuBtn</include>
					<label>$ADDON[script.videoextras 32104]</label>
				</control>
				<control type="button" id="40">
					<description>Start from beginning button</description>
					<include>ContextMenuBtn</include>
					<label>$ADDON[script.videoextras 32105]</label>
				</control>
			</control>
				
			<control type="button" id="20">
				<left>284</left>
				<include>DialogCloseBtn</include>
				<onleft>9000</onleft>
				<onright>9000</onright>
				<onup>9000</onup>
				<ondown>9000</ondown>
			</control>
		</control>
	</controls>
</window>
