<?xml version="1.0" encoding="UTF-8"?>
<window>
	<defaultcontrol always="true">120</defaultcontrol>

	<coordinates>
		<system>1</system>
		<left>115</left>
		<top>116</top>
	</coordinates>

	<controls>
		<control type="group">
			<depth>DepthDialog-</depth>
			<include>DialogOpenCloseAnim</include>
			<animation effect="fade" start="100" end="0" time="250" condition="Window.IsActive(AddonSettings)">Conditional</animation>
			
			<include content="DialogWithCloseBtnLabelID">
				<param name="width" value="1050"/>
				<param name="height" value="511" />
				<param name="left" value="990" />
				<param name="labelwidth" value="970" />
				<param name="label" value="" />
				<param name="id" value="100" />
			</include>
				
			<control type="group">
				<left>DialogMarginOffsetX</left>
				<top>DialogMarginOffsetY</top>
				
				<control type="group">
					<control type="image">
						<width>980</width>
						<height>60</height>
						<texture border="5">controls/button-nofocus.png</texture>
					</control>
					
					<control type="image" id="110">
						<description>Service Logo</description>
						<left>5</left>
						<top>5</top>
						<width>250</width>
						<height>50</height>
						<aspectratio>keep</aspectratio>
					</control>
					
					<control type="label">
						<description>Video Label</description>
						<left>260</left>
						<top>5</top>
						<width>716</width>
						<height>50</height>
						<font>DefaultHeadFont</font>
						<textcolor>MediaInfoItemColor</textcolor>
						<label>$INFO[Player.Filename]</label>
						<scroll>true</scroll>
						<aligny>center</aligny>
						<align>center</align>
					</control>
					
					<control type="image">
						<description>Menu Background</description>
						<top>65</top>
						<width>160</width>
						<height>331</height>
						<texture border="5">controls/button-nofocus.png</texture>
					</control>
					
					<control type="list" id="150">
						<top>66</top>
						<width>160</width>
						<height>296</height>
						<orientation>vertical</orientation>
						<onleft>121</onleft>
						<onright>120</onright>
						<onup>160</onup>
						<ondown>160</ondown>
						<align>center</align>
						<itemlayout height="37">
							<control type="label">
								<width>160</width>
								<height>35</height>
								<align>center</align>
								<aligny>center</aligny>
								<font>DialogHeadFont</font>
								<textcolor>DefaultColor2</textcolor>
								<shadowcolor>ShadowColor</shadowcolor>
								<info>ListItem.Label</info>
							</control>
						</itemlayout>
						<focusedlayout height="37">
							<control type="image">
								<width>160</width>
								<height>35</height>
								<texture border="5">controls/button-focus.png</texture>
								<visible>Control.HasFocus(150)</visible>
							</control>
							<control type="image">
								<width>160</width>
								<height>35</height>
								<texture border="5">controls/button-focus.png</texture>
								<animation effect="fade" end="50" condition="true">Conditional</animation>
								<visible>!Control.HasFocus(150)</visible>
							</control>
							<control type="label">
								<width>160</width>
								<height>35</height>
								<align>center</align>
								<aligny>center</aligny>
								<font>DialogHeadFont</font>
								<textcolor>ffffffff</textcolor>
								<shadowcolor>ShadowColor</shadowcolor>
								<info>ListItem.Label</info>
								<visible>Control.HasFocus(150)</visible>
							</control>
							<control type="label">
								<width>160</width>
								<height>35</height>
								<align>center</align>
								<aligny>center</aligny>
								<font>DialogHeadFont</font>
								<textcolor>DefaultColor2</textcolor>
								<shadowcolor>ShadowColor</shadowcolor>
								<info>ListItem.Label</info>
								<visible>!Control.HasFocus(150)</visible>
							</control>
						</focusedlayout>
					</control>
					
					<control type="button" id="160">
						<description>Manual search button</description>
						<top>360</top>
						<width>160</width>
						<height>35</height>
						<onleft>120</onleft>
						<onright>120</onright>
						<onup>150</onup>
						<ondown>121</ondown>
						<label>$LOCALIZE[413]</label>
						<align>center</align>
						<texturenofocus />
						<enable>true</enable>
						<include>DialogHeadLabel</include>
					</control>
				</control>

				<control type="list" id="120">
					<left>167</left>
					<top>66</top>
					<width>813</width>
					<height>333</height>
					<pagecontrol>121</pagecontrol>
					<scrolltime>200</scrolltime>
					<onleft>150</onleft>
					<onright>121</onright>
					<onup>120</onup>
					<ondown>120</ondown>
					<itemlayout height="37">
						<control type="image">
							<width>813</width>
							<height>35</height>
							<texture border="5">controls/button-nofocus.png</texture>
						</control>
						<control type="image">
							<left>7</left>
							<top>10</top>
							<width>26</width>
							<height>17</height>
							<texture>subtitles/flags/$INFO[ListItem.Thumb].gif</texture>
						</control>
						<control type="label">
							<left>37</left>
							<width>80</width>
							<height>35</height>
							<font>ButtonFont2</font>
							<aligny>center</aligny>
							<textcolor>ButtonColor</textcolor>
							<selectedcolor>SelectedColor2</selectedcolor>
							<info>ListItem.Label</info>
						</control>
						<control type="image">
							<left>125</left>
							<top>11</top>
							<width>50</width>
							<height>15</height>
							<texture>subtitles/icon_sync.png</texture>
							<visible>ListItem.property(sync)</visible>
						</control>
						<control type="image">
							<left>125</left>
							<top>11</top>
							<width>50</width>
							<height>15</height>
							<texture>subtitles/icon_sync.png</texture>
							<visible>!ListItem.property(sync)</visible>
							<animation effect="fade" end="10" condition="true">Conditional</animation>
						</control>
						<control type="image">
							<left>182</left>
							<top>11</top>
							<width>30</width>
							<height>15</height>
							<texture>subtitles/cc.png</texture>
							<visible>ListItem.property(hearing_imp)</visible>
						</control>
						<control type="image">
							<left>182</left>
							<top>11</top>
							<width>30</width>
							<height>15</height>
							<texture>subtitles/cc.png</texture>
							<animation effect="fade" end="10" condition="true">Conditional</animation>
							<visible>!ListItem.property(hearing_imp)</visible>
						</control>
						<control type="label">
							<left>219</left>
							<width>468</width>
							<height>35</height>
							<font>ButtonFont2</font>
							<aligny>center</aligny>
							<textcolor>ButtonColor</textcolor>
							<selectedcolor>SelectedColor2</selectedcolor>
							<info>ListItem.Label2</info>
						</control>
						<control type="image">
							<left>713</left>
							<top>10</top>
							<width>90</width>
							<height>17</height>
							<texture>rating$INFO[ListItem.ActualIcon].png</texture>
						</control>
					</itemlayout>
					<focusedlayout height="37">
						<control type="image">
							<width>813</width>
							<height>35</height>
							<texture border="5">controls/button-focus.png</texture>
							<animation type="Focus" condition="Container(120).OnNext + ![Skin.String(LowCPUPowerMode,Animations) | Skin.String(LowCPUPowerMode,Full)]" reversible="false">
								<effect type="Fade" start="40" end="100" time="500" tween="back" easing="in"/>
								<effect type="slide" start="0,-35" time="200" tween="sine" easing="out"/>
							</animation>
							<animation type="Focus" condition="Container(120).OnPrevious + ![Skin.String(LowCPUPowerMode,Animations) | Skin.String(LowCPUPowerMode,Full)]" reversible="false">
								<effect type="Fade" start="40" end="100" time="500" tween="back" easing="in"/>
								<effect type="slide" start="0,35" time="200" tween="sine" easing="out"/>
							</animation>
							<visible>Control.HasFocus(120)</visible>
						</control>
						<control type="image">
							<width>813</width>
							<height>35</height>
							<texture border="5">controls/button-alt-focus.png</texture>
							<visible>!Control.HasFocus(120)</visible>
						</control>
						<control type="image">
							<left>7</left>
							<top>10</top>
							<width>26</width>
							<height>17</height>
							<texture>subtitles/flags/$INFO[ListItem.Thumb].gif</texture>
						</control>
						<control type="label">
							<left>37</left>
							<width>80</width>
							<height>35</height>
							<font>ButtonFont2</font>
							<aligny>center</aligny>
							<textcolor>ButtonFocusColor</textcolor>
							<selectedcolor>SelectedColor2</selectedcolor>
							<info>ListItem.Label</info>
						</control>
						<control type="image">
							<left>125</left>
							<top>11</top>
							<width>50</width>
							<height>15</height>
							<texture>subtitles/icon_sync.png</texture>
							<visible>ListItem.property(sync)</visible>
						</control>
						<control type="image">
							<left>125</left>
							<top>11</top>
							<width>50</width>
							<height>15</height>
							<texture>subtitles/icon_sync.png</texture>
							<visible>!ListItem.property(sync)</visible>
							<animation effect="fade" end="10" condition="true">Conditional</animation>
						</control>
						<control type="image">
							<left>182</left>
							<top>11</top>
							<width>30</width>
							<height>15</height>
							<texture>subtitles/cc.png</texture>
							<visible>ListItem.property(hearing_imp)</visible>
						</control>
						<control type="image">
							<left>182</left>
							<top>11</top>
							<width>30</width>
							<height>15</height>
							<texture>subtitles/cc.png</texture>
							<animation effect="fade" end="10" condition="true">Conditional</animation>
							<visible>!ListItem.property(hearing_imp)</visible>
						</control>
						<control type="label">
							<left>219</left>
							<width>468</width>
							<height>35</height>
							<font>ButtonFont2</font>
							<aligny>center</aligny>
							<textcolor>ButtonFocusColor</textcolor>
							<selectedcolor>SelectedColor2</selectedcolor>
							<info>ListItem.Label2</info>
						</control>
						<control type="image">
							<left>713</left>
							<top>10</top>
							<width>90</width>
							<height>17</height>
							<texture>rating$INFO[ListItem.ActualIcon].png</texture>
						</control>
					</focusedlayout>
				</control>
			</control>
			
			<control type="group" id="130">
				<control type="grouplist">
					<left>27</left>
					<top>465</top>
					<width>1000</width>
					<height>30</height>
					<orientation>horizontal</orientation>
					<itemgap>5</itemgap>
					<control type="image">
						<width>30</width>
						<height>30</height>
						<texture>subtitles/default_icon_info.png</texture>
					</control>
					<control type="label">
						<description>notification</description>
						<width min="10" max="560">auto</width>
						<height>30</height>
						<font>ButtonFont</font>
						<textcolor>ffffffff</textcolor>
						<label>$LOCALIZE[31949]</label>
						<aligny>center</aligny>
					</control>
				</control>
			</control>
			
			<control type="label" id="140">
				<description>Textarea</description>
				<left>20</left>
				<top>470</top>
				<width>1010</width>
				<font>ButtonFont</font>
				<textcolor>ffffffff</textcolor>
				<align>center</align>
			</control>
			
			<control type="label">
				<left>862</left>
				<top>470</top>
				<width>100</width>
				<align>right</align>
				<font>ButtonFont</font>
				<textcolor>GreyColor</textcolor>
				<label>$INFO[Container(120).CurrentPage]$INFO[Container(120).NumPages,/,]</label>
				<animation effect="fade" end="60" condition="true">Conditional</animation>
				<visible>!String.IsEqual(Container(120).NumPages,0)</visible>
			</control>
			
			<control type="spincontrol" id="121">
				<description>Next Page</description>
				<left>967</left>
				<top>466</top>
				<font />
				<onleft>120</onleft>
				<onright>120</onright>
				<onup>120</onup>
				<ondown>noop</ondown>
				<visible>Control.IsVisible(120)</visible>
			</control>
		</control>
	</controls>
</window>
