<?xml version="1.0" encoding="UTF-8"?>
<includes>
	<variable name="LiveTVListInfoCoverImage">
		<value condition="!String.IsEmpty(Window(Home).Property(SkinHelper.ListItem.Art.FanArt))">$INFO[Window(Home).Property(SkinHelper.ListItem.Art.FanArt)]</value>
		<value condition="!String.IsEmpty(ListItem.Art(fanart))">$INFO[ListItem.Art(fanart)]</value>
		<value condition="[Window.IsActive(TVChannels) | Window.IsActive(TVRecordings)] + !String.IsEmpty(Skin.String(TVMultiimagePath))">$INFO[Skin.String(TVMultiimagePath)]</value>
		<value condition="Window.IsActive(TVChannels) | Window.IsActive(TVRecordings)">pvr\pvr-background.jpg</value>
		<value condition="[Window.IsActive(RadioChannels) | Window.IsActive(RadioRecordings)] + !String.IsEmpty(Skin.String(RadioMultiimagePath))">$INFO[Skin.String(RadioMultiimagePath)]</value>
		<value condition="Window.IsActive(RadioChannels) | Window.IsActive(RadioRecordings)">pvr\pvr-radio-background.jpg</value>
	</variable>

	<variable name="LiveTVListInfoLabel1">
		<value condition="Window.IsActive(MyPVRChannels.xml)">$LOCALIZE[19031]:</value>
		<value condition="Window.IsActive(MyPVRRecordings.xml) + [!String.IsEmpty(Window(Home).Property(SkinHelper.ListItem.Rating)) | [String.IsEmpty(Window(Home).Property(SkinHelper.ListItem.Status)) + String.IsEmpty(Window(Home).Property(SkinHelper.ListItem.Studio))]]">$LOCALIZE[563]:</value>
		<value condition="Window.IsActive(MyPVRRecordings.xml) + !String.IsEmpty(Window(Home).Property(SkinHelper.ListItem.Status))">$LOCALIZE[126]:</value>
		<value condition="Window.IsActive(MyPVRRecordings.xml) + !String.IsEmpty(Window(Home).Property(SkinHelper.ListItem.Studio))">$LOCALIZE[572]:</value>
	</variable>

	<variable name="LiveTVListInfoLabel1Val">
		<value condition="Window.IsActive(MyPVRChannels.xml)">$INFO[ListItem.NextTitle]</value>
		<value condition="Window.IsActive(MyPVRRecordings.xml) + !String.IsEmpty(Window(Home).Property(SkinHelper.ListItem.Rating))">$INFO[Window(Home).Property(SkinHelper.ListItem.Rating)]</value>
		<value condition="Window.IsActive(MyPVRRecordings.xml) + !String.IsEmpty(Window(Home).Property(SkinHelper.ListItem.Status))">$INFO[Window(Home).Property(SkinHelper.ListItem.Status)]</value>
		<value condition="Window.IsActive(MyPVRRecordings.xml) + !String.IsEmpty(Window(Home).Property(SkinHelper.ListItem.Studio))">$INFO[Window(Home).Property(SkinHelper.ListItem.Studio)]</value>
	</variable>

	<variable name="LiveTVListInfoItemLabel">
		<value condition="Window.IsActive(MyPVRChannels.xml)">$INFO[ListItem.ChannelNumberLabel]$INFO[ListItem.ChannelName,.  ]</value>
		<value condition="Window.IsActive(MyPVRRecordings.xml) + !String.IsEqual(ListItem.Season,0)">$INFO[ListItem.Label]$INFO[ListItem.Season, (S,]$INFO[ListItem.Episode,E,)]</value>
		<value condition="Window.IsActive(MyPVRRecordings.xml) + String.IsEqual(ListItem.Season,0)">$INFO[ListItem.Label]</value>
	</variable>

	<variable name="LiveTVListInfoItemLabel2">
		<value condition="Window.IsActive(MyPVRChannels.xml) + !String.IsEqual(ListItem.Season,0)">$INFO[ListItem.Title]$VAR[SeasonEpisodesNumberVar, (,)]</value>
		<value condition="Window.IsActive(MyPVRChannels.xml) + String.IsEqual(ListItem.Season,0)">$INFO[ListItem.Title]</value>
		<value condition="Window.IsActive(MyPVRRecordings.xml)">$INFO[ListItem.StartDate]</value>
	</variable>
	
	<variable name="LiveTVColumnInfoAreaThumb">
		<value condition="Control.IsVisible(10)">$INFO[Container(10).ListItem.Icon]</value>
		<value condition="Control.IsVisible(11)">$INFO[Container(11).ListItem.Icon]</value>
		<value condition="Control.IsVisible(12)">$INFO[Container(12).ListItem.Icon]</value>
		<value condition="Control.IsVisible(13)">$INFO[Container(13).ListItem.Icon]</value>
		<value condition="Control.IsVisible(50)">$INFO[Container(50).ListItem.Icon]</value>
	</variable>
	
	<variable name="PVRGenreTitleLabel">
		<value condition="Player.HasVideo">$INFO[Player.Title]</value>
		<value>$INFO[ListItem.Genre]</value>
	</variable>
	
	<variable name="PVRStatusIcon">
		<value condition="ListItem.IsRecording">pvr/status_recording.png</value>
		<value condition="[ListItem.HasTimer | ListItem.HasTimerSchedule] + ListItem.TimerHasError">pvr/status_error.png</value>
		<value condition="[ListItem.HasTimer | ListItem.HasTimerSchedule] + ListItem.TimerHasConflict">pvr/status_conflict.png</value>
		<value condition="ListItem.HasTimer | ListItem.HasTimerSchedule">pvr/status_timer.png</value>
		<value condition="ListItem.HasRecording">DefaultVideo.png.png</value>
		<value condition="[ListItem.HasTimer | ListItem.HasTimerSchedule] + !ListItem.TimerIsActive">pvr/status_none.png</value>
	</variable>
	
	<variable name="LiveTVOverlayImageVar">
		<value condition="ListItem.IsRecording">pvr/status_recording_alt.png</value>
		<value condition="ListItem.IsResumable">watched/watched-50pct.png</value>
		<value condition="!Integer.IsEqual(ListItem.PlayCount,0)">OverlayWatched.png</value>
	</variable>
	
	<variable name="LiveTVProgressImageVar">
		<value condition="!ListItem.IsRecording + Integer.IsLessOrEqual(ListItem.Progress,15)">watched/watched-10pct.png</value>
		<value condition="!ListItem.IsRecording + Integer.IsLessOrEqual(ListItem.Progress,25)">watched/watched-20pct.png</value>
		<value condition="!ListItem.IsRecording + Integer.IsLessOrEqual(ListItem.Progress,35)">watched/watched-30pct.png</value>
		<value condition="!ListItem.IsRecording + Integer.IsLessOrEqual(ListItem.Progress,45)">watched/watched-40pct.png</value>
		<value condition="!ListItem.IsRecording + Integer.IsLessOrEqual(ListItem.Progress,55)">watched/watched-50pct.png</value>
		<value condition="!ListItem.IsRecording + Integer.IsLessOrEqual(ListItem.Progress,65)">watched/watched-60pct.png</value>
		<value condition="!ListItem.IsRecording + Integer.IsLessOrEqual(ListItem.Progress,75)">watched/watched-70pct.png</value>
		<value condition="!ListItem.IsRecording + Integer.IsLessOrEqual(ListItem.Progress,85)">watched/watched-80pct.png</value>
		<value condition="!ListItem.IsRecording + Integer.IsGreater(ListItem.Progress,85)">watched/watched-90pct.png</value>
		<value condition="ListItem.IsRecording + Integer.IsLessOrEqual(ListItem.Progress,15)">watched/watched-10pct-alt.png</value>
		<value condition="ListItem.IsRecording + Integer.IsLessOrEqual(ListItem.Progress,25)">watched/watched-20pct-alt.png</value>
		<value condition="ListItem.IsRecording + Integer.IsLessOrEqual(ListItem.Progress,35)">watched/watched-30pct-alt.png</value>
		<value condition="ListItem.IsRecording + Integer.IsLessOrEqual(ListItem.Progress,45)">watched/watched-40pct-alt.png</value>
		<value condition="ListItem.IsRecording + Integer.IsLessOrEqual(ListItem.Progress,55)">watched/watched-50pct-alt.png</value>
		<value condition="ListItem.IsRecording + Integer.IsLessOrEqual(ListItem.Progress,65)">watched/watched-60pct-alt.png</value>
		<value condition="ListItem.IsRecording + Integer.IsLessOrEqual(ListItem.Progress,75)">watched/watched-70pct-alt.png</value>
		<value condition="ListItem.IsRecording + Integer.IsLessOrEqual(ListItem.Progress,85)">watched/watched-80pct-alt.png</value>
		<value condition="ListItem.IsRecording + Integer.IsGreater(ListItem.Progress,85)">watched/watched-90pct-alt.png</value>
	</variable>
	
	<include name="LiveTVListInfoPanelCover">
		<control type="group">
			<left>40</left>
			<top>116</top>
			
			<control type="multiimage">
				<width>542</width>
				<height>304</height>
				<imagepath background="true" diffuse="covers/list-info-2-fanart-diffuse.png">$VAR[LiveTVListInfoCoverImage]</imagepath>
				<aspectratio scalediffuse="false">scale</aspectratio>
				<timeperimage>8000</timeperimage>
				<fadetime>BackgroundCrossfadeTime</fadetime>
				<randomize>true</randomize>
				<visible>!Player.HasVideo</visible>
			</control>

			<control type="image">
				<description>Cover Background</description>
				<width>542</width>
				<height>304</height>
				<texture border="4">panels/panel3.png</texture>
				<visible>Player.HasVideo</visible>
			</control>

			<control type="videowindow">
				<description>Video</description>
				<left>4</left>
				<top>4</top>
				<width>534</width>
				<height>296</height>
				<visible>Player.HasVideo</visible>
			</control>
			
			<control type="image">
				<description>Genre Background</description>
				<left>10</left>
				<top>10</top>
				<width>250</width>
				<height>27</height>
				<texture border="8">views/genre-background.png</texture>
				<visible>[!String.IsEmpty(ListItem.Genre) + !Skin.HasSetting(HidePVRGenres)] | [Player.HasVideo + !String.IsEmpty(Player.Title)]</visible>
			</control>
						
			<control type="label">
				<description>Genre / Title</description>
				<left>18</left>
				<top>12</top>
				<width>234</width>
				<font>MediaInfoFont3</font>
				<textcolor>WhiteColor</textcolor>
				<shadowcolor>ShadowColor</shadowcolor>
				<label>[UPPERCASE]$VAR[PVRGenreTitleLabel][/UPPERCASE]</label>
				<scroll>true</scroll>
				<include>BackgroundVisibleAnim</include>
				<animation effect="fade" end="90" condition="true">Conditional</animation>
				<visible>[!String.IsEmpty(ListItem.Genre) + !Skin.HasSetting(HidePVRGenres)] | [Player.HasVideo + !String.IsEmpty(Player.Title)]</visible>
			</control>
		</control>
	</include>

	<include name="LiveTVProgressImage">
		<control type="image">
			<width>24</width>
			<height>24</height>
			<texture>$VAR[LiveTVProgressImageVar]</texture>
			<aspectratio>keep</aspectratio>
			<include>ListViewOverlayFadeAnim</include>
		</control>
	</include>

	<include name="LiveTVOverlayImage">
		<control type="image">
			<width>24</width>
			<height>24</height>
			<texture>$VAR[LiveTVOverlayImageVar]</texture>
			<aspectratio>keep</aspectratio>
			<include>ListViewOverlayFadeAnim</include>
		</control>
	</include>

	<include name="LiveTVColumnHeaderLabel">
		<aligny>center</aligny>
		<align>left</align>
		<font>WideListFont</font>
		<textcolor>DefaultColor3</textcolor>
		<selectedcolor>SelectedColor</selectedcolor>
	</include>

	<include name="LiveTVColumnChannelLabel">
		<aligny>center</aligny>
		<font>ListFont</font>
		<textcolor>DefaultColor2</textcolor>
		<selectedcolor>SelectedColor</selectedcolor>
	</include>

	<include name="LiveTVColumnNumberLabel">
		<aligny>center</aligny>
		<font>ListFont2</font>
		<textcolor>DefaultColor2</textcolor>
		<selectedcolor>SelectedColor</selectedcolor>
	</include>

	<include name="LiveTVColumnItemLabel">
		<aligny>center</aligny>
		<font>ListFont</font>
		<textcolor>WhiteColor</textcolor>
		<selectedcolor>SelectedColor</selectedcolor>
	</include>
	
	<include name="LiveTVListInfoArea">
		<control type="group">
			<include>ControlsOpenCloseAnim</include>
			<include>ViewContentPanel</include>
			<include>ListInfo2MediaInfoPanelCommon</include>
			<include>LiveTVListInfoPanelCover</include>

			<control type="group">
				<description>Media Info Area</description>
				<visible>!ListItem.IsParentFolder</visible>
				<left>38</left>
				<top>430</top>

				<control type="grouplist">
					<left>10</left>
					<orientation>horizontal</orientation>
					<control type="label">
						<width min="0" max="110">auto</width>
						<font>MediaInfoFont</font>
						<textcolor>MediaInfoItemColor</textcolor>
						<shadowcolor>ShadowColor</shadowcolor>
						<label>$LOCALIZE[19126]:</label>
					</control>
					<control type="label">
						<width min="0" max="110">auto</width>
						<font>MediaInfoFont</font>
						<textcolor>MediaInfoItemColor2</textcolor>
						<shadowcolor>ShadowColor</shadowcolor>
						<label fallback="31001">$INFO[ListItem.StartTime]</label>
					</control>
				</control>

				<control type="grouplist">
					<left>10</left>
					<top>22</top>
					<orientation>horizontal</orientation>
					<control type="label">
						<width min="0" max="110">auto</width>
						<font>MediaInfoFont</font>
						<textcolor>MediaInfoItemColor</textcolor>
						<shadowcolor>ShadowColor</shadowcolor>
						<label>$LOCALIZE[19127]:</label>
					</control>
					<control type="label">
						<width min="0" max="110">auto</width>
						<font>MediaInfoFont</font>
						<textcolor>MediaInfoItemColor2</textcolor>
						<shadowcolor>ShadowColor</shadowcolor>
						<label fallback="31001">$INFO[ListItem.EndTime]</label>
					</control>
				</control>

				<control type="grouplist">
					<left>366</left>
					<width>170</width>
					<orientation>horizontal</orientation>
					<align>right</align>
					<control type="label">
						<width min="0" max="110">auto</width>
						<font>MediaInfoFont</font>
						<textcolor>MediaInfoItemColor</textcolor>
						<shadowcolor>ShadowColor</shadowcolor>
						<label>$LOCALIZE[180]:</label>
					</control>
					<control type="label">
						<width min="0" max="110">auto</width>
						<font>MediaInfoFont</font>
						<textcolor>MediaInfoItemColor2</textcolor>
						<shadowcolor>ShadowColor</shadowcolor>
						<label fallback="31001">$VAR[DurationVar]</label>
					</control>
				</control>

				<control type="grouplist">
					<left>216</left>
					<top>22</top>
					<width>320</width>
					<orientation>horizontal</orientation>
					<align>right</align>
					<control type="label">
						<width min="0" max="110">auto</width>
						<font>MediaInfoFont</font>
						<textcolor>MediaInfoItemColor</textcolor>
						<shadowcolor>ShadowColor</shadowcolor>
						<label>$VAR[LiveTVListInfoLabel1]</label>
					</control>
					<control type="label">
						<width min="0" max="270">auto</width>
						<font>MediaInfoFont</font>
						<textcolor>MediaInfoItemColor2</textcolor>
						<shadowcolor>ShadowColor</shadowcolor>
						<label fallback="31001">$VAR[LiveTVListInfoLabel1Val]</label>
					</control>
				</control>
			</control>

			<control type="textbox">
				<description>Plot</description>
				<left>48</left>
				<top>494</top>
				<width>526</width>
				<height>120</height>
				<font>MediaInfoDescFont</font>
				<textcolor>MediaInfoColor</textcolor>
				<shadowcolor>ShadowColor</shadowcolor>
				<align>justify</align>
				<label fallback="31203">$INFO[ListItem.Plot]</label>
				<wrapmultiline>true</wrapmultiline>
				<autoscroll time="2000" delay="6000" repeat="10000">!Skin.HasSetting(DoNotAutoScrollPlot)</autoscroll>
				<visible>!Skin.HasSetting(HideLiveTVPlot) + !Container.OnNext + !Container.OnPrevious + !ListItem.IsParentFolder</visible>
				<include>ControlsOpenCloseAnim</include>
			</control>
		</control>
	</include>

	<include name="LiveTVListInfoStyleItemLayout">
		<control type="image">
			<width>630</width>
			<height>74</height>
			<texture border="0,0,10,2">views/list-separator.png</texture>
			<aspectratio>stretch</aspectratio>
		</control>

		<control type="image">
			<description>Icon</description>
			<width>73</width>
			<height>73</height>
			<bordersize>5</bordersize>
			<texture background="true" fallback="pvr/DefaultPVR.png">$INFO[ListItem.Icon]</texture>
			<aspectratio>keep</aspectratio>
		</control>

		<control type="label">
			<description>Label</description>
			<left>80</left>
			<top>12</top>
			<width>411</width>
			<font>ListFont</font>
			<textcolor>ListColor</textcolor>
			<shadowcolor>ShadowColor</shadowcolor>
			<label>$VAR[LiveTVListInfoItemLabel]</label>
		</control>

		<control type="label">
			<description>Label2</description>
			<left>80</left>
			<top>38</top>
			<width>411</width>
			<font>ListFont2</font>
			<textcolor>ListColor2</textcolor>
			<shadowcolor>ShadowColor</shadowcolor>
			<label>$VAR[LiveTVListInfoItemLabel2]</label>
		</control>
	</include>

	<include name="LiveTVListInfoStyleFocusedLayout">
		<control type="image">
			<width>630</width>
			<height>74</height>
			<texture border="0,0,10,2">views/list-separator.png</texture>
			<aspectratio>stretch</aspectratio>
		</control>

		<control type="image">
			<width>630</width>
			<height>73</height>
			<texture border="4">views/list-focus.png</texture>
			<aspectratio>stretch</aspectratio>
			<visible>[Window.IsActive(MyPVRChannels.xml) | Window.IsActive(MyPVRRecordings.xml)] + Control.HasFocus(50)</visible>
			<include>ListViewSelectFadeAnim</include>
			<include condition="![Skin.String(LowCPUPowerMode,Animations) | Skin.String(LowCPUPowerMode,Full)]">ListViewScrollAnim</include>
		</control>

		<control type="image">
			<width>630</width>
			<height>73</height>
			<texture border="4">views/list-alt-focus.png</texture>
			<aspectratio>stretch</aspectratio>
			<visible>[Window.IsActive(MyPVRChannels.xml) | Window.IsActive(MyPVRRecordings.xml)] + !Control.HasFocus(50)</visible>
			<include>ListViewSelectFadeAnim2</include>
		</control>

		<control type="image">
			<description>Icon</description>
			<width>73</width>
			<height>73</height>
			<bordersize>5</bordersize>
			<texture background="true" fallback="pvr/DefaultPVR.png">$INFO[ListItem.Icon]</texture>
			<aspectratio>keep</aspectratio>
			<include condition="!Skin.HasSetting(DisableViewFocusAnim)">ListViewCoverFocusAnim</include>
		</control>

		<control type="group">
			<include>ListViewFocusAnim</include>
			<control type="label">
				<description>Label</description>
				<left>80</left>
				<top>12</top>
				<width>411</width>
				<font>ListFont</font>
				<textcolor>SelectedColor</textcolor>
				<shadowcolor>ShadowColor</shadowcolor>
				<label>$VAR[LiveTVListInfoItemLabel]</label>
				<scroll>true</scroll>
			</control>

			<control type="label">
				<description>Label2</description>
				<left>80</left>
				<top>38</top>
				<width>411</width>
				<font>ListFont2</font>
				<textcolor>ListColor2</textcolor>
				<shadowcolor>ShadowColor</shadowcolor>
				<label>$VAR[LiveTVListInfoItemLabel2]</label>
			</control>
		</control>
	</include>

	<include name="LiveTVColumnInfoArea">
		<!-- EPGTimelineView, LiveTVSearchView, LiveTVTimersView -->
		<control type="group">
			<left>40</left>
			<top>510</top>
			<include>ControlsOpenCloseAnim</include>

			<control type="group">
				<description>Cover Area</description>
				<top>4</top>
				<visible>Player.HasVideo</visible>
				<control type="image">
					<description>Cover Background</description>
					<width>215</width>
					<height>122</height>
					<texture border="4">covers/cover-case2.png</texture>
					<bordersize>1</bordersize>
					<animation effect="fade" end="50" condition="true">Conditional</animation>
				</control>
				<control type="videowindow">
					<description>Video</description>
					<left>4</left>
					<top>4</top>
					<width>207</width>
					<height>114</height>
				</control>
			</control>

			<control type="image">
				<description>Logo</description>
				<left>15</left>
				<width>185</width>
				<height>185</height>
				<texture background="true" fallback="pvr/DefaultPVRLogo.png">$VAR[LiveTVColumnInfoAreaThumb]</texture>
				<aspectratio aligny="top">keep</aspectratio>
				<fadetime>IconCrossfadeTime</fadetime>
				<visible>[Window.IsActive(MyPVRGuide.xml) | Window.IsActive(MyPVRSearch.xml) | [Window.IsActive(MyPVRTimers.xml) + !String.IsEqual(ListItem.Label,$LOCALIZE[19026])]] + !Player.HasVideo</visible>
			</control>

			<control type="image">
				<description>Logo</description>
				<left>15</left>
				<width>185</width>
				<height>185</height>
				<texture background="true">pvr/DefaultPVRLogo.png</texture>
				<aspectratio aligny="top">keep</aspectratio>
				<fadetime>IconCrossfadeTime</fadetime>
				<visible>[Window.IsActive(MyPVRTimers.xml) + String.IsEqual(ListItem.Label,$LOCALIZE[19026])] + !Player.HasVideo</visible>
			</control>

			<control type="group">
				<description>Info</description>
				<left>220</left>
				<visible>[Window.IsActive(MyPVRGuide.xml) | Window.IsActive(MyPVRSearch.xml)] + !String.IsEmpty(ListItem.Title)</visible>
				<control type="label">
					<description>Title</description>
					<width>700</width>
					<height>33</height>
					<aligny>center</aligny>
					<font>FullMediaInfoTitleFont</font>
					<textcolor>MediaInfoTitleColor</textcolor>
					<label>$INFO[ListItem.Label]$INFO[ListItem.EpisodeName, (,)]</label>
				</control>

				<control type="grouplist">
					<top>23</top>
					<orientation>horizontal</orientation>
					<usecontrolcoords>true</usecontrolcoords>
					<control type="label">
						<description>Time</description>
						<width min="0" max="200">auto</width>
						<height>33</height>
						<aligny>center</aligny>
						<font>FullMediaInfoFont</font>
						<textcolor>MediaInfoItemColor</textcolor>
						<label>$INFO[ListItem.StartTime]$INFO[ListItem.EndTime, - ]</label>
					</control>
					<include>WrapInfoViewDot</include>
					<control type="label">
						<description>Season / Episode</description>
						<width min="0" max="200">auto</width>
						<height>33</height>
						<aligny>center</aligny>
						<font>FullMediaInfoFont</font>
						<textcolor>MediaInfoItemColor</textcolor>
						<label>$VAR[SeasonEpisodesNumberVar]</label>
						<visible>![String.IsEmpty(ListItem.Season) | String.IsEmpty(ListItem.Episode)]</visible>
					</control>
					<control type="label">
						<height>33</height>
						<width>26</width>
						<align>center</align>
						<aligny>center</aligny>
						<font>PanelTitleFont</font>
						<textcolor>GreyColor3</textcolor>
						<label>&#x2022;</label>
						<visible>![String.IsEmpty(ListItem.Season) | String.IsEmpty(ListItem.Episode)]</visible>
					</control>
					<control type="label">
						<description>Genre</description>
						<width>500</width>
						<height>33</height>
						<aligny>center</aligny>
						<font>FullMediaInfoFont</font>
						<textcolor>MediaInfoItemColor</textcolor>
						<label>$INFO[ListItem.Genre]</label>
					</control>
				</control>

				<control type="textbox">
					<description>Plot</description>
					<top>55</top>
					<width>980</width>
					<height>75</height>
					<font>MediaInfoDescFont</font>
					<textcolor>MediaInfoColor</textcolor>
					<shadowcolor>ShadowColor</shadowcolor>
					<align>justify</align>
					<label fallback="31203">$INFO[ListItem.Plot]</label>
					<wrapmultiline>true</wrapmultiline>
					<autoscroll time="2000" delay="6000" repeat="10000">!Skin.HasSetting(DoNotAutoScrollPlot)</autoscroll>
					<visible>!Skin.HasSetting(HideLiveTVPlot) + !Container.OnNext + !Container.OnPrevious</visible>
				</control>
			</control>

			<control type="group">
				<description>No Info</description>
				<left>220</left>
				<visible>[Window.IsActive(MyPVRGuide.xml) | Window.IsActive(MyPVRSearch.xml)] + String.IsEmpty(ListItem.Title)</visible>
				<control type="label">
					<description>Title</description>
					<top>20</top>
					<width>700</width>
					<height>33</height>
					<aligny>center</aligny>
					<font>FullMediaInfoTitleFont</font>
					<textcolor>MediaInfoTitleColor</textcolor>
					<label>$LOCALIZE[19055]</label>
				</control>
				<control type="textbox">
					<description>Plot</description>
					<top>55</top>
					<width>980</width>
					<height>68</height>
					<font>MediaInfoDescFont</font>
					<textcolor>MediaInfoColor</textcolor>
					<shadowcolor>ShadowColor</shadowcolor>
					<align>justify</align>
					<label>$LOCALIZE[31203]</label>
					<wrapmultiline>true</wrapmultiline>
					<autoscroll time="2000" delay="6000" repeat="10000">!Skin.HasSetting(DoNotAutoScrollPlot)</autoscroll>
					<visible>!Skin.HasSetting(HideLiveTVPlot) + !Container.OnNext + !Container.OnPrevious</visible>
				</control>
			</control>

			<control type="group">
				<description>Info</description>
				<left>220</left>
				<visible>Window.IsActive(MyPVRTimers.xml) + !String.IsEqual(ListItem.Label,$LOCALIZE[19026])</visible>
				<control type="label">
					<description>Label</description>
					<width>700</width>
					<height>33</height>
					<aligny>center</aligny>
					<font>FullMediaInfoTitleFont</font>
					<textcolor>MediaInfoTitleColor</textcolor>
					<label>$INFO[ListItem.Label]</label>
				</control>

				<control type="grouplist">
					<top>23</top>
					<orientation>horizontal</orientation>
					<usecontrolcoords>true</usecontrolcoords>
					<control type="label">
						<description>Time</description>
						<width min="0" max="200">auto</width>
						<height>33</height>
						<aligny>center</aligny>
						<font>FullMediaInfoFont</font>
						<textcolor>MediaInfoItemColor</textcolor>
						<label>$INFO[ListItem.StartTime]$INFO[ListItem.EndTime, - ]</label>
					</control>
					<include>WrapInfoViewDot</include>
					<control type="label">
						<description>Comment</description>
						<width>500</width>
						<height>33</height>
						<aligny>center</aligny>
						<font>FullMediaInfoFont</font>
						<textcolor>MediaInfoItemColor</textcolor>
						<label>$INFO[ListItem.Comment]$INFO[ListItem.Timertype,: ,]</label>
					</control>
				</control>

				<control type="textbox">
					<description>Timer</description>
					<top>55</top>
					<width>980</width>
					<height>68</height>
					<font>MediaInfoDescFont</font>
					<textcolor>MediaInfoColor</textcolor>
					<shadowcolor>ShadowColor</shadowcolor>
					<align>justify</align>
					<label>$INFO[PVR.NextTimer]</label>
					<wrapmultiline>true</wrapmultiline>
					<autoscroll time="2000" delay="6000" repeat="10000">!Skin.HasSetting(DoNotAutoScrollPlot)</autoscroll>
					<visible>!Skin.HasSetting(HideLiveTVPlot) + !Container.OnNext + !Container.OnPrevious</visible>
				</control>
			</control>

			<control type="group">
				<left>220</left>
				<visible>Window.IsActive(MyPVRTimers.xml) + String.IsEqual(ListItem.Label,$LOCALIZE[19026])</visible>
				<control type="label">
					<description>Label</description>
					<top>20</top>
					<width>700</width>
					<height>33</height>
					<aligny>center</aligny>
					<font>FullMediaInfoTitleFont</font>
					<textcolor>MediaInfoTitleColor</textcolor>
					<label>$LOCALIZE[19026]</label>
				</control>
				<control type="textbox">
					<description>Timer</description>
					<top>55</top>
					<width>980</width>
					<height>68</height>
					<font>MediaInfoDescFont</font>
					<textcolor>MediaInfoColor</textcolor>
					<shadowcolor>ShadowColor</shadowcolor>
					<align>justify</align>
					<label fallback="31215">$INFO[PVR.NextTimer]</label>
					<wrapmultiline>true</wrapmultiline>
					<autoscroll time="2000" delay="6000" repeat="10000">!Skin.HasSetting(DoNotAutoScrollPlot)</autoscroll>
					<visible>!Skin.HasSetting(HideLiveTVPlot) + !Container.OnNext + !Container.OnPrevious</visible>
				</control>
			</control>
		</control>
	</include>

	<include name="LiveTVColumnHeaderArea">
		<!-- LiveTVSearchView, LiveTVTimersView -->
		<control type="group">
			<description>Channel Area</description>
			<control type="image">
				<width>215</width>
				<height>30</height>
				<texture border="8">pvr/column-left.png</texture>
				<colordiffuse>LiveTVColumnColor</colordiffuse>
				<include>LiveTVColumnFadeAnim</include>
			</control>
			<control type="label">
				<left>10</left>
				<width>195</width>
				<height>30</height>
				<include>LiveTVColumnHeaderLabel</include>
				<label>$LOCALIZE[19148]</label>
			</control>
		</control>

		<control type="group">
			<description>Title Area</description>
			<left>220</left>
			<control type="image">
				<include condition="String.IsEmpty(Window(home).Property(TVGuideFullscreen))">TVGuideNormalWidth</include>
				<include condition="!String.IsEmpty(Window(home).Property(TVGuideFullscreen))">TVGuideFullscreenWidth</include>
				<height>30</height>
				<texture border="8">pvr/column.png</texture>
				<colordiffuse>LiveTVColumnColor</colordiffuse>
				<include>LiveTVColumnFadeAnim</include>
			</control>
			<control type="label">
				<left>10</left>
				<include condition="String.IsEmpty(Window(home).Property(TVGuideFullscreen))">TVGuideNormalWidth</include>
				<include condition="!String.IsEmpty(Window(home).Property(TVGuideFullscreen))">TVGuideFullscreenWidth</include>
				<height>30</height>
				<include>LiveTVColumnHeaderLabel</include>
				<label>$LOCALIZE[369]</label>
			</control>
		</control>

		<control type="group">
			<description>Time Area</description>
			<left>766</left>
			<animation effect="slide" end="-271,0" condition="!String.IsEmpty(Window(home).Property(TVGuideFullscreen))">Conditional</animation>
			<control type="image">
				<width>215</width>
				<height>30</height>
				<texture border="8">pvr/column.png</texture>
				<colordiffuse>LiveTVColumnColor</colordiffuse>
				<include>LiveTVColumnFadeAnim</include>
			</control>
			<control type="label">
				<left>10</left>
				<width>195</width>
				<height>30</height>
				<include>LiveTVColumnHeaderLabel</include>
				<label>$LOCALIZE[555]</label>
			</control>
		</control>

		<control type="group">
			<description>Date Area</description>
			<left>985</left>
			<animation effect="slide" end="-271,0" condition="!String.IsEmpty(Window(home).Property(TVGuideFullscreen))">Conditional</animation>
			<control type="image">
				<width>215</width>
				<height>30</height>
				<texture border="8" flipx="true">pvr/column-left.png</texture>
				<colordiffuse>LiveTVColumnColor</colordiffuse>
				<include>LiveTVColumnFadeAnim</include>
			</control>
			<control type="label">
				<left>10</left>
				<width>195</width>
				<height>30</height>
				<include>LiveTVColumnHeaderLabel</include>
				<label>$LOCALIZE[552]</label>
			</control>
		</control>
	</include>

	<include name="LiveTVColumnLayoutArea">
		<!-- LiveTVSearchView -->
		<control type="image">
			<description>Status Icon</description>
			<left>730</left>
			<top>8</top>
			<width>22</width>
			<height>22</height>
			<texture>$VAR[PVRStatusIcon]</texture>
			<colordiffuse>WhiteColor</colordiffuse>
			<animation effect="slide" end="-271,0" condition="!String.IsEmpty(Window(home).Property(TVGuideFullscreen))">Conditional</animation>
			<visible>ListItem.HasTimer | ListItem.HasTimerSchedule | ListItem.IsRecording | ListItem.HasRecording</visible>
		</control>
		
		<control type="label">
			<description>Channel Number</description>
			<left>15</left>
			<width>215</width>
			<height>38</height>
			<include>LiveTVColumnNumberLabel</include>
			<label>$INFO[ListItem.ChannelNumberLabel]</label>
		</control>

		<control type="label">
			<description>Channel Name</description>
			<left>50</left>
			<width>158</width>
			<height>38</height>
			<include>LiveTVColumnChannelLabel</include>
			<label>$INFO[ListItem.ChannelName]</label>
			<visible>![Skin.HasSetting(ShowPVRGuideChannelIcons) + !String.IsEmpty(ListItem.Icon)]</visible>
		</control>
		
		<control type="image">
			<description>Channel Icon</description>
			<left>49</left>
			<width>169</width>
			<height>38</height>
			<aspectratio aligny="center" align="left">keep</aspectratio>
			<texture background="true">$INFO[ListItem.Icon]</texture>
			<bordersize>2</bordersize>
			<visible>Skin.HasSetting(ShowPVRGuideChannelIcons) + !String.IsEmpty(ListItem.Icon)</visible>
		</control>

		<control type="label">
			<description>Title</description>
			<left>230</left>
			<include condition="String.IsEmpty(Window(home).Property(TVGuideFullscreen))">TVGuideNormalWidth3</include>
			<include condition="!String.IsEmpty(Window(home).Property(TVGuideFullscreen))">TVGuideFullscreenWidth3</include>
			<height>38</height>
			<include>LiveTVColumnItemLabel</include>
			<label>$INFO[ListItem.Title]</label>
			<visible>!String.IsEmpty(ListItem.Title)</visible>
		</control>
		
		<control type="label">
			<description>Title</description>
			<left>230</left>
			<include condition="String.IsEmpty(Window(home).Property(TVGuideFullscreen))">TVGuideNormalWidth3</include>
			<include condition="!String.IsEmpty(Window(home).Property(TVGuideFullscreen))">TVGuideFullscreenWidth3</include>
			<height>38</height>
			<include>LiveTVColumnItemLabel</include>
			<label>$INFO[ListItem.Label]</label>
			<visible>String.IsEmpty(ListItem.Title)</visible>
		</control>

		<control type="label">
			<description>Time</description>
			<left>772</left>
			<width>195</width>
			<height>38</height>
			<include>LiveTVColumnItemLabel</include>
			<label>$INFO[ListItem.StartTime]$INFO[ListItem.EndTime, - ]</label>
			<animation effect="slide" end="-271,0" condition="!String.IsEmpty(Window(home).Property(TVGuideFullscreen))">Conditional</animation>
		</control>

		<control type="label">
			<description>Date</description>
			<left>961</left>
			<width>195</width>
			<height>38</height>
			<include>LiveTVColumnItemLabel</include>
			<label>$INFO[ListItem.StartDate]</label>
			<animation effect="slide" end="-271,0" condition="!String.IsEmpty(Window(home).Property(TVGuideFullscreen))">Conditional</animation>
		</control>
	</include>

	<include name="LiveTVColumnLayoutArea3">
		<!-- LiveTVTimersView -->
		<control type="image">
			<description>Disabled</description>
			<left>730</left>
			<top>8</top>
			<width>22</width>
			<height>22</height>
			<texture>pvr/status_none.png</texture>
			<colordiffuse>WhiteColor</colordiffuse>
			<visible>!String.IsEqual(ListItem.Label,$LOCALIZE[19026]) + !String.IsEqual(ListItem.Comment,$LOCALIZE[305]) + !String.IsEqual(ListItem.Comment,$LOCALIZE[19162]) + ![Window.IsActive(TVTimerRules) | Window.IsActive(RadioTimerRules)]</visible>
		</control>

		<control type="image">
			<description>Enabled</description>
			<left>730</left>
			<top>8</top>
			<width>22</width>
			<height>22</height>
			<texture>pvr/status_enabled.png</texture>
			<colordiffuse>WhiteColor</colordiffuse>
			<visible>String.IsEqual(ListItem.Comment,$LOCALIZE[305])</visible>
		</control>

		<control type="image">
			<description>Record</description>
			<left>730</left>
			<top>8</top>
			<width>22</width>
			<height>22</height>
			<texture>pvr/status_recording.png</texture>
			<colordiffuse>WhiteColor</colordiffuse>
			<visible>String.IsEqual(ListItem.Comment,$LOCALIZE[19162])</visible>
		</control>
		
		<control type="label">
			<description>Channel Number</description>
			<left>15</left>
			<width>215</width>
			<height>38</height>
			<include>LiveTVColumnNumberLabel</include>
			<label>$INFO[ListItem.ChannelNumberLabel]</label>
		</control>

		<control type="label">
			<description>Channel Name</description>
			<left>50</left>
			<width>158</width>
			<height>38</height>
			<include>LiveTVColumnChannelLabel</include>
			<label>$INFO[ListItem.ChannelName]</label>
		</control>

		<control type="label">
			<description>Title</description>
			<left>230</left>
			<width>475</width>
			<height>38</height>
			<include>LiveTVColumnItemLabel</include>
			<label>$INFO[ListItem.Label]</label>
		</control>

		<control type="label">
			<description>Time</description>
			<left>776</left>
			<width>195</width>
			<height>38</height>
			<include>LiveTVColumnItemLabel</include>
			<label>$INFO[ListItem.StartTime]$INFO[ListItem.EndTime, - ]</label>
		</control>

		<control type="label">
			<description>Date</description>
			<left>995</left>
			<width>195</width>
			<height>38</height>
			<include>LiveTVColumnItemLabel</include>
			<label>$INFO[ListItem.StartDate]</label>
		</control>
	</include>

	<include name="LiveTVColumnItemLayout">
		<!-- LiveTVSearchView, LiveTVTimersView -->
		<control type="image">
			<width>215</width>
			<height>38</height>
			<texture border="8">pvr/column-left.png</texture>
			<colordiffuse>LiveTVColumnColor</colordiffuse>
			<include>LiveTVColumnFadeAnim</include>
		</control>

		<control type="image">
			<left>220</left>
			<include condition="String.IsEmpty(Window(home).Property(TVGuideFullscreen))">TVGuideNormalWidth</include>
			<include condition="!String.IsEmpty(Window(home).Property(TVGuideFullscreen))">TVGuideFullscreenWidth</include>
			<height>38</height>
			<texture border="8">pvr/column.png</texture>
			<colordiffuse>LiveTVColumnColor2</colordiffuse>
			<include>LiveTVColumnFadeAnim</include>
		</control>

		<control type="image">
			<left>766</left>
			<width>215</width>
			<height>38</height>
			<texture border="8">pvr/column.png</texture>
			<colordiffuse>LiveTVColumnColor2</colordiffuse>
			<include>LiveTVColumnFadeAnim</include>
			<animation effect="slide" end="-271,0" condition="!String.IsEmpty(Window(home).Property(TVGuideFullscreen))">Conditional</animation>
		</control>

		<control type="image">
			<left>985</left>
			<width>215</width>
			<height>38</height>
			<texture border="8" flipx="true">pvr/column-left.png</texture>
			<colordiffuse>LiveTVColumnColor2</colordiffuse>
			<include>LiveTVColumnFadeAnim</include>
			<animation effect="slide" end="-271,0" condition="!String.IsEmpty(Window(home).Property(TVGuideFullscreen))">Conditional</animation>
		</control>
	</include>

	<include name="LiveTVColumnFocusedLayout">
		<control type="image" id="1">
			<width>215</width>
			<height>38</height>
			<texture border="8">pvr/column-left.png</texture>
			<colordiffuse>LiveTVColumnColor3</colordiffuse>
			<include>LiveTVColumnFadeAnim</include>
		</control>

		<control type="image">
			<left>220</left>
			<include condition="String.IsEmpty(Window(home).Property(TVGuideFullscreen))">TVGuideNormalWidth4</include>
			<include condition="!String.IsEmpty(Window(home).Property(TVGuideFullscreen))">TVGuideFullscreenWidth4</include>
			<height>38</height>
			<texture border="8" flipx="true">pvr/column-left.png</texture>
			<colordiffuse>LiveTVColumnColor3</colordiffuse>
			<include>LiveTVColumnFadeAnim</include>
		</control>
	</include>
</includes>