<?xml version="1.0" encoding="UTF-8"?>
<includes> 
	<include name="ViewsSkinSettings">
		<control type="group">
			<visible>Skin.String(SkinSettingsCategory,11)</visible>
			
			<control type="grouplist" id="910">
				<description>Media Content Area</description>
				<width>755</width>
				<height>500</height>
				<pagecontrol>997</pagecontrol>
				<itemgap>0</itemgap>
				<onup>910</onup>
				<ondown>910</ondown>
				<onleft>7</onleft>
				<onright>150</onright>
				<visible>!Skin.HasSetting(ExpandedSettings)</visible>
				<include>ContentSettingsOpenCloseAnim</include>
				<control type="button" id="8001">
					<description>Videos Label</description>
					<include>SettingsHeaderBtn</include>
					<label>$LOCALIZE[3]</label>
				</control>
				<control type="radiobutton" id="8002">
					<description>List Info View</description>
					<include>SettingsContentRadioBtn</include>
					<label>$LOCALIZE[31111]</label>
					<selected>!Skin.HasSetting(DisableVideosListInfoView)</selected>
					<onclick>Skin.ToggleSetting(DisableVideosListInfoView)</onclick>
				</control>
				<control type="radiobutton" id="8003">
					<description>List Info View 2</description>
					<include>SettingsContentRadioBtn</include>
					<label>$LOCALIZE[31112]</label>
					<selected>!Skin.HasSetting(DisableVideosListInfoView2)</selected>
					<onclick>Skin.ToggleSetting(DisableVideosListInfoView2)</onclick>
				</control>
				<control type="radiobutton" id="8004">
					<description>Thumbs Info View</description>
					<include>SettingsContentRadioBtn</include>
					<label>$LOCALIZE[31116]</label>
					<selected>!Skin.HasSetting(DisableVideosThumbsInfoView)</selected>
					<onclick>Skin.ToggleSetting(DisableVideosThumbsInfoView)</onclick>
				</control>
				<control type="button" id="8005">
					<description>Movies Label</description>
					<include>SettingsHeaderBtn</include>
					<label>$LOCALIZE[342]</label>
				</control>
				<control type="radiobutton" id="8006">
					<description>List Info View</description>
					<include>SettingsContentRadioBtn</include>
					<label>$LOCALIZE[31111]</label>
					<selected>!Skin.HasSetting(DisableMoviesListInfoView)</selected>
					<onclick>Skin.ToggleSetting(DisableMoviesListInfoView)</onclick>
				</control>
				<control type="radiobutton" id="8007">
					<description>List Info View 2</description>
					<include>SettingsContentRadioBtn</include>
					<label>$LOCALIZE[31112]</label>
					<selected>!Skin.HasSetting(DisableMoviesListInfoView2)</selected>
					<onclick>Skin.ToggleSetting(DisableMoviesListInfoView2)</onclick>
				</control>
				<control type="radiobutton" id="8008">
					<description>List Info View 3</description>
					<include>SettingsContentRadioBtn</include>
					<label>$LOCALIZE[31115]</label>
					<selected>!Skin.HasSetting(DisableMoviesListInfoView3)</selected>
					<onclick>Skin.ToggleSetting(DisableMoviesListInfoView3)</onclick>
				</control>
				<control type="radiobutton" id="8009">
					<description>Thumbs Info View</description>
					<include>SettingsContentRadioBtn</include>
					<label>$LOCALIZE[31116]</label>
					<selected>!Skin.HasSetting(DisableMoviesThumbsInfoView)</selected>
					<onclick>Skin.ToggleSetting(DisableMoviesThumbsInfoView)</onclick>
				</control>
				<control type="radiobutton" id="8010">
					<description>Wrap Info View</description>
					<include>SettingsContentRadioBtn</include>
					<label>$LOCALIZE[31106]</label>
					<selected>!Skin.HasSetting(DisableMoviesWrapListInfoView)</selected>
					<onclick>Skin.ToggleSetting(DisableMoviesWrapListInfoView)</onclick>
				</control>
				<control type="radiobutton" id="8011">
					<description>3D Wrap View</description>
					<include>SettingsContentRadioBtn</include>
					<label>$LOCALIZE[31121]</label>
					<selected>!Skin.HasSetting(DisableMovies3DWrapView)</selected>
					<onclick>Skin.ToggleSetting(DisableMovies3DWrapView)</onclick>
				</control>
				<control type="radiobutton" id="8012">
					<description>Fanart View</description>
					<include>SettingsContentRadioBtn</include>
					<label>$LOCALIZE[20445]</label>
					<selected>!Skin.HasSetting(DisableMoviesFanartView)</selected>
					<onclick>Skin.ToggleSetting(DisableMoviesFanartView)</onclick>
				</control>
				<control type="radiobutton" id="8013">
					<description>Wall View</description>
					<include>SettingsContentRadioBtn</include>
					<label>$LOCALIZE[31113]</label>
					<selected>!Skin.HasSetting(DisableMoviesWallView)</selected>
					<onclick>Skin.ToggleSetting(DisableMoviesWallView)</onclick>
				</control>
				<control type="button" id="8014">
					<description>TV Shows Label</description>
					<include>SettingsHeaderBtn</include>
					<label>$LOCALIZE[20343]</label>
				</control>
				<control type="radiobutton" id="8015">
					<description>List Info View</description>
					<include>SettingsContentRadioBtn</include>
					<label>$LOCALIZE[31111]</label>
					<selected>!Skin.HasSetting(DisableTVShowsListInfoView)</selected>
					<onclick>Skin.ToggleSetting(DisableTVShowsListInfoView)</onclick>
				</control>
				<control type="radiobutton" id="8016">
					<description>List Info View 2</description>
					<include>SettingsContentRadioBtn</include>
					<label>$LOCALIZE[31112]</label>
					<selected>!Skin.HasSetting(DisableTVShowsListInfoView2)</selected>
					<onclick>Skin.ToggleSetting(DisableTVShowsListInfoView2)</onclick>
				</control>
				<control type="radiobutton" id="8017">
					<description>List Info View 3</description>
					<include>SettingsContentRadioBtn</include>
					<label>$LOCALIZE[31115]</label>
					<selected>!Skin.HasSetting(DisableTVShowsListInfoView3)</selected>
					<onclick>Skin.ToggleSetting(DisableTVShowsListInfoView3)</onclick>
				</control>
				<control type="radiobutton" id="8018">
					<description>Thumbs Info View</description>
					<include>SettingsContentRadioBtn</include>
					<label>$LOCALIZE[31116]</label>
					<selected>!Skin.HasSetting(DisableTVShowsThumbsInfoView)</selected>
					<onclick>Skin.ToggleSetting(DisableTVShowsThumbsInfoView)</onclick>
				</control>
				<control type="radiobutton" id="8019">
					<description>Wrap Info View</description>
					<include>SettingsContentRadioBtn</include>
					<label>$LOCALIZE[31106]</label>
					<selected>!Skin.HasSetting(DisableTVShowsWrapListInfoView)</selected>
					<onclick>Skin.ToggleSetting(DisableTVShowsWrapListInfoView)</onclick>
				</control>
				<control type="radiobutton" id="8020">
					<description>3D Wrap View</description>
					<include>SettingsContentRadioBtn</include>
					<label>$LOCALIZE[31121]</label>
					<selected>!Skin.HasSetting(DisableTVShows3DWrapView)</selected>
					<onclick>Skin.ToggleSetting(DisableTVShows3DWrapView)</onclick>
				</control>
				<control type="radiobutton" id="8021">
					<description>Fanart View</description>
					<include>SettingsContentRadioBtn</include>
					<label>$LOCALIZE[20445]</label>
					<selected>!Skin.HasSetting(DisableTVShowsFanartView)</selected>
					<onclick>Skin.ToggleSetting(DisableTVShowsFanartView)</onclick>
				</control>
				<control type="radiobutton" id="8022">
					<description>Wall View</description>
					<include>SettingsContentRadioBtn</include>
					<label>$LOCALIZE[31113]</label>
					<selected>!Skin.HasSetting(DisableTVShowsWallView)</selected>
					<onclick>Skin.ToggleSetting(DisableTVShowsWallView)</onclick>
				</control>
				<control type="button" id="8023">
					<description>Episodes Label</description>
					<include>SettingsHeaderBtn</include>
					<label>$LOCALIZE[20360]</label>
				</control>
				<control type="radiobutton" id="8024">
					<description>List Info View</description>
					<include>SettingsContentRadioBtn</include>
					<label>$LOCALIZE[31111]</label>
					<selected>!Skin.HasSetting(DisableEpisodesListInfoView)</selected>
					<onclick>Skin.ToggleSetting(DisableEpisodesListInfoView)</onclick>
				</control>
				<control type="radiobutton" id="8025">
					<description>List Info View 2</description>
					<include>SettingsContentRadioBtn</include>
					<label>$LOCALIZE[31112]</label>
					<selected>!Skin.HasSetting(DisableEpisodesListInfoView2)</selected>
					<onclick>Skin.ToggleSetting(DisableEpisodesListInfoView2)</onclick>
				</control>
				<control type="radiobutton" id="8026">
					<description>List Info View 3</description>
					<include>SettingsContentRadioBtn</include>
					<label>$LOCALIZE[31115]</label>
					<selected>!Skin.HasSetting(DisableEpisodesListInfoView3)</selected>
					<onclick>Skin.ToggleSetting(DisableEpisodesListInfoView3)</onclick>
				</control>
				<control type="button" id="8027">
					<description>Music Label</description>
					<include>SettingsHeaderBtn</include>
					<label>$LOCALIZE[2]</label>
				</control>
				<control type="radiobutton" id="8028">
					<description>List Info View</description>
					<include>SettingsContentRadioBtn</include>
					<label>$LOCALIZE[31111]</label>
					<selected>!Skin.HasSetting(DisableMusicListInfoView)</selected>
					<onclick>Skin.ToggleSetting(DisableMusicListInfoView)</onclick>
				</control>
				<control type="radiobutton" id="8029">
					<description>List Info View 2</description>
					<include>SettingsContentRadioBtn</include>
					<label>$LOCALIZE[31112]</label>
					<selected>!Skin.HasSetting(DisableMusicListInfoView2)</selected>
					<onclick>Skin.ToggleSetting(DisableMusicListInfoView2)</onclick>
				</control>
				<control type="radiobutton" id="8030">
					<description>List Info View 3</description>
					<include>SettingsContentRadioBtn</include>
					<label>$LOCALIZE[31115]</label>
					<selected>!Skin.HasSetting(DisableMusicListInfoView3)</selected>
					<onclick>Skin.ToggleSetting(DisableMusicListInfoView3)</onclick>
				</control>
				<control type="radiobutton" id="8031">
					<description>Thumbs Info View</description>
					<include>SettingsContentRadioBtn</include>
					<label>$LOCALIZE[31116]</label>
					<selected>!Skin.HasSetting(DisableMusicThumbsInfoView)</selected>
					<onclick>Skin.ToggleSetting(DisableMusicThumbsInfoView)</onclick>
				</control>
				<control type="radiobutton" id="8032">
					<description>Wrap Info View</description>
					<include>SettingsContentRadioBtn</include>
					<label>$LOCALIZE[31106]</label>
					<selected>!Skin.HasSetting(DisableMusicWrapListInfoView)</selected>
					<onclick>Skin.ToggleSetting(DisableMusicWrapListInfoView)</onclick>
				</control>
				<control type="radiobutton" id="8033">
					<description>Wall View</description>
					<include>SettingsContentRadioBtn</include>
					<label>$LOCALIZE[31113]</label>
					<selected>!Skin.HasSetting(DisableMusicWallView)</selected>
					<onclick>Skin.ToggleSetting(DisableMusicWallView)</onclick>
				</control>
				<control type="button" id="8034">
					<description>Music Videos Label</description>
					<include>SettingsHeaderBtn</include>
					<label>$LOCALIZE[20389]</label>
				</control>
				<control type="radiobutton" id="8035">
					<description>List Info View 2</description>
					<include>SettingsContentRadioBtn</include>
					<label>$LOCALIZE[31112]</label>
					<selected>!Skin.HasSetting(DisableMusicVideosListInfoView2)</selected>
					<onclick>Skin.ToggleSetting(DisableMusicVideosListInfoView2)</onclick>
				</control>
				<control type="button" id="8036">
					<description>Pictures Label</description>
					<include>SettingsHeaderBtn</include>
					<label>$LOCALIZE[1]</label>
				</control>
				<control type="radiobutton" id="8037">
					<description>List Info View 3</description>
					<include>SettingsContentRadioBtn</include>
					<label>$LOCALIZE[31115]</label>
					<selected>!Skin.HasSetting(DisablePicturesListInfoView3)</selected>
					<onclick>Skin.ToggleSetting(DisablePicturesListInfoView3)</onclick>
				</control>
				<control type="radiobutton" id="8038">
					<description>Thumbs Info View</description>
					<include>SettingsContentRadioBtn</include>
					<label>$LOCALIZE[31116]</label>
					<selected>!Skin.HasSetting(DisablePicturesThumbsInfoView)</selected>
					<onclick>Skin.ToggleSetting(DisablePicturesThumbsInfoView)</onclick>
				</control>
				<control type="button" id="8039">
					<description>Add-ons Label</description>
					<include>SettingsHeaderBtn</include>
					<label>$LOCALIZE[24001]</label>
				</control>
				<control type="radiobutton" id="8040">
					<description>List Info View</description>
					<include>SettingsContentRadioBtn</include>
					<label>$LOCALIZE[31111]</label>
					<selected>!Skin.HasSetting(DisableAddonsListInfoView)</selected>
					<onclick>Skin.ToggleSetting(DisableAddonsListInfoView)</onclick>
				</control>
				<control type="radiobutton" id="8041">
					<description>Wrap Info View</description>
					<include>SettingsContentRadioBtn</include>
					<label>$LOCALIZE[31106]</label>
					<selected>!Skin.HasSetting(DisableAddonsWrapListInfoView)</selected>
					<onclick>Skin.ToggleSetting(DisableAddonsWrapListInfoView)</onclick>
				</control>
				<control type="button" id="8042">
					<description>Programs Label</description>
					<include>SettingsHeaderBtn</include>
					<label>$LOCALIZE[0]</label>
				</control>
				<control type="radiobutton" id="8043">
					<description>List Info View</description>
					<include>SettingsContentRadioBtn</include>
					<label>$LOCALIZE[31111]</label>
					<selected>!Skin.HasSetting(DisableProgramsListInfoView)</selected>
					<onclick>Skin.ToggleSetting(DisableProgramsListInfoView)</onclick>
				</control>
				<control type="radiobutton" id="8044">
					<description>List Info View 2</description>
					<include>SettingsContentRadioBtn</include>
					<label>$LOCALIZE[31112]</label>
					<selected>!Skin.HasSetting(DisableProgramsListInfoView2)</selected>
					<onclick>Skin.ToggleSetting(DisableProgramsListInfoView2)</onclick>
				</control>
				<control type="radiobutton" id="8045">
					<description>List Info View 3</description>
					<include>SettingsContentRadioBtn</include>
					<label>$LOCALIZE[31115]</label>
					<selected>!Skin.HasSetting(DisableProgramsListInfoView3)</selected>
					<onclick>Skin.ToggleSetting(DisableProgramsListInfoView3)</onclick>
				</control>
				<control type="radiobutton" id="8046">
					<description>Thumbs Info View</description>
					<include>SettingsContentRadioBtn</include>
					<label>$LOCALIZE[31116]</label>
					<selected>!Skin.HasSetting(DisableProgramsThumbsInfoView)</selected>
					<onclick>Skin.ToggleSetting(DisableProgramsThumbsInfoView)</onclick>
				</control>
				<control type="radiobutton" id="8047">
					<description>Thumbs Info View</description>
					<include>SettingsContentRadioBtn</include>
					<label>$LOCALIZE[31116] $NUMBER[2]</label>
					<selected>!Skin.HasSetting(DisableProgramsThumbsInfoView2)</selected>
					<onclick>Skin.ToggleSetting(DisableProgramsThumbsInfoView2)</onclick>
				</control>
				<control type="radiobutton" id="8048">
					<description>Thumbs Info View</description>
					<include>SettingsContentRadioBtn</include>
					<label>$LOCALIZE[31116] $NUMBER[3]</label>
					<selected>!Skin.HasSetting(DisableProgramsThumbsInfoView3)</selected>
					<onclick>Skin.ToggleSetting(DisableProgramsThumbsInfoView3)</onclick>
				</control>
				<control type="radiobutton" id="8049">
					<description>Wrap Info View</description>
					<include>SettingsContentRadioBtn</include>
					<label>$LOCALIZE[31106]</label>
					<selected>!Skin.HasSetting(DisableProgramsWrapListInfoView)</selected>
					<onclick>Skin.ToggleSetting(DisableProgramsWrapListInfoView)</onclick>
				</control>
				<control type="radiobutton" id="8050">
					<description>Wrap Info View</description>
					<include>SettingsContentRadioBtn</include>
					<label>$LOCALIZE[31106] $NUMBER[2]</label>
					<selected>!Skin.HasSetting(DisableProgramsWrapListInfoView2)</selected>
					<onclick>Skin.ToggleSetting(DisableProgramsWrapListInfoView2)</onclick>
				</control>
				<control type="radiobutton" id="8051">
					<description>Wrap Info View</description>
					<include>SettingsContentRadioBtn</include>
					<label>$LOCALIZE[31106] $NUMBER[3]</label>
					<selected>!Skin.HasSetting(DisableProgramsWrapListInfoView3)</selected>
					<onclick>Skin.ToggleSetting(DisableProgramsWrapListInfoView3)</onclick>
				</control>
				<control type="button" id="8052">
					<description>Miscellaneous Label</description>
					<include>SettingsHeaderBtn</include>
					<label>$LOCALIZE[31422]</label>
				</control>
				<control type="radiobutton" id="8053">
					<description>Extended List View</description>
					<include>SettingsContentRadioBtn</include>
					<label>$LOCALIZE[31122]</label>
					<selected>!Skin.HasSetting(DisableExtendedListView)</selected>
					<onclick>Skin.ToggleSetting(DisableExtendedListView)</onclick>
				</control>
				<control type="radiobutton" id="8054">
					<description>Playlist View</description>
					<include>SettingsContentRadioBtn</include>
					<label>$LOCALIZE[559]</label>
					<selected>!Skin.HasSetting(DisablePlaylistView)</selected>
					<onclick>Skin.ToggleSetting(DisablePlaylistView)</onclick>
				</control>
			</control>
		</control>
	</include>
</includes>