<?xml version="1.0" encoding="UTF-8"?>
<window>
	<defaultcontrol always="true">500</defaultcontrol>
	<menucontrol>850</menucontrol>
	<views>50,63,52,62,91,67,96,585,599,64,93,70</views>
	<onload>Skin.Reset(ShowMediaExtraOptions)</onload>
	
	<controls>
		<control type="group">
			<depth>DepthBackground</depth>
			<include>BackgroundDefault</include>
			<include condition="[[!String.IsEmpty(Skin.String(CustomMusicBGPath)) + [Skin.String(CustomMusicBGType,2) | Skin.String(CustomMusicBGType,3)]] 
			| Skin.String(CustomMusicBGType,4)] + Skin.HasSetting(ApplyAllMusicCustomBG)">BackgroundMusic</include>
			<include>BackgroundAddonsFanart</include>
			<include>BackgroundMusicFanart</include>
			<include condition="String.Contains(Container.FolderPath,musicdb://genres/) + !String.IsEmpty(Skin.String(MusicGenreFanartAddon.name))">BackgroundGenreFanart</include>
			<include condition="!Skin.HasSetting(DisableVideoPlayingBG)">BackgroundVideoPlaying</include>
			<include condition="!Skin.HasSetting(DisableMusicPlayingBG)">BackgroundMusicPlaying</include>
			<include>BackgroundOpenCloseAnim</include>
		</control>
		
		<control type="group">
			<visible>![Window.IsActive(script-script.extendedinfo-DialogVideoInfo.xml) | Window.IsActive(script-script.extendedinfo-DialogInfo.xml)]</visible>
			<control type="group">
				<visible>!Window.IsActive(DialogMusicInfo.xml) + !Window.IsActive(MovieInformation) + !Window.IsActive(AddonInformation)</visible>
				<depth>DepthContent</depth>
				<include>MediaInfoOpenCloseAnim</include>
				<include>IconView</include> <!-- 50 -->
				<include>ListView</include> <!-- 52 -->
				<include>AlbumThumbsView</include> <!-- 63 -->
				<include condition="!Skin.HasSetting(DisableMusicListInfoView)">MusicListInfoView</include> <!-- 62 -->
				<include condition="!Skin.HasSetting(DisableMusicListInfoView2)">MusicListInfoView2</include> <!-- 67 -->
				<include condition="!Skin.HasSetting(DisableMusicListInfoView2)">MusicListInfoView3</include> <!-- 96 -->
				<include condition="!Skin.HasSetting(DisableMusicThumbsInfoView)">MusicThumbsInfoView</include> <!-- 599 -->
				<include condition="!Skin.HasSetting(DisableMusicWrapListInfoView)">MusicWrapListInfoView</include> <!-- 64 -->
				<include condition="!Skin.HasSetting(DisableMusicWallView)">MusicWallView</include> <!-- 70 -->
				<include condition="!Skin.HasSetting(DisableAddonsListInfoView)">AddonsListInfoView</include> <!-- 91 -->
				<include condition="!Skin.HasSetting(DisableAddonsWrapListInfoView)">AddonsWrapListInfoView</include> <!-- 93 -->
				<include condition="!Skin.HasSetting(DisableExtendedListView)">ExtendedListView</include> <!-- 585 -->
			</control>
			
			<include>MediaMenuBar</include>
			
			<control type="group">
				<description>Top Bar Area</description>
				<depth>DepthTopBar</depth>
				<visible>![System.IdleTime(3) + Skin.HasSetting(HideTopBar) + ![Control.IsVisible(70) | Control.IsVisible(505) | Control.HasFocus(555)]]</visible>
				<include>TopBarImage</include>
				<include>TopBarOpenCloseAnim</include>
				<include>BreadCrumbMusicLibrary</include>
				<include>Notifications</include>
				<include>SortLetterNotification</include>
			</control>
		</control>
	</controls>
</window>
