<?xml version="1.0" encoding="UTF-8"?>
<window>
	<defaultcontrol always="true">3012</defaultcontrol>
	<include>FSMediaInfoOpenCloseAnim</include>
	
	<controls>
		<control type="group">
			<depth>DepthOSD</depth>
			
			<control type="group">
				<left>778</left>
				<top>574</top>
				
				<control type="image">
					<width>474</width>
					<height>73</height>
					<texture border="8">panels/panel.png</texture>
				</control>

				<control type="grouplist">
					<description>Controls</description>
					<top>19</top>
					<width>474</width>
					<height>35</height>
					<itemgap>10</itemgap>
					<align>center</align>
					<orientation>horizontal</orientation>
					<control type="button" id="3012">
						<description>Next Episode</description>
						<width>251</width>
						<label>$ADDON[service.upnext 30037] $INFO[Player.TimeRemaining(ss),,] $ADDON[service.upnext 30035]</label>
						<pulseonselect>false</pulseonselect>
					</control>
					<control type="button" id="3013">
						<description>Cancel</description>
						<width>150</width>
						<label>222</label>
						<pulseonselect>false</pulseonselect>
					</control>
				</control>
			</control>
		</control>
	</controls>
</window>