<?xml version="1.0" encoding="UTF-8"?>
<window>
	<views>50</views>
	<menucontrol>9000</menucontrol>
	<coordinates>
		<system>1</system>
		<left>0</left>
		<top>0</top>
	</coordinates>
	
	<controls>
		<control type="group">
			<depth>DepthBackground</depth>
			<include>BackgroundDefault</include>
			<include>BackgroundGlobalSearch</include>
			<include>BackgroundOpenCloseAnim</include>
		</control>
		
		<control type="group">
			<visible>![Window.IsActive(DialogVideoInfo.xml) | Window.IsActive(DialogMusicInfo.xml) | Window.IsActive(DialogPVRInfo.xml) | Window.IsActive(custom_1117_DialogSingleMovieSetInfo.xml)]</visible>
			<include>ControlsOpenCloseAnim</include>
			
			<control type="group">
				<depth>DepthContent</depth>
				
				<control type="image">
					<left>30</left>
					<top>87</top>
					<width>260</width>
					<height>474</height>
					<texture border="7">panels/content-panel.png</texture>
					<include>PanelFadeAnim</include>
				</control>
				
				<control type="image">
					<left>30</left>
					<top>572</top>
					<width>260</width>
					<height>58</height>
					<texture border="7">panels/content-panel.png</texture>
					<include>PanelFadeAnim</include>
					<visible>Control.IsVisible(990)</visible>
				</control>
				
				<control type="image">
					<right>30</right>
					<top>87</top>
					<width>931</width>
					<height>544</height>
					<texture border="7">panels/content-panel.png</texture>
					<include>PanelFadeAnim</include>
				</control>
				
				<control type="image">
					<right>34</right>
					<top>91</top>
					<width>14</width>
					<height>536</height>
					<texture border="4">controls/scrollbar-background.png</texture>
					<visible>!Control.IsVisible(999)</visible>
				</control>
				
				<control type="list" id="9000">
					<left>34</left>
					<top>91</top>
					<width>252</width>
					<height>468</height>
					<onleft>555</onleft>
					<onright>50</onright>
					<onup>9000</onup>
					<ondown>990</ondown>
					<pagecontrol />
					<scrolltime>300</scrolltime>
					<itemlayout height="52">
						<control type="image">
							<width>252</width>
							<height>50</height>
							<texture border="5">controls/button-nofocus.png</texture>
						</control>
						<control type="label">
							<left>10</left>
							<width>200</width>
							<height>50</height>
							<font>RSSFont</font>
							<textcolor>SettingsCatColor</textcolor>
							<shadowcolor>ShadowColor</shadowcolor>
							<aligny>center</aligny>
							<label>$INFO[ListItem.Label]</label>
						</control>
						<control type="label">
							<right>10</right>
							<width>50</width>
							<height>50</height>
							<font>RSSFont</font>
							<textcolor>SettingsCatColor</textcolor>
							<shadowcolor>ShadowColor</shadowcolor>
							<align>right</align>
							<aligny>center</aligny>
							<label>$INFO[ListItem.Label2]</label>
						</control>
					</itemlayout>
					<focusedlayout height="52">
						<control type="image">
							<width>252</width>
							<height>50</height>
							<texture border="5">controls/button-focus.png</texture>
							<animation effect="fade" start="100" end="30" time="100" condition="!Control.HasFocus(9000)">Conditional</animation>
							<visible>!Control.HasFocus(990)</visible>
						</control>
						<control type="image">
							<width>252</width>
							<height>50</height>
							<texture border="5">controls/button-nofocus.png</texture>
							<visible>Control.HasFocus(990)</visible>
						</control>
						<control type="label">
							<left>10</left>
							<width>200</width>
							<height>50</height>
							<font>RSSFont</font>
							<textcolor>SelectedColor</textcolor>
							<shadowcolor>ShadowColor</shadowcolor>
							<aligny>center</aligny>
							<label>$INFO[ListItem.Label]</label>
						</control>
						<control type="label">
							<right>10</right>
							<width>50</width>
							<height>50</height>
							<font>RSSFont</font>
							<textcolor>SelectedColor</textcolor>
							<shadowcolor>ShadowColor</shadowcolor>
							<align>right</align>
							<aligny>center</aligny>
							<label>$INFO[ListItem.Label2]</label>
						</control>
					</focusedlayout>
				</control>
				
				<control type="button" id="990">
					<top>576</top>
					<left>34</left>
					<width>252</width>
					<height>50</height>
					<font>RSSFont</font>
					<textcolor>SettingsCatColor</textcolor>
					<focusedcolor>SelectedColor</focusedcolor>
					<shadowcolor>ShadowColor</shadowcolor>
					<textoffsetx>10</textoffsetx>
					<textwidth>232</textwidth>
					<align>left</align>
					<onup>9000</onup>
					<onright>101</onright>
					<label>[UPPERCASE]$ADDON[script.globalsearch 32299][/UPPERCASE]</label>
				</control>
					
				<control type="panel" id="50">
					<include>BackgroundVisibleAnim</include>
					<left>318</left>
					<top>90</top>
					<width>913</width>
					<height>538</height>
					<onleft>9000</onleft>
					<onright>9001</onright>
					<onup>50</onup>
					<ondown>50</ondown>
					<viewtype label="535">icon</viewtype>
					<preloaditems>2</preloaditems>
					<pagecontrol>9001</pagecontrol>
					<itemlayout width="453" height="134" condition="Container.Content(Movies)">
						<control type="group">
							<top>-4</top>
							<include content="GlobalSearchItemLayoutBackgrounds">
								<param name="BackgroundWidth" value="464"/>
								<param name="HeaderLeft" value="98"/>
								<param name="HeaderWidth" value="357"/>
								<param name="HeaderHeight" value="30"/>
							</include>
							<control type="image">
								<left>9</left>
								<top>9</top>
								<width>87</width>
								<height>126</height>
								<texture background="true">$VAR[PosterThumb]</texture>
								<aspectratio align="center" aligny="center">scale</aspectratio>
							</control>
							<include content="GlobalSearchOverlays">
								<param name="left" value="67"/>
							</include>
							<control type="label">
								<top>12</top>
								<left>103</left>
								<width>348</width>
								<label>[UPPERCASE]$INFO[ListItem.Label][/UPPERCASE]</label>
								<font>ListFont</font>
								<textcolor>WhiteColor</textcolor>
								<shadowcolor>ShadowColor</shadowcolor>
							</control>
							<control type="textbox">
								<left>103</left>
								<top>41</top>
								<width>348</width>
								<height>36</height>
								<label>$INFO[ListItem.Tagline]</label>
								<font>ListFont3</font>
								<textcolor>MediaInfoItemColor2</textcolor>
							</control>
							<control type="textbox">
								<left>103</left>
								<top>41</top>
								<width>348</width>
								<height>36</height>
								<label>$INFO[ListItem.PlotOutline]</label>
								<font>ListFont3</font>
								<textcolor>MediaInfoItemColor2</textcolor>
								<visible>String.IsEmpty(ListItem.Tagline)</visible>
							</control>
							<control type="textbox">
								<left>103</left>
								<top>41</top>
								<width>348</width>
								<height>36</height>
								<label fallback="31204">$INFO[ListItem.Plot]</label>
								<font>ListFont3</font>
								<textcolor>MediaInfoItemColor2</textcolor>
								<visible>String.IsEmpty(ListItem.Tagline) + String.IsEmpty(ListItem.PlotOutline)</visible>
							</control>
							<control type="label">
								<top>87</top>
								<left>103</left>
								<width>348</width>
								<label>$INFO[ListItem.Genre]</label>
								<font>ListFont5</font>
								<textcolor>MediaInfoItemColor2</textcolor>
							</control>
							<control type="label">
								<top>110</top>
								<left>103</left>
								<width>348</width>
								<label>$INFO[ListItem.Year]$VAR[DurationVar,   &#x2022;   , $LOCALIZE[31003]]$VAR[RatingType,   &#x2022;   ,]</label>
								<font>ListFont5</font>
								<textcolor>MediaInfoItemColor2</textcolor>
							</control>
						</control>
					</itemlayout>
					<itemlayout width="453" height="134" condition="Container.Content(TVShows)">
						<control type="group">
							<top>-4</top>
							<include content="GlobalSearchItemLayoutBackgrounds">
								<param name="BackgroundWidth" value="464"/>
								<param name="HeaderLeft" value="98"/>
								<param name="HeaderWidth" value="357"/>
								<param name="HeaderHeight" value="30"/>
							</include>
							<control type="image">
								<left>9</left>
								<top>9</top>
								<width>87</width>
								<height>126</height>
								<texture background="true">$VAR[PosterThumb]</texture>
								<aspectratio align="center" aligny="center">scale</aspectratio>
							</control>
							<include>GlobalSearchWatchedOverlay</include>
							<control type="label">
								<top>12</top>
								<left>103</left>
								<width>348</width>
								<label>[UPPERCASE]$INFO[ListItem.Label][/UPPERCASE]</label>
								<font>ListFont</font>
								<textcolor>WhiteColor</textcolor>
								<shadowcolor>ShadowColor</shadowcolor>
							</control>
							<control type="textbox">
								<left>103</left>
								<top>41</top>
								<width>348</width>
								<height>36</height>
								<label fallback="31204">$INFO[ListItem.Plot]</label>
								<font>ListFont3</font>
								<textcolor>MediaInfoItemColor2</textcolor>
							</control>
							<control type="label">
								<top>87</top>
								<left>103</left>
								<width>348</width>
								<label fallback="31204">$INFO[ListItem.Genre]</label>
								<font>ListFont5</font>
								<textcolor>MediaInfoItemColor2</textcolor>
							</control>
							<control type="label">
								<top>110</top>
								<left>103</left>
								<width>348</width>
								<label>$INFO[ListItem.Year]$VAR[DurationVar,   &#x2022;   , $LOCALIZE[31003]]$VAR[RatingType,   &#x2022;   ,]</label>
								<font>ListFont5</font>
								<textcolor>MediaInfoItemColor2</textcolor>
							</control>
						</control>
					</itemlayout>
					<itemlayout width="453" height="134" condition="Container.Content(Seasons)">
						<control type="group">
							<top>-4</top>
							<include content="GlobalSearchItemLayoutBackgrounds">
								<param name="BackgroundWidth" value="464"/>
								<param name="HeaderLeft" value="98"/>
								<param name="HeaderWidth" value="357"/>
								<param name="HeaderHeight" value="30"/>
							</include>
							<control type="image">
								<left>9</left>
								<top>9</top>
								<width>87</width>
								<height>126</height>
								<texture background="true">$VAR[PosterThumb]</texture>
								<aspectratio align="center" aligny="center">scale</aspectratio>
							</control>
							<include>GlobalSearchWatchedOverlay</include>
							<control type="label">
								<top>13</top>
								<left>103</left>
								<width>348</width>
								<label>[UPPERCASE]$INFO[ListItem.TvShowTitle][/UPPERCASE]</label>
								<font>ListFont</font>
								<textcolor>WhiteColor</textcolor>
								<shadowcolor>ShadowColor</shadowcolor>
							</control>
							<control type="label">
								<left>103</left>
								<top>35</top>
								<width>348</width>
								<label>$INFO[ListItem.Label]</label>
								<font>ListFont</font>
								<textcolor>MediaInfoItemColor</textcolor>
								<shadowcolor>ShadowColor</shadowcolor>
							</control>
							<control type="label">
								<top>87</top>
								<left>103</left>
								<width>348</width>
								<label>$INFO[ListItem.Episode,, $LOCALIZE[20360]]</label>
								<font>ListFont5</font>
								<textcolor>MediaInfoItemColor2</textcolor>
							</control>
							<control type="label">
								<top>110</top>
								<left>103</left>
								<width>348</width>
								<label>$INFO[ListItem.Path]</label>
								<font>ListFont5</font>
								<textcolor>MediaInfoItemColor2</textcolor>
							</control>
						</control>
					</itemlayout>
					<itemlayout height="134" condition="Container.Content(Episodes)">
						<control type="group">
							<top>-4</top>
							<include content="GlobalSearchItemLayoutBackgrounds">
								<param name="BackgroundWidth" value="918"/>
								<param name="HeaderLeft" value="236"/>
								<param name="HeaderWidth" value="673"/>
								<param name="HeaderHeight" value="52"/>
							</include>
							<control type="image">
								<left>9</left>
								<top>9</top>
								<width>225</width>
								<height>126</height>
								<align>left</align>
								<aspectratio align="center" aligny="center">scale</aspectratio>
								<texture background="true">$INFO[ListItem.Icon]</texture>
							</control>
							<include content="GlobalSearchOverlays">
								<param name="left" value="205"/>
							</include>
							<control type="label">
								<left>241</left>
								<top>13</top>
								<width>666</width>
								<label>[UPPERCASE]$INFO[ListItem.TvShowTitle][/UPPERCASE]</label>
								<font>ListFont</font>
								<textcolor>WhiteColor</textcolor>
								<shadowcolor>ShadowColor</shadowcolor>
							</control>
							<control type="label">
								<left>241</left>
								<top>35</top>
								<width>666</width>
								<label>$VAR[SeasonEpisodesNumberVar,,. ]$INFO[ListItem.Title]</label>
								<font>ListFont</font>
								<textcolor>MediaInfoItemColor2</textcolor>
								<shadowcolor>ShadowColor</shadowcolor>
							</control>
							<control type="textbox">
								<left>241</left>
								<top>64</top>
								<width>663</width>
								<height>36</height>
								<label fallback="31204">$INFO[ListItem.Plot]</label>
								<font>ListFont3</font>
								<textcolor>MediaInfoItemColor2</textcolor>
								<autoscroll time="2000" delay="4000" repeat="10000">true</autoscroll>
							</control>
							<control type="label">
								<top>110</top>
								<left>241</left>
								<width>666</width>
								<label>$INFO[ListItem.Premiered]$VAR[DurationVar,   &#x2022;   , $LOCALIZE[31003]]$VAR[RatingType,   &#x2022;   ,]</label>
								<font>ListFont5</font>
								<textcolor>MediaInfoItemColor2</textcolor>
							</control>
						</control>
					</itemlayout>
					<itemlayout height="134" condition="Container.Content(musicvideos)">
						<control type="group">
							<top>-4</top>
							<include content="GlobalSearchItemLayoutBackgrounds">
								<param name="BackgroundWidth" value="918"/>
								<param name="HeaderLeft" value="236"/>
								<param name="HeaderWidth" value="673"/>
								<param name="HeaderHeight" value="30"/>
							</include>
							<control type="image">
								<left>9</left>
								<top>9</top>
								<width>225</width>
								<height>126</height>
								<align>left</align>
								<aspectratio align="center" aligny="center">scale</aspectratio>
								<texture background="true">$INFO[ListItem.Icon]</texture>
							</control>
							<include content="GlobalSearchOverlays">
								<param name="left" value="205"/>
							</include>
							<control type="label">
								<left>241</left>
								<top>13</top>
								<width>666</width>
								<label>[UPPERCASE]$INFO[ListItem.Artist,,: ][/UPPERCASE]$INFO[ListItem.Album]</label>
								<font>ListFont</font>
								<textcolor>WhiteColor</textcolor>
								<shadowcolor>ShadowColor</shadowcolor>
							</control>
							<control type="textbox">
								<left>241</left>
								<top>41</top>
								<width>663</width>
								<height>36</height>
								<label fallback="31204">$INFO[ListItem.Plot]</label>
								<font>ListFont3</font>
								<textcolor>MediaInfoItemColor2</textcolor>
								<autoscroll time="2000" delay="4000" repeat="10000">true</autoscroll>
							</control>
							<control type="label">
								<left>241</left>
								<top>87</top>
								<width>666</width>
								<label>$INFO[ListItem.Genre]</label>
								<font>ListFont5</font>
								<textcolor>MediaInfoItemColor2</textcolor>
							</control>
							<control type="label">
								<top>110</top>
								<left>241</left>
								<width>666</width>
								<label>$INFO[ListItem.Year]$INFO[ListItem.Duration,   &#x2022;   , $LOCALIZE[31003]]</label>
								<font>ListFont5</font>
								<textcolor>MediaInfoItemColor2</textcolor>
							</control>
						</control>
					</itemlayout>
					<itemlayout height="134" condition="Container.Content(Artists) | Container.Content(Albums) | Container.Content(livetv)">
						<control type="group">
							<top>-4</top>
							<include content="GlobalSearchItemLayoutBackgrounds">
								<param name="BackgroundWidth" value="918"/>
								<param name="HeaderLeft" value="137"/>
								<param name="HeaderWidth" value="772"/>
								<param name="HeaderHeight" value="30"/>
							</include>
							<control type="image">
								<left>9</left>
								<top>9</top>
								<width>126</width>
								<height>126</height>
								<align>left</align>
								<aspectratio align="center" aligny="center">scale</aspectratio>
								<texture background="true">$INFO[ListItem.Icon]</texture>
							</control>
							<control type="label">
								<left>142</left>
								<top>13</top>
								<width>756</width>
								<label>$VAR[GlobalSearchLabel1]</label>
								<font>ListFont</font>
								<textcolor>WhiteColor</textcolor>
								<shadowcolor>ShadowColor</shadowcolor>
							</control>
							<control type="textbox">
								<left>142</left>
								<top>41</top>
								<width>753</width>
								<height>36</height>
								<label fallback="31204">$VAR[GlobalSearchPlot]</label>
								<font>ListFont3</font>
								<textcolor>MediaInfoItemColor2</textcolor>
								<autoscroll time="2000" delay="4000" repeat="10000">true</autoscroll>
							</control>
							<control type="label">
								<left>142</left>
								<top>87</top>
								<width>756</width>
								<label>$VAR[GlobalSearchGenre]</label>
								<font>ListFont5</font>
								<textcolor>MediaInfoItemColor2</textcolor>
							</control>
							<control type="label">
								<top>110</top>
								<left>142</left>
								<width>756</width>
								<label>$VAR[GlobalSearchLabel2]</label>
								<font>ListFont5</font>
								<textcolor>MediaInfoItemColor2</textcolor>
							</control>
							<control type="image">
								<description>Star Rating</description>
								<right>5</right>
								<top>112</top>
								<width>100</width>
								<height>16</height>
								<texture background="true">$INFO[ListItem.Property(Album_Rating)]</texture>
								<aspectratio align="right">keep</aspectratio>
								<include>StarRatingFadeAnim</include>
								<visible>Container.Content(Albums)</visible>
							</control>
						</control>
					</itemlayout>
					<itemlayout width="453" height="134" condition="Container.Content(Songs) | Container.Content(Actors) | Container.Content(Directors)">
						<control type="group">
							<top>-4</top>
							<include content="GlobalSearchItemLayoutBackgrounds">
								<param name="BackgroundWidth" value="464"/>
								<param name="HeaderLeft" value="137"/>
								<param name="HeaderWidth" value="318"/>
								<param name="HeaderHeight" value="30"/>
							</include>
							<control type="image">
								<left>9</left>
								<top>9</top>
								<width>126</width>
								<height>126</height>
								<align>left</align>
								<aspectratio align="center" aligny="center">scale</aspectratio>
								<texture background="true">$INFO[ListItem.Icon]</texture>
							</control>
							<control type="label">
								<left>142</left>
								<top>13</top>
								<width>310</width>
								<label>[UPPERCASE]$VAR[GlobalSearchLabel3][/UPPERCASE]</label>
								<font>ListFont</font>
								<textcolor>WhiteColor</textcolor>
								<shadowcolor>ShadowColor</shadowcolor>
							</control>
							<control type="label">
								<left>142</left>
								<top>41</top>
								<width>310</width>
								<label>$VAR[GlobalSearchLabel4]</label>
								<font>ListFont5</font>
								<textcolor>MediaInfoItemColor2</textcolor>
								<shadowcolor>ShadowColor</shadowcolor>
								<visible>!Container.Content(Songs)</visible>
							</control>
							<control type="group">
								<visible>Container.Content(Songs)</visible>
								<control type="label">
									<left>142</left>
									<top>37</top>
									<width>310</width>
									<label>$INFO[ListItem.Label,$LOCALIZE[179]: [COLOR=MediaInfoItemColor2],[/COLOR]]</label>
									<font>ListFont5</font>
									<textcolor>MediaInfoItemColor</textcolor>
									<shadowcolor>ShadowColor</shadowcolor>
									<visible>!String.IsEmpty(ListItem.Label)</visible>
								</control>
								<control type="label">
									<left>142</left>
									<top>59</top>
									<width>310</width>
									<label>$INFO[ListItem.Album,$LOCALIZE[558]: [COLOR=MediaInfoItemColor2],[/COLOR]]</label>
									<font>ListFont5</font>
									<textcolor>MediaInfoItemColor</textcolor>
									<shadowcolor>ShadowColor</shadowcolor>
									<visible>!String.IsEmpty(ListItem.Album)</visible>
								</control>
								<control type="label">
									<top>87</top>
									<left>142</left>
									<width>310</width>
									<label>$INFO[ListItem.Genre]</label>
									<font>ListFont5</font>
									<textcolor>MediaInfoItemColor2</textcolor>
								</control>
								<control type="label">
									<top>110</top>
									<left>142</left>
									<width>310</width>
									<label>$INFO[ListItem.Year,,   &#x2022;   ]$INFO[ListItem.Duration,, $LOCALIZE[31003]]</label>
									<font>ListFont5</font>
									<textcolor>MediaInfoItemColor2</textcolor>
								</control>
								<control type="image">
									<description>Star Rating</description>
									<right>5</right>
									<top>112</top>
									<width>100</width>
									<height>16</height>
									<texture background="true">$VAR[RatingType]</texture>
									<aspectratio align="right">keep</aspectratio>
									<include>StarRatingFadeAnim</include>
								</control>
							</control>
						</control>
					</itemlayout>
					<focusedlayout width="453" height="134" condition="Container.Content(Movies)">
						<control type="group">
							<top>-4</top>
							<include content="GlobalSearchFocusedLayoutBackgrounds">
								<param name="BackgroundWidth" value="464"/>
								<param name="HeaderLeft" value="98"/>
								<param name="HeaderWidth" value="357"/>
								<param name="HeaderHeight" value="30"/>
								<param name="DimWidth" value="454"/>
							</include>
							<control type="image">
								<left>9</left>
								<top>9</top>
								<width>87</width>
								<height>126</height>
								<texture background="true">$VAR[PosterThumb]</texture>
								<aspectratio align="center" aligny="center">scale</aspectratio>
								<include condition="![Skin.String(LowCPUPowerMode,Animations) | Skin.String(LowCPUPowerMode,Full)]">ListViewCoverFocusAnim</include>
							</control>
							<include content="GlobalSearchOverlays">
								<param name="left" value="67"/>
							</include>
							<control type="label">
								<top>12</top>
								<left>103</left>
								<width>348</width>
								<label>[UPPERCASE]$INFO[ListItem.Label][/UPPERCASE]</label>
								<font>ListFont</font>
								<textcolor>WhiteColor</textcolor>
								<shadowcolor>ShadowColor</shadowcolor>
								<scroll>true</scroll>
							</control>
							<control type="textbox">
								<left>103</left>
								<top>41</top>
								<width>348</width>
								<height>36</height>
								<label>$INFO[ListItem.Tagline]</label>
								<font>ListFont3</font>
								<textcolor>MediaInfoItemColor2</textcolor>
								<autoscroll time="2000" delay="4000" repeat="10000">true</autoscroll>
							</control>
							<control type="textbox">
								<left>103</left>
								<top>41</top>
								<width>348</width>
								<height>36</height>
								<label>$INFO[ListItem.PlotOutline]</label>
								<font>ListFont3</font>
								<textcolor>MediaInfoItemColor2</textcolor>
								<autoscroll time="2000" delay="4000" repeat="10000">true</autoscroll>
								<visible>String.IsEmpty(ListItem.Tagline)</visible>
							</control>
							<control type="textbox">
								<left>103</left>
								<top>41</top>
								<width>348</width>
								<height>36</height>
								<label fallback="31204">$INFO[ListItem.Plot]</label>
								<font>ListFont3</font>
								<textcolor>MediaInfoItemColor2</textcolor>
								<autoscroll time="2000" delay="4000" repeat="10000">true</autoscroll>
								<visible>String.IsEmpty(ListItem.Tagline) + String.IsEmpty(ListItem.PlotOutline)</visible>
							</control>
							<control type="label">
								<top>87</top>
								<left>103</left>
								<width>348</width>
								<label>$INFO[ListItem.Genre]</label>
								<font>ListFont5</font>
								<textcolor>MediaInfoItemColor2</textcolor>
							</control>
							<control type="label">
								<top>110</top>
								<left>103</left>
								<width>348</width>
								<label>$INFO[ListItem.Year]$VAR[DurationVar,   &#x2022;   , $LOCALIZE[31003]]$VAR[RatingType,   &#x2022;   ,]</label>
								<font>ListFont5</font>
								<textcolor>MediaInfoItemColor2</textcolor>
							</control>
						</control>
					</focusedlayout>
					<focusedlayout width="453" height="134" condition="Container.Content(TVShows)">
						<control type="group">
							<top>-4</top>
							<include content="GlobalSearchFocusedLayoutBackgrounds">
								<param name="BackgroundWidth" value="464"/>
								<param name="HeaderLeft" value="98"/>
								<param name="HeaderWidth" value="357"/>
								<param name="HeaderHeight" value="30"/>
								<param name="DimWidth" value="454"/>
							</include>
							<control type="image">
								<left>9</left>
								<top>9</top>
								<width>87</width>
								<height>126</height>
								<texture background="true">$VAR[PosterThumb]</texture>
								<aspectratio align="center" aligny="center">scale</aspectratio>
								<include condition="![Skin.String(LowCPUPowerMode,Animations) | Skin.String(LowCPUPowerMode,Full)]">ListViewCoverFocusAnim</include>
							</control>
							<include>GlobalSearchWatchedOverlay</include>
							<control type="label">
								<top>12</top>
								<left>103</left>
								<width>348</width>
								<label>[UPPERCASE]$INFO[ListItem.Label][/UPPERCASE]</label>
								<font>ListFont</font>
								<textcolor>WhiteColor</textcolor>
								<shadowcolor>ShadowColor</shadowcolor>
								<scroll>true</scroll>
							</control>
							<control type="textbox">
								<left>103</left>
								<top>41</top>
								<width>348</width>
								<height>36</height>
								<label fallback="31204">$INFO[ListItem.Plot]</label>
								<font>ListFont3</font>
								<textcolor>MediaInfoItemColor2</textcolor>
								<autoscroll time="2000" delay="4000" repeat="10000">true</autoscroll>
							</control>
							<control type="label">
								<top>87</top>
								<left>103</left>
								<width>348</width>
								<label>$INFO[ListItem.Genre]</label>
								<font>ListFont5</font>
								<textcolor>MediaInfoItemColor2</textcolor>
							</control>
							<control type="label">
								<top>110</top>
								<left>103</left>
								<width>348</width>
								<label>$INFO[ListItem.Year]$VAR[DurationVar,   &#x2022;   , $LOCALIZE[31003]]$VAR[RatingType,   &#x2022;   ,]</label>
								<font>ListFont5</font>
								<textcolor>MediaInfoItemColor2</textcolor>
							</control>
						</control>
					</focusedlayout>
					<focusedlayout width="453" height="134" condition="Container.Content(Seasons)">
						<control type="group">
							<top>-4</top>
							<include content="GlobalSearchFocusedLayoutBackgrounds">
								<param name="BackgroundWidth" value="464"/>
								<param name="HeaderLeft" value="98"/>
								<param name="HeaderWidth" value="357"/>
								<param name="HeaderHeight" value="30"/>
								<param name="DimWidth" value="454"/>
							</include>
							<control type="image">
								<left>9</left>
								<top>9</top>
								<width>87</width>
								<height>126</height>
								<texture background="true">$VAR[PosterThumb]</texture>
								<aspectratio align="center" aligny="center">scale</aspectratio>
								<include condition="![Skin.String(LowCPUPowerMode,Animations) | Skin.String(LowCPUPowerMode,Full)]">ListViewCoverFocusAnim</include>
							</control>
							<include>GlobalSearchWatchedOverlay</include>
							<control type="label">
								<top>13</top>
								<left>103</left>
								<width>348</width>
								<label>[UPPERCASE]$INFO[ListItem.TvShowTitle][/UPPERCASE]</label>
								<font>ListFont</font>
								<textcolor>WhiteColor</textcolor>
								<shadowcolor>ShadowColor</shadowcolor>
								<scroll>true</scroll>
							</control>
							<control type="label">
								<left>103</left>
								<top>35</top>
								<width>348</width>
								<label>$INFO[ListItem.Label]</label>
								<font>ListFont</font>
								<textcolor>MediaInfoItemColor2</textcolor>
								<shadowcolor>ShadowColor</shadowcolor>
								<scroll>true</scroll>
							</control>
							<control type="label">
								<top>87</top>
								<left>103</left>
								<width>348</width>
								<label>$INFO[ListItem.Episode,, $LOCALIZE[20360]]</label>
								<font>ListFont5</font>
								<textcolor>MediaInfoItemColor2</textcolor>
							</control>
							<control type="label">
								<top>110</top>
								<left>103</left>
								<width>348</width>
								<label>$INFO[ListItem.Path]</label>
								<font>ListFont5</font>
								<textcolor>MediaInfoItemColor2</textcolor>
							</control>
						</control>
					</focusedlayout>
					<focusedlayout height="134" condition="Container.Content(Episodes)">
						<control type="group">
							<top>-4</top>
							<include content="GlobalSearchFocusedLayoutBackgrounds">
								<param name="BackgroundWidth" value="917"/>
								<param name="HeaderLeft" value="236"/>
								<param name="HeaderWidth" value="671"/>
								<param name="HeaderHeight" value="52"/>
								<param name="DimWidth" value="907"/>
							</include>
							<control type="image">
								<left>9</left>
								<top>9</top>
								<width>225</width>
								<height>126</height>
								<align>left</align>
								<aspectratio align="center" aligny="center">scale</aspectratio>
								<texture background="true">$INFO[ListItem.Icon]</texture>
								<include condition="![Skin.String(LowCPUPowerMode,Animations) | Skin.String(LowCPUPowerMode,Full)]">ListViewCoverFocusAnim</include>
							</control>
							<include content="GlobalSearchOverlays">
								<param name="left" value="205"/>
							</include>
							<control type="label">
								<left>241</left>
								<top>13</top>
								<width>666</width>
								<label>[UPPERCASE]$INFO[ListItem.TvShowTitle][/UPPERCASE]</label>
								<font>ListFont</font>
								<textcolor>WhiteColor</textcolor>
								<shadowcolor>ShadowColor</shadowcolor>
								<scroll>true</scroll>
							</control>
							<control type="label">
								<left>241</left>
								<top>35</top>
								<width>666</width>
								<label>$VAR[SeasonEpisodesNumberVar,,. ]$INFO[ListItem.Label]</label>
								<font>ListFont</font>
								<textcolor>MediaInfoItemColor2</textcolor>
								<shadowcolor>ShadowColor</shadowcolor>
								<scroll>true</scroll>
							</control>
							<control type="textbox">
								<left>241</left>
								<top>64</top>
								<width>663</width>
								<height>36</height>
								<label fallback="31204">$INFO[ListItem.Plot]</label>
								<font>ListFont3</font>
								<textcolor>MediaInfoItemColor2</textcolor>
								<autoscroll time="2000" delay="4000" repeat="10000">true</autoscroll>
							</control>
							<control type="label">
								<top>110</top>
								<left>241</left>
								<width>666</width>
								<label>$INFO[ListItem.Premiered]$VAR[DurationVar,   &#x2022;   , $LOCALIZE[31003]]$VAR[RatingType,   &#x2022;   ,]</label>
								<font>ListFont5</font>
								<textcolor>MediaInfoItemColor2</textcolor>
							</control>
						</control>
					</focusedlayout>
					<focusedlayout height="134" condition="Container.Content(musicvideos)">
						<control type="group">
							<top>-4</top>
							<include content="GlobalSearchFocusedLayoutBackgrounds">
								<param name="BackgroundWidth" value="917"/>
								<param name="HeaderLeft" value="236"/>
								<param name="HeaderWidth" value="671"/>
								<param name="HeaderHeight" value="30"/>
								<param name="DimWidth" value="907"/>
							</include>
							<control type="image">
								<left>9</left>
								<top>9</top>
								<width>225</width>
								<height>126</height>
								<align>left</align>
								<aspectratio align="center" aligny="center">scale</aspectratio>
								<texture background="true">$INFO[ListItem.Icon]</texture>
								<include condition="![Skin.String(LowCPUPowerMode,Animations) | Skin.String(LowCPUPowerMode,Full)]">ListViewCoverFocusAnim</include>
							</control>
							<include content="GlobalSearchOverlays">
								<param name="left" value="205"/>
							</include>
							<control type="label">
								<left>241</left>
								<top>13</top>
								<width>666</width>
								<label>[UPPERCASE]$INFO[ListItem.Artist,,: ][/UPPERCASE]$INFO[ListItem.Album]</label>
								<font>ListFont</font>
								<textcolor>WhiteColor</textcolor>
								<shadowcolor>ShadowColor</shadowcolor>
								<scroll>true</scroll>
							</control>
							<control type="textbox">
								<left>241</left>
								<top>41</top>
								<width>663</width>
								<height>36</height>
								<label fallback="31204">$INFO[ListItem.Plot]</label>
								<font>ListFont3</font>
								<textcolor>MediaInfoItemColor2</textcolor>
								<autoscroll time="2000" delay="4000" repeat="10000">true</autoscroll>
							</control>
							<control type="label">
								<left>241</left>
								<top>87</top>
								<width>666</width>
								<label>$INFO[ListItem.Genre]</label>
								<font>ListFont5</font>
								<textcolor>MediaInfoItemColor2</textcolor>
								<scroll>true</scroll>
							</control>
							<control type="label">
								<top>110</top>
								<left>241</left>
								<width>666</width>
								<label>$INFO[ListItem.Year]$INFO[ListItem.Duration,   &#x2022;   , $LOCALIZE[31003]]</label>
								<font>ListFont5</font>
								<textcolor>MediaInfoItemColor2</textcolor>
							</control>
						</control>
					</focusedlayout>
					<focusedlayout height="134" condition="Container.Content(Artists) | Container.Content(Albums) | Container.Content(livetv)">
						<control type="group">
							<top>-4</top>
							<include content="GlobalSearchFocusedLayoutBackgrounds">
								<param name="BackgroundWidth" value="917"/>
								<param name="HeaderLeft" value="137"/>
								<param name="HeaderWidth" value="771"/>
								<param name="HeaderHeight" value="30"/>
								<param name="DimWidth" value="907"/>
							</include>
							<control type="image">
								<left>9</left>
								<top>9</top>
								<width>126</width>
								<height>126</height>
								<align>left</align>
								<aspectratio align="center" aligny="center">scale</aspectratio>
								<texture background="true">$INFO[ListItem.Icon]</texture>
								<include condition="![Skin.String(LowCPUPowerMode,Animations) | Skin.String(LowCPUPowerMode,Full)]">ListViewCoverFocusAnim</include>
							</control>
							<control type="label">
								<left>142</left>
								<top>13</top>
								<width>756</width>
								<label>$VAR[GlobalSearchLabel1]</label>
								<font>ListFont</font>
								<textcolor>WhiteColor</textcolor>
								<shadowcolor>ShadowColor</shadowcolor>
								<scroll>true</scroll>
							</control>
							<control type="textbox">
								<left>142</left>
								<top>41</top>
								<width>753</width>
								<height>36</height>
								<label fallback="31204">$VAR[GlobalSearchPlot]</label>
								<font>ListFont3</font>
								<textcolor>MediaInfoItemColor2</textcolor>
								<autoscroll time="2000" delay="4000" repeat="10000">true</autoscroll>
							</control>
							<control type="label">
								<left>142</left>
								<top>87</top>
								<width>756</width>
								<label>$VAR[GlobalSearchGenre]</label>
								<font>ListFont5</font>
								<textcolor>MediaInfoItemColor2</textcolor>
								<scroll>true</scroll>
							</control>
							<control type="label">
								<top>110</top>
								<left>142</left>
								<width>756</width>
								<label>$VAR[GlobalSearchLabel2]</label>
								<font>ListFont5</font>
								<textcolor>MediaInfoItemColor2</textcolor>
							</control>
							<control type="image">
								<description>Star Rating</description>
								<right>5</right>
								<top>112</top>
								<width>100</width>
								<height>16</height>
								<texture background="true">$INFO[ListItem.Property(Album_Rating)]</texture>
								<aspectratio align="right">keep</aspectratio>
								<include>StarRatingFadeAnim</include>
								<visible>Container.Content(Albums)</visible>
							</control>
						</control>
					</focusedlayout>
					<focusedlayout width="453" height="134" condition="Container.Content(Songs) | Container.Content(Actors) | Container.Content(Directors)">
						<control type="group">
							<top>-4</top>
							<include content="GlobalSearchFocusedLayoutBackgrounds">
								<param name="BackgroundWidth" value="464"/>
								<param name="HeaderLeft" value="137"/>
								<param name="HeaderWidth" value="318"/>
								<param name="HeaderHeight" value="30"/>
								<param name="DimWidth" value="454"/>
							</include>
							<control type="image">
								<left>9</left>
								<top>9</top>
								<width>126</width>
								<height>126</height>
								<align>left</align>
								<aspectratio align="center" aligny="center">scale</aspectratio>
								<texture background="true">$INFO[ListItem.Icon]</texture>
								<include condition="![Skin.String(LowCPUPowerMode,Animations) | Skin.String(LowCPUPowerMode,Full)]">ListViewCoverFocusAnim</include>
							</control>
							<control type="label">
								<left>142</left>
								<top>13</top>
								<width>310</width>
								<label>[UPPERCASE]$VAR[GlobalSearchLabel3][/UPPERCASE]</label>
								<font>ListFont</font>
								<textcolor>WhiteColor</textcolor>
								<shadowcolor>ShadowColor</shadowcolor>
								<scroll>true</scroll>
							</control>
							<control type="label">
								<left>142</left>
								<top>41</top>
								<width>310</width>
								<label>$VAR[GlobalSearchLabel4]</label>
								<font>ListFont5</font>
								<textcolor>MediaInfoItemColor2</textcolor>
								<shadowcolor>ShadowColor</shadowcolor>
								<visible>!Container.Content(Songs)</visible>
							</control>
							<control type="group">
								<visible>Container.Content(Songs)</visible>
								<control type="label">
									<left>142</left>
									<top>37</top>
									<width>310</width>
									<label>$INFO[ListItem.Label,$LOCALIZE[179]: [COLOR=MediaInfoItemColor2],[/COLOR]]</label>
									<font>ListFont5</font>
									<textcolor>MediaInfoItemColor</textcolor>
									<shadowcolor>ShadowColor</shadowcolor>
									<visible>!String.IsEmpty(ListItem.Label)</visible>
								</control>
								<control type="label">
									<left>142</left>
									<top>59</top>
									<width>310</width>
									<label>$INFO[ListItem.Album,$LOCALIZE[558]: [COLOR=MediaInfoItemColor2],[/COLOR]]</label>
									<font>ListFont5</font>
									<textcolor>MediaInfoItemColor</textcolor>
									<shadowcolor>ShadowColor</shadowcolor>
									<visible>!String.IsEmpty(ListItem.Album)</visible>
								</control>
								<control type="label">
									<top>87</top>
									<left>142</left>
									<width>310</width>
									<label>$INFO[ListItem.Genre]</label>
									<font>ListFont5</font>
									<textcolor>MediaInfoItemColor2</textcolor>
								</control>
								<control type="label">
									<top>110</top>
									<left>142</left>
									<width>310</width>
									<label>$INFO[ListItem.Year,,   &#x2022;   ]$INFO[ListItem.Duration,, $LOCALIZE[31003]]</label>
									<font>ListFont5</font>
									<textcolor>MediaInfoItemColor2</textcolor>
								</control>
								<control type="image">
									<description>Star Rating</description>
									<right>5</right>
									<top>112</top>
									<width>100</width>
									<height>16</height>
									<texture background="true">$VAR[RatingType]</texture>
									<aspectratio align="right">keep</aspectratio>
									<include>StarRatingFadeAnim</include>
								</control>
							</control>
						</control>
					</focusedlayout>
				</control>
				<control type="scrollbar" id="9001">
					<right>34</right>
					<top>91</top>
					<height>536</height>
					<texturesliderbackground />
					<onleft>50</onleft>
				</control>
			</control>
			
			<control type="group">
				<description>Top Bar Area</description>
				<depth>DepthTopBar</depth>
				<include>TopBarImage</include>
				<include>TopBarOpenCloseAnim</include>
				<include>BreadCrumbGlobalSearch</include>
				<include>SortLetterNotification2</include>
				<include>Notifications</include>
			</control>
			
			<control type="group">
				<description>Bottom Bar Area</description>
				<depth>DepthContent</depth>
				<top>BottomPaneOffsetY</top>
				<!--<include>InfoPaneImage</include>-->
				<control type="label">
					<include>InfoPaneHeadLabel</include>
					<label>[B]$VAR[GlobalSearchNumItems][/B]</label>
					<visible>!Control.HasFocus(990)</visible>
				</control>
				<control type="label" id="991">
					<include>InfoPaneHeadLabel2</include>
				</control>
				<include condition="!Skin.HasSetting(DisableMoviesClearLogo)">InfoPaneClearLogoMovies</include>
				<include condition="!Skin.HasSetting(DisableTVShowsLogo)">InfoPaneClearLogo</include>
				<include condition="!Skin.HasSetting(DisablePVRClearLogo)">InfoPaneClearLogoPVR</include>
				<include condition="!Skin.HasSetting(EnableMusicLibraryClearLogos)">InfoPaneClearLogoMusic</include>
				<animation type="Visible" reversible="false">
					<effect type="fade" time="300"/>
					<effect type="slide" start="0,25" time="500" tween="cubic" easing="out"/>
				</animation>
				<animation type="Hidden" reversible="false">
					<effect type="fade" time="300"/>
					<effect type="slide" end="0,25" time="400" tween="cubic" easing="out"/>
				</animation>
				<animation effect="fade" start="0" end="100" time="400">WindowOpen</animation>
				<animation effect="fade" start="100" end="0" time="400">WindowClose</animation>
			</control>
		</control>
	</controls>
</window>