<?xml version="1.0" encoding="UTF-8"?>
<window>
	<defaultcontrol always="true">855</defaultcontrol>
	<menucontrol>850</menucontrol>
	<onunload>Skin.Reset(ExpandedSettings)</onunload>
	<onunload condition="Skin.HasSetting(ExpandReorderCategoryToggleSettings) + !String.IsEmpty(Skin.String(ReorderCategories1)) + Integer.IsGreater(Container(946).NumItems,0)">RunScript(script.skin.helper.service,action=dialogok,header=$LOCALIZE[31177],message=$LOCALIZE[31174])</onunload>
	<!-- Home -->
	<onunload>Skin.Reset(ExpandCategoryToggleSettings)</onunload>
	<onunload>Skin.Reset(ExpandChangeCategoryActionsSettings)</onunload>
	<onunload>Skin.Reset(ExpandReorderCategoryToggleSettings)</onunload>
	<onunload>Skin.Reset(ExpandAddMoreCategorySettings)</onunload>
	<onunload>Skin.Reset(ExpandAddMoreCategorySettings2)</onunload>
	<onunload>Skin.Reset(ExpandAddMoreCategorySettings3)</onunload>
	<onunload>Skin.Reset(ExpandAddMoreCategorySettings4)</onunload>
	<onunload>Skin.Reset(ExpandMusicSubMenuSettings)</onunload>
	<onunload>Skin.Reset(ExpandVideosSubMenuSettings)</onunload>
	<onunload>Skin.Reset(ExpandMoviesSubMenuSettings)</onunload>
	<onunload>Skin.Reset(ExpandTVShowsSubMenuSettings)</onunload>
	<onunload>Skin.Reset(ExpandAddonsSubMenuSettings)</onunload>
	<onunload>Skin.Reset(ExpandGamesSubMenuSettings)</onunload>
	<onunload>Skin.Reset(ExpandPicturesSubMenuSettings)</onunload>
	<onunload>Skin.Reset(ExpandWeatherSubMenuSettings)</onunload>
	<onunload>Skin.Reset(ExpandGeneralSubMenuSettings)</onunload>
	<onunload>Skin.Reset(ExpandSystemSubMenuSettings)</onunload>
	<onunload>Skin.Reset(ExpandPVRSubMenuSettings)</onunload>
	<onunload>Skin.Reset(ExpandPVRRadioSubMenuSettings)</onunload>
	<onunload>Skin.Reset(ExpandCustom1SubMenuSettings)</onunload>
	<onunload>Skin.Reset(ExpandCustom2SubMenuSettings)</onunload>
	<onunload>Skin.Reset(ExpandCustom3SubMenuSettings)</onunload>
	<onunload>Skin.Reset(ExpandCustom4SubMenuSettings)</onunload>
	<onunload>Skin.Reset(ExpandCustom5SubMenuSettings)</onunload>
	<onunload>Skin.Reset(ExpandCustom6SubMenuSettings)</onunload>
	<onunload>Skin.Reset(ExpandCustom7SubMenuSettings)</onunload>
	<onunload>Skin.Reset(ExpandCustom8SubMenuSettings)</onunload>
	<onunload>Skin.Reset(ExpandCustom9SubMenuSettings)</onunload>
	<onunload>Skin.Reset(ExpandCustom10SubMenuSettings)</onunload>
	<onunload>Skin.Reset(ExpandCustom11SubMenuSettings)</onunload>
	<onunload>Skin.Reset(ExpandCustom12SubMenuSettings)</onunload>
	<onunload>Skin.Reset(ExpandCustom13SubMenuSettings)</onunload>
	<onunload>Skin.Reset(ExpandCustom14SubMenuSettings)</onunload>
	<onunload>Skin.Reset(ExpandCustom15SubMenuSettings)</onunload>
	<onunload>Skin.Reset(ExpandCustom16SubMenuSettings)</onunload>
	<onunload>Skin.Reset(ExpandCustomCategoryIconsSettings)</onunload>
	<!-- Backgrounds -->
	<onunload>Skin.Reset(ExpandCustomDefaultBGSettings)</onunload>
	<onunload>Skin.Reset(ExpandCustomMusicBGSettings)</onunload>
	<onunload>Skin.Reset(ExpandCustomVideosBGSettings)</onunload>
	<onunload>Skin.Reset(ExpandCustomMoviesBGSettings)</onunload>
	<onunload>Skin.Reset(ExpandCustomTVShowsBGSettings)</onunload>
	<onunload>Skin.Reset(ExpandCustomAddonsBGSettings)</onunload>
	<onunload>Skin.Reset(ExpandCustomGamesBGSettings)</onunload>
	<onunload>Skin.Reset(ExpandCustomPicturesBGSettings)</onunload>
	<onunload>Skin.Reset(ExpandCustomGeneralBGSettings)</onunload>
	<onunload>Skin.Reset(ExpandCustomSystemBGSettings)</onunload>
	<onunload>Skin.Reset(ExpandCustomPowerBGSettings)</onunload>
	<onunload>Skin.Reset(ExpandCustomWeatherBGSettings)</onunload>
	<onunload>Skin.Reset(ExpandCustomPVRBGSettings)</onunload>
	<onunload>Skin.Reset(ExpandCustomPVRRadioBGSettings)</onunload>
	<!-- Menus -->
	<onunload>Skin.Reset(ExpandShutdownMenuSettings)</onunload>
	<onunload>Skin.Reset(ExpandContextMenuSettings)</onunload>
	
	<controls>
		<include>CustomPlaylistBackground</include>
		
		<control type="group">
			<depth>DepthBackground</depth>
    		<include>BackgroundDefault</include>
			<include condition="!String.IsEmpty(Skin.String(CustomSystemBGPath)) + Skin.HasSetting(ApplyAllSystemCustomBG)">BackgroundSystem</include>
			<include condition="!Skin.HasSetting(DisableVideoPlayingBG)">BackgroundVideoPlaying</include>
			<include condition="!Skin.HasSetting(DisableMusicPlayingBG)">BackgroundMusicPlaying</include>  
			<include>BackgroundOpenCloseAnim</include>
		</control>
		
		<control type="group">
			<depth>DepthContent</depth>
			
			<control type="group" id="9001">
				<include>ControlsOpenCloseAnim</include>

				<control type="button" id="1">
					<description>General</description>
					<texturefocus />
					<texturenofocus />
					<onfocus>Control.SetFocus(1)</onfocus>
					<visible>ControlGroup(900).HasFocus | [[String.IsEmpty(Skin.String(SkinSettingsCategory)) | Skin.String(SkinSettingsCategory,1)] + [Control.HasFocus(991) | ControlGroup(850).HasFocus | Control.HasFocus(555)]]</visible>
				</control>
				
				<control type="button" id="2">
					<description>Home</description>
					<texturefocus />
					<texturenofocus />
					<onfocus>Control.SetFocus(2)</onfocus>
					<visible>ControlGroup(901).HasFocus | [Skin.String(SkinSettingsCategory,2) + [Control.HasFocus(992) | ControlGroup(850).HasFocus | Control.HasFocus(555)]]</visible>
				</control>
				
				<control type="button" id="3">
					<description>Media</description>
					<texturefocus />
					<texturenofocus />
					<onfocus>Control.SetFocus(3)</onfocus>
					<visible>ControlGroup(902).HasFocus | [Skin.String(SkinSettingsCategory,3) + [Control.HasFocus(993) | ControlGroup(850).HasFocus | Control.HasFocus(555)]]</visible>
				</control>
				
				<control type="button" id="7">
					<description>Views</description>
					<texturefocus />
					<texturenofocus />
					<onfocus>Control.SetFocus(7)</onfocus>
					<visible>ControlGroup(910).HasFocus | [Skin.String(SkinSettingsCategory,11) + [Control.HasFocus(997) | ControlGroup(850).HasFocus | Control.HasFocus(555)]]</visible>
				</control>
				
				<control type="button" id="10">
					<description>Configure Menus</description>
					<texturefocus />
					<texturenofocus />
					<onfocus>Control.SetFocus(10)</onfocus>
					<visible>ControlGroup(909).HasFocus | [Skin.String(SkinSettingsCategory,10) + [Control.HasFocus(911) | ControlGroup(850).HasFocus | Control.HasFocus(555)]]</visible>
				</control>
				
				<control type="button" id="4">
					<description>Backgrounds</description>
					<texturefocus />
					<texturenofocus />
					<onfocus>Control.SetFocus(4)</onfocus>
					<visible>ControlGroup(903).HasFocus | [Skin.String(SkinSettingsCategory,4) + [Control.HasFocus(994) | ControlGroup(850).HasFocus | Control.HasFocus(555)]]</visible>
				</control>
				
				<control type="button" id="8">
					<description>Weather</description>
					<texturefocus />
					<texturenofocus />
					<onfocus>Control.SetFocus(8)</onfocus>
					<visible>ControlGroup(907).HasFocus | [Skin.String(SkinSettingsCategory,8) + [Control.HasFocus(911) | ControlGroup(850).HasFocus | Control.HasFocus(555)]]</visible>
				</control>
				
				<control type="button" id="5">
					<description>Add-ons</description>
					<texturefocus />
					<texturenofocus />
					<onfocus>Control.SetFocus(5)</onfocus>
					<visible>ControlGroup(904).HasFocus | [Skin.String(SkinSettingsCategory,5) + [Control.HasFocus(995) | ControlGroup(850).HasFocus | Control.HasFocus(555)]]</visible>
				</control>
				
				<control type="button" id="9">
					<description>Supported Add-ons</description>
					<texturefocus />
					<texturenofocus />
					<onfocus>Control.SetFocus(9)</onfocus>
					<visible>ControlGroup(908).HasFocus | [Skin.String(SkinSettingsCategory,9) + [Control.HasFocus(996) | ControlGroup(850).HasFocus | Control.HasFocus(555)]]</visible>
				</control>
				
				<control type="button" id="6">
					<description>Reset Skin</description>
					<texturefocus />
					<texturenofocus />
					<onfocus>Control.SetFocus(6)</onfocus>
					<visible>ControlGroup(905).HasFocus | [Skin.String(SkinSettingsCategory,6) + [Control.HasFocus(911) | ControlGroup(850).HasFocus | Control.HasFocus(555)]]</visible>
				</control>
					
				<control type="grouplist" id="855">
					<description>Category Area</description>
					<left>125</left>
					<top>110</top>
					<width>240</width>
					<height>500</height>
					<itemgap>0</itemgap>
					<onup>855</onup>
					<ondown>855</ondown>
					<onleft>850</onleft>
					<onright>851</onright>
					<enable>!Skin.HasSetting(ExpandedSettings)</enable>
					<animation type="Conditional" condition="Skin.HasSetting(ExpandedSettings)">
						<effect type="fade" start="100" end="30" time="250"/>
						<effect type="zoom" start="100" end="90" center="200,200" time="250" tween="sine" easing="out"/>
					</animation>
					<control type="button" id="1">
						<description>General</description>
						<include>SettingsCatBtn</include>
						<label>$LOCALIZE[128]</label>
						<onfocus>Skin.SetString(SkinSettingsCategory,1)</onfocus>
						<visible>![ControlGroup(900).HasFocus | [[String.IsEmpty(Skin.String(SkinSettingsCategory)) | Skin.String(SkinSettingsCategory,1)] + [Control.HasFocus(991) | ControlGroup(850).HasFocus | Control.HasFocus(555)]]]</visible>
					</control>
					<control type="button" id="11">
						<description>General</description>
						<include>SettingsInactiveCatBtn</include>
						<label>$LOCALIZE[128]</label>
						<visible>ControlGroup(900).HasFocus | [[String.IsEmpty(Skin.String(SkinSettingsCategory)) | Skin.String(SkinSettingsCategory,1)] + [Control.HasFocus(991) | ControlGroup(850).HasFocus | Control.HasFocus(555)]]</visible>
					</control>
					<control type="button" id="2">
						<description>Home</description>
						<include>SettingsCatBtn</include>
						<label>$LOCALIZE[10000]</label>
						<onfocus>Skin.SetString(SkinSettingsCategory,2)</onfocus>
						<visible>![ControlGroup(901).HasFocus | [Skin.String(SkinSettingsCategory,2) + [Control.HasFocus(992) | ControlGroup(850).HasFocus | Control.HasFocus(555)]]]</visible>
					</control>
					<control type="button" id="12">
						<description>Home</description>
						<include>SettingsInactiveCatBtn</include>
						<label>$LOCALIZE[10000]</label>
						<visible>ControlGroup(901).HasFocus | [Skin.String(SkinSettingsCategory,2) + [Control.HasFocus(992) | ControlGroup(850).HasFocus | Control.HasFocus(555)]]</visible>
					</control>
					<control type="button" id="3">
						<description>Media</description>
						<include>SettingsCatBtn</include>
						<label>$LOCALIZE[31013]</label>
						<onfocus>Skin.SetString(SkinSettingsCategory,3)</onfocus>
						<visible>![ControlGroup(902).HasFocus | [Skin.String(SkinSettingsCategory,3) + [Control.HasFocus(993) | ControlGroup(850).HasFocus | Control.HasFocus(555)]]]</visible>
					</control>
					<control type="button" id="13">
						<description>Media</description>
						<include>SettingsInactiveCatBtn</include>
						<label>$LOCALIZE[31013]</label>
						<visible>ControlGroup(902).HasFocus | [Skin.String(SkinSettingsCategory,3) + [Control.HasFocus(993) | ControlGroup(850).HasFocus | Control.HasFocus(555)]]</visible>
					</control>
					<control type="button" id="7">
						<description>Views</description>
						<include>SettingsCatBtn</include>
						<label>$LOCALIZE[31096]</label>
						<onfocus>Skin.SetString(SkinSettingsCategory,11)</onfocus>
						<visible>![ControlGroup(910).HasFocus | [Skin.String(SkinSettingsCategory,11) + [Control.HasFocus(997) | ControlGroup(850).HasFocus | Control.HasFocus(555)]]]</visible>
					</control>
					<control type="button" id="17">
						<description>Views</description>
						<include>SettingsInactiveCatBtn</include>
						<label>$LOCALIZE[31096]</label>
						<visible>ControlGroup(910).HasFocus | [Skin.String(SkinSettingsCategory,11) + [Control.HasFocus(997) | ControlGroup(850).HasFocus | Control.HasFocus(555)]]</visible>
					</control>
					<control type="button" id="10">
						<description>Configure Menus</description>
						<include>SettingsCatBtn</include>
						<label>$LOCALIZE[31421]</label>
						<onfocus>Skin.SetString(SkinSettingsCategory,10)</onfocus>
						<visible>![ControlGroup(909).HasFocus | [Skin.String(SkinSettingsCategory,10) + [Control.HasFocus(911) | ControlGroup(850).HasFocus | Control.HasFocus(555)]]]</visible>
					</control>
					<control type="button" id="20">
						<description>Configure Menus</description>
						<include>SettingsInactiveCatBtn</include>
						<label>$LOCALIZE[31421]</label>
						<visible>ControlGroup(909).HasFocus | [Skin.String(SkinSettingsCategory,10) + [Control.HasFocus(911) | ControlGroup(850).HasFocus | Control.HasFocus(555)]]</visible>
					</control>
					<control type="button" id="4">
						<description>Backgrounds</description>
						<include>SettingsCatBtn</include>
						<label>$LOCALIZE[33069]</label>
						<onfocus>Skin.SetString(SkinSettingsCategory,4)</onfocus>
						<visible>![ControlGroup(903).HasFocus | [Skin.String(SkinSettingsCategory,4) + [Control.HasFocus(994) | ControlGroup(850).HasFocus | Control.HasFocus(555)]]]</visible>
					</control>
					<control type="button" id="14">
						<description>Backgrounds</description>
						<include>SettingsInactiveCatBtn</include>
						<label>$LOCALIZE[33069]</label>
						<visible>ControlGroup(903).HasFocus | [Skin.String(SkinSettingsCategory,4) + [Control.HasFocus(994) | ControlGroup(850).HasFocus | Control.HasFocus(555)]]</visible>
					</control>
					<control type="button" id="8">
						<description>Weather</description>
						<include>SettingsCatBtn</include>
						<label>$LOCALIZE[8]</label>
						<onfocus>Skin.SetString(SkinSettingsCategory,8)</onfocus>
						<visible>![ControlGroup(907).HasFocus | [Skin.String(SkinSettingsCategory,8) + [Control.HasFocus(911) | ControlGroup(850).HasFocus | Control.HasFocus(555)]]]</visible>
					</control>
					<control type="button" id="18">
						<description>Weather</description>
						<include>SettingsInactiveCatBtn</include>
						<label>$LOCALIZE[8]</label>
						<visible>ControlGroup(907).HasFocus | [Skin.String(SkinSettingsCategory,8) + [Control.HasFocus(911) | ControlGroup(850).HasFocus | Control.HasFocus(555)]]</visible>
					</control>
					<control type="button" id="5">
						<description>Add-ons</description>
						<include>SettingsCatBtn</include>
						<label>$LOCALIZE[24001]</label>
						<onfocus>Skin.SetString(SkinSettingsCategory,5)</onfocus>
						<visible>![ControlGroup(904).HasFocus | [Skin.String(SkinSettingsCategory,5) + [Control.HasFocus(995) | ControlGroup(850).HasFocus | Control.HasFocus(555)]]]</visible>
					</control>
					<control type="button" id="15">
						<description>Add-ons</description>
						<include>SettingsInactiveCatBtn</include>
						<label>$LOCALIZE[24001]</label>
						<visible>ControlGroup(904).HasFocus | [Skin.String(SkinSettingsCategory,5) + [Control.HasFocus(995) | ControlGroup(850).HasFocus | Control.HasFocus(555)]]</visible>
					</control>
					<control type="button" id="9">
						<description>Supported Add-ons</description>
						<include>SettingsCatBtn</include>
						<label>$LOCALIZE[31436]</label>
						<onfocus>Skin.SetString(SkinSettingsCategory,9)</onfocus>
						<visible>![ControlGroup(908).HasFocus | [Skin.String(SkinSettingsCategory,9) + [Control.HasFocus(996) | ControlGroup(850).HasFocus | Control.HasFocus(555)]]]</visible>
					</control>
					<control type="button" id="19">
						<description>Supported Add-ons</description>
						<include>SettingsInactiveCatBtn</include>
						<label>$LOCALIZE[31436]</label>
						<visible>ControlGroup(908).HasFocus | [Skin.String(SkinSettingsCategory,9) + [Control.HasFocus(996) | ControlGroup(850).HasFocus | Control.HasFocus(555)]]</visible>
					</control>
					<control type="button" id="6">
						<description>Skin Settings</description>
						<include>SettingsCatBtn</include>
						<label>$LOCALIZE[20077]</label>
						<onfocus>Skin.SetString(SkinSettingsCategory,6)</onfocus>
						<visible>![ControlGroup(905).HasFocus | [Skin.String(SkinSettingsCategory,6) + [Control.HasFocus(911) | ControlGroup(850).HasFocus | Control.HasFocus(555)]]]</visible>
					</control>
					<control type="button" id="16">
						<description>Skin Settings</description>
						<include>SettingsInactiveCatBtn</include>
						<label>$LOCALIZE[20077]</label>
						<visible>ControlGroup(905).HasFocus | [Skin.String(SkinSettingsCategory,6) + [Control.HasFocus(911) | ControlGroup(850).HasFocus | Control.HasFocus(555)]]</visible>
					</control>
				</control>
				
				<control type="group" id="851">
					<description>Content Area</description>
					<left>400</left>
					<top>110</top>
					<include>GeneralSkinSettings</include>
					<include>HomeSkinSettings</include>
					<include>MediaSkinSettings</include>
					<include>ViewsSkinSettings</include>
					<include>MenusSkinSettings</include>
					<include>BackgroundsSkinSettings</include>
					<include>WeatherSkinSettings</include>
					<include>AddonsSkinSettings</include>
					
					<control type="grouplist" id="908">
						<description>Supported Add-ons Content Area</description>
						<width>755</width>
						<height>500</height>
						<pagecontrol>996</pagecontrol>
						<itemgap>0</itemgap>
						<onup>908</onup>
						<ondown>908</ondown>
						<onleft>9</onleft>
						<onright>150</onright>
						<visible>Skin.String(SkinSettingsCategory,9) + !Skin.HasSetting(ExpandedSettings)</visible>
						<include>ContentSettingsOpenCloseAnim</include>
						<control type="button" id="7000">
							<description>Automatic installation Label</description>
							<include>SettingsHeaderBtn</include>
							<label>$LOCALIZE[31499]</label>
						</control>
						<control type="button" id="7001">
							<description>skin.rapier</description>
							<include>SettingsContentBtn</include>
							<label>Rapier</label>
							<label2>$INFO[System.AddonVersion(skin.rapier)] $LOCALIZE[31437]</label2>
							<onclick>noop</onclick>
						</control>
						<control type="button" id="7002">
							<description>resource.uisounds.rapier</description>
							<include>SettingsContentBtn</include>
							<label>Rapier UI Sounds</label>
							<label2>$VAR[StatusUISoundsVar]</label2>
							<onclick condition="System.HasAddon(resource.uisounds.rapier)">Addon.OpenSettings(resource.uisounds.rapier)</onclick>
							<onclick condition="!System.HasAddon(resource.uisounds.rapier)">InstallAddon(resource.uisounds.rapier)</onclick>
						</control>
						<control type="button" id="7003">
							<description>script.image.resource.select</description>
							<include>SettingsContentBtn</include>
							<label>Image Resource Select Add-on</label>
							<label2>$VAR[StatusImageResourceSelectVar]</label2>
							<onclick condition="System.HasAddon(script.image.resource.select)">Addon.OpenSettings(script.image.resource.select)</onclick>
							<onclick condition="!System.HasAddon(script.image.resource.select)">InstallAddon(script.image.resource.select)</onclick>
						</control>
						<control type="button" id="7004">
							<description>resource.images.studios.white</description>
							<include>SettingsContentBtn</include>
							<label>Studio Icons - White</label>
							<label2>$VAR[StatusStudioIconsVar]</label2>
							<onclick condition="System.HasAddon(resource.images.studios.white)">Addon.OpenSettings(resource.images.studios.white)</onclick>
							<onclick condition="!System.HasAddon(resource.images.studios.white)">InstallAddon(resource.images.studios.white)</onclick>
						</control>
						<control type="button" id="7005">
							<description>script.skin.helper.service</description>
							<include>SettingsContentBtn</include>
							<label>Skin Helper Service</label>
							<label2>$VAR[StatusSkinHelperServiceVar]</label2>
							<onclick condition="System.HasAddon(script.skin.helper.service)">Addon.OpenSettings(script.skin.helper.service)</onclick>
							<onclick condition="!System.HasAddon(script.skin.helper.service)">InstallAddon(script.skin.helper.service)</onclick>
						</control>
						<control type="button" id="7024">
							<description>script.skin.helper.backgrounds</description>
							<include>SettingsContentBtn</include>
							<label>Skin Helper Service Backgrounds</label>
							<label2>$VAR[StatusSkinHelperBackgroundsVar]</label2>
							<onclick condition="System.HasAddon(script.skin.helper.backgrounds)">Addon.OpenSettings(script.skin.helper.backgrounds)</onclick>
							<onclick condition="!System.HasAddon(script.skin.helper.backgrounds)">InstallAddon(script.skin.helper.backgrounds)</onclick>
						</control>
						<control type="button" id="7032">
							<description>script.skin.helper.widgets</description>
							<include>SettingsContentBtn</include>
							<label>Skin Helper Service Widgets</label>
							<label2>$VAR[StatusSkinHelperWidgetsVar]</label2>
							<onclick condition="System.HasAddon(script.skin.helper.widgets)">Addon.OpenSettings(script.skin.helper.widgets)</onclick>
							<onclick condition="!System.HasAddon(script.skin.helper.widgets)">InstallAddon(script.skin.helper.widgets)</onclick>
						</control>
						<control type="button" id="7006">
							<description>script.favourites</description>
							<include>SettingsContentBtn</include>
							<label>Favourites script</label>
							<label2>$VAR[StatusFavouritesScriptVar]</label2>
							<onclick condition="System.HasAddon(script.favourites)">Addon.OpenSettings(script.favourites)</onclick>
							<onclick condition="!System.HasAddon(script.favourites)">InstallAddon(script.favourites)</onclick>
						</control>
						<control type="button" id="7007">
							<description>script.artistslideshow</description>
							<include>SettingsContentBtn</include>
							<label>Artist Slideshow</label>
							<label2>$VAR[StatusArtistSlideshowVar]</label2>
							<onclick condition="System.HasAddon(script.artistslideshow)">Addon.OpenSettings(script.artistslideshow)</onclick>
							<onclick condition="!System.HasAddon(script.artistslideshow)">InstallAddon(script.artistslideshow)</onclick>
						</control>
						<control type="button" id="7009">
							<description>script.randomandlastitems</description>
							<include>SettingsContentBtn</include>
							<label>Random and Last items script</label>
							<label2>$VAR[StatusRandomAndLastItemsVar]</label2>
							<onclick condition="System.HasAddon(script.randomandlastitems)">Addon.OpenSettings(script.randomandlastitems)</onclick>
							<onclick condition="!System.HasAddon(script.randomandlastitems)">InstallAddon(script.randomandlastitems)</onclick>
						</control>
						<control type="button" id="7010">
							<description>script.artwork.downloader</description>
							<include>SettingsContentBtn</include>
							<label>Artwork Downloader</label>
							<label2>$VAR[StatusArtworkDownloaderVar]</label2>
							<onclick condition="System.HasAddon(script.artwork.downloader)">Addon.OpenSettings(script.artwork.downloader)</onclick>
							<onclick condition="!System.HasAddon(script.artwork.downloader)">InstallAddon(script.artwork.downloader)</onclick>
						</control>
						<control type="button" id="7011">
							<description>script.tv.show.next.aired</description>
							<include>SettingsContentBtn</include>
							<label>TV Show - Next Aired</label>
							<label2>$VAR[StatusTVShowNextAiredVar]</label2>
							<onclick condition="System.HasAddon(script.tv.show.next.aired)">Addon.OpenSettings(script.tv.show.next.aired)</onclick>
							<onclick condition="!System.HasAddon(script.tv.show.next.aired)">InstallAddon(script.tv.show.next.aired)</onclick>
						</control>
						<control type="button" id="7012">
							<description>script.globalsearch</description>
							<include>SettingsContentBtn</include>
							<label>Global Search</label>
							<label2>$VAR[StatusGlobalSearchVar]</label2>
							<onclick condition="System.HasAddon(script.globalsearch)">Addon.OpenSettings(script.globalsearch)</onclick>
							<onclick condition="!System.HasAddon(script.globalsearch)">InstallAddon(script.globalsearch)</onclick>
						</control>
						<control type="button" id="7013">
							<description>script.extendedinfo</description>
							<include>SettingsContentBtn</include>
							<label>ExtendedInfo Script</label>
							<label2>$VAR[StatusExtendedInfoVar]</label2>
							<onclick condition="System.HasAddon(script.extendedinfo)">Addon.OpenSettings(script.extendedinfo)</onclick>
							<onclick condition="!System.HasAddon(script.extendedinfo)">InstallAddon(script.extendedinfo)</onclick>
						</control>
						<control type="button" id="7022">
							<description>plugin.program.autocompletion</description>
							<include>SettingsContentBtn</include>
							<label>AutoCompletion for virtual keyboard</label>
							<label2>$VAR[StatusAutoCompletionVar]</label2>
							<onclick condition="System.HasAddon(plugin.program.autocompletion)">Addon.OpenSettings(plugin.program.autocompletion)</onclick>
							<onclick condition="!System.HasAddon(plugin.program.autocompletion)">InstallAddon(plugin.program.autocompletion)</onclick>
						</control>
						<control type="button" id="7014">
							<description>script.cu.lrclyrics</description>
							<include>SettingsContentBtn</include>
							<label>CU LRC Lyrics</label>
							<label2>$VAR[StatusCULRCLyricsVar]</label2>
							<onclick condition="System.HasAddon(script.cu.lrclyrics)">Addon.OpenSettings(script.cu.lrclyrics)</onclick>
							<onclick condition="!System.HasAddon(script.cu.lrclyrics)">InstallAddon(script.cu.lrclyrics)</onclick>
						</control>
						<control type="button" id="7026">
							<description>script.skinshortcuts</description>
							<include>SettingsContentBtn</include>
							<label>Skin Shortcuts</label>
							<label2>$VAR[StatusSkinShortcutsVar]</label2>
							<onclick condition="System.HasAddon(script.skinshortcuts)">Addon.OpenSettings(script.skinshortcuts)</onclick>
							<onclick condition="!System.HasAddon(script.skinshortcuts)">InstallAddon(script.skinshortcuts)</onclick>
						</control>
						<control type="button" id="7008">
							<description>script.skin.helper.skinbackup</description>
							<include>SettingsContentBtn</include>
							<label>Skin Helper Service Skin Backup</label>
							<label2>$VAR[StatusSkinHelperSkinbackupVar]</label2>
							<onclick condition="System.HasAddon(script.skin.helper.skinbackup)">Addon.OpenSettings(script.skin.helper.skinbackup)</onclick>
							<onclick condition="!System.HasAddon(script.skin.helper.skinbackup)">InstallAddon(script.skin.helper.skinbackup)</onclick>
						</control>
						<control type="button" id="7015">
							<description>script.cdartmanager</description>
							<include>SettingsContentBtn</include>
							<label>cdART Manager</label>
							<label2>$VAR[StatusCDArtManagerVar]</label2>
							<onclick condition="System.HasAddon(script.cdartmanager)">Addon.OpenSettings(script.cdartmanager)</onclick>
							<onclick condition="!System.HasAddon(script.cdartmanager)">InstallAddon(script.cdartmanager)</onclick>
						</control>
						<control type="button" id="7016">
							<description>service.upnext</description>
							<include>SettingsContentBtn</include>
							<label>Up Next</label>
							<label2>$VAR[StatusUpnextVar]</label2>
							<onclick condition="System.HasAddon(service.upnext)">Addon.OpenSettings(service.upnext)</onclick>
							<onclick condition="!System.HasAddon(service.upnext)">InstallAddon(service.upnext)</onclick>
						</control>
						<control type="button" id="7023">
							<description>plugin.library.node.editor</description>
							<include>SettingsContentBtn</include>
							<label>Library Node Editor</label>
							<label2>$VAR[StatusLibraryNodeEditorVar]</label2>
							<onclick condition="System.HasAddon(plugin.library.node.editor)">Addon.OpenSettings(plugin.library.node.editor)</onclick>
							<onclick condition="!System.HasAddon(plugin.library.node.editor)">InstallAddon(plugin.library.node.editor)</onclick>
						</control>
						<control type="button" id="7025">
							<description>script.user.rating</description>
							<include>SettingsContentBtn</include>
							<label>User Rating</label>
							<label2>$VAR[StatusUserRatingVar]</label2>
							<onclick condition="System.HasAddon(script.user.rating)">Addon.OpenSettings(script.user.rating)</onclick>
							<onclick condition="!System.HasAddon(script.user.rating)">InstallAddon(script.user.rating)</onclick>
						</control>
						<control type="button" id="7019">
							<description>weather.weatherbit.io</description>
							<include>SettingsContentBtn</include>
							<label>Weatherbit IO</label>
							<label2>$VAR[StatusWeatherbitVar]</label2>
							<onclick condition="System.HasAddon(weather.weatherbit.io)">Addon.OpenSettings(weather.weatherbit.io)</onclick>
							<onclick condition="!System.HasAddon(weather.weatherbit.io)">InstallAddon(weather.weatherbit.io)</onclick>
						</control>
						<control type="button" id="7021">
							<description>script.cinemavision</description>
							<include>SettingsContentBtn</include>
							<label>CinemaVision</label>
							<label2>$VAR[StatusCinemaVisionVar]</label2>
							<onclick condition="System.HasAddon(script.cinemavision)">Addon.OpenSettings(script.cinemavision)</onclick>
							<onclick condition="!System.HasAddon(script.cinemavision)">InstallAddon(script.cinemavision)</onclick>
						</control>
						<control type="button" id="7020">
							<description>plugin.video.specialfeatures</description>
							<include>SettingsContentBtn</include>
							<label>$ADDON[plugin.video.specialfeatures 30000]</label>
							<label2>$VAR[StatusSpecialFeaturesVar]</label2>
							<onclick condition="System.HasAddon(plugin.video.specialfeatures)">Addon.OpenSettings(plugin.video.specialfeatures)</onclick>
							<onclick condition="!System.HasAddon(plugin.video.specialfeatures)">InstallAddon(plugin.video.specialfeatures)</onclick>
						</control>
						<control type="button" id="7027">
							<description>Manual installation Label</description>
							<include>SettingsHeaderBtn</include>
							<label>$LOCALIZE[31500]</label>
						</control>
						<control type="button" id="7033">
							<description>script.artwork.beef</description>
							<include>SettingsContentBtn</include>
							<label>Artwork Beef</label>
							<label2>$VAR[StatusArtworkBeefVar]</label2>
							<onclick condition="System.HasAddon(script.artwork.beef)">Addon.OpenSettings(script.artwork.beef)</onclick>
							<onclick condition="!System.HasAddon(script.artwork.beef)">InstallAddon(script.artwork.beef)</onclick>
						</control>
						<control type="button" id="7028">
							<description>script.libraryeditor</description>
							<include>SettingsContentBtn</include>
							<label>Library Editor Script</label>
							<label2>$VAR[StatusLibraryEditorVar]</label2>
							<onclick condition="System.HasAddon(script.libraryeditor)">Addon.OpenSettings(script.libraryeditor)</onclick>
							<onclick condition="!System.HasAddon(script.libraryeditor)">Notification(Library Editor Script,$LOCALIZE[31498],4500,)</onclick>
						</control>
						<control type="button" id="7029">
							<description>plugin.image.mypicsdb</description>
							<include>SettingsContentBtn</include>
							<label>My Pictures Database</label>
							<label2>$VAR[StatusMyPicsDBVar]</label2>
							<onclick condition="System.HasAddon(plugin.image.mypicsdb)">Addon.OpenSettings(plugin.image.mypicsdb)</onclick>
							<onclick condition="!System.HasAddon(plugin.image.mypicsdb)">Notification(My Pictures Database,$LOCALIZE[31498],4500,)</onclick>
						</control>
						<control type="button" id="7030">
							<description>script.imdbupdate</description>
							<include>SettingsContentBtn</include>
							<label>IMDB Update</label>
							<label2>$VAR[StatusIMDBUpdateVar]</label2>
							<onclick condition="System.HasAddon(script.imdbupdate)">Addon.OpenSettings(script.imdbupdate)</onclick>
							<onclick condition="!System.HasAddon(script.imdbupdate)">Notification(IMDB Update,$LOCALIZE[31498],4500,)</onclick>
						</control>
						<control type="button" id="7031">
							<description>script.youtube.browser</description>
							<include>SettingsContentBtn</include>
							<label>Youtube Browser</label>
							<label2>$VAR[StatusYoutubeBrowserVar]</label2>
							<onclick condition="System.HasAddon(script.youtube.browser)">Addon.OpenSettings(script.youtube.browser)</onclick>
							<onclick condition="!System.HasAddon(script.youtube.browser)">Notification(Youtube Browser,$LOCALIZE[31498],4500,)</onclick>
						</control>
					</control>
					
					<control type="grouplist" id="905">
						<description>Skin Settings Content Area</description>
						<width>755</width>
						<height>500</height>
						<pagecontrol>911</pagecontrol>
						<itemgap>0</itemgap>
						<onup>905</onup>
						<ondown>905</ondown>
						<onleft>6</onleft>
						<onright>150</onright>
						<visible>Skin.String(SkinSettingsCategory,6) + !Skin.HasSetting(ExpandedSettings)</visible>
						<include>ContentSettingsOpenCloseAnim</include>
						<control type="button" id="6000">
							<description>Skin Settings Label</description>
							<include>SettingsHeaderBtn</include>
							<label>$LOCALIZE[20077]</label>
						</control>
						<control type="button" id="6001">
							<description>Confirm Reset Settings</description>
							<include>SettingsContentBtn</include>
							<label>$LOCALIZE[31931]</label>
							<onclick>Skin.ResetSettings</onclick>
							<onclick>Notification($LOCALIZE[31023],$LOCALIZE[31219],3000,)</onclick>
							<onclick>ReloadSkin()</onclick>
						</control>
						<control type="button" id="6002">
							<description>Export Skin Settings</description>
							<include>SettingsContentBtn</include>
							<label>$LOCALIZE[31932]</label>
							<onclick condition="System.HasAddon(script.skin.helper.skinbackup)">RunScript(script.skin.helper.skinbackup,action=backup)</onclick>
							<onclick condition="!System.HasAddon(script.skin.helper.skinbackup)">InstallAddon(script.skin.helper.skinbackup)</onclick>
						</control>
						<control type="button" id="6003">
							<description>Import Skin Settings</description>
							<include>SettingsContentBtn</include>
							<label>$LOCALIZE[31933]</label>
							<onclick condition="System.HasAddon(script.skin.helper.skinbackup)">RunScript(script.skin.helper.skinbackup,action=restore)</onclick>
							<onclick condition="!System.HasAddon(script.skin.helper.skinbackup)">InstallAddon(script.skin.helper.skinbackup)</onclick>
						</control>
						<control type="button" id="6004">
							<description>Other Label</description>
							<include>SettingsHeaderBtn</include>
							<label>$LOCALIZE[14224]</label>
						</control>
						<control type="button" id="6005">
							<description>Reload Skin</description>
							<include>SettingsContentBtn</include>
							<label>$LOCALIZE[20183]</label>
							<onclick>ReloadSkin()</onclick>
						</control>
					</control>
				</control>
				
				<include>SettingsScrollbar</include>
			</control>
		</control>
		
		<control type="group">
			<description>Bottom Bar Area</description>
			<top>BottomPaneOffsetY</top>
			<!--<include>InfoPaneImage</include>-->
			<control type="textbox">
				<description>description area 1</description>
				<left>399</left>
				<top>1</top>
				<width>756</width>
				<height>43</height>
				<align>justify</align>
				<font>InfoPaneFont</font>
				<textcolor>InfoPaneColor2</textcolor>
				<shadowcolor>ShadowColor</shadowcolor>
				<label>$VAR[SkinSettingsAddonsDescription]</label>
				<autoscroll time="3000" delay="4000" repeat="10000">true</autoscroll>
				<include>InfoPaneLabelFadeAnim</include>
				<visible>ControlGroup(908).HasFocus</visible>
			</control>
			<control type="textbox">
				<description>description area 2</description>
				<left>399</left>
				<top>1</top>
				<width>756</width>
				<height>43</height>
				<align>justify</align>
				<font>InfoPaneFont</font>
				<textcolor>InfoPaneColor2</textcolor>
				<shadowcolor>ShadowColor</shadowcolor>
				<label>$VAR[SettingsMenubarDescription]</label>
				<autoscroll time="3000" delay="4000" repeat="10000">true</autoscroll>
				<include>InfoPaneLabelFadeAnim</include>
				<visible>ControlGroup(505).HasFocus</visible>
			</control>
			<include>BottomPaneOpenCloseAnim</include>
		</control>
		
		<control type="group" id="505">
			<depth>DepthMenuBar</depth>
			<top>MenuBarOffsetY</top>
			<include>MenuBarImage</include>
			<include>MenuBarOpenCloseAnim2</include>
			<include>SettingsMenuBar</include>
		</control>
		
		<control type="group">
			<description>Top Bar Area</description>
			<depth>DepthTopBar</depth>
			<include>TopBarImage</include>
			<include>TopBarOpenCloseAnim</include>
			<include>BreadCrumbSettings</include>
			<include>Notifications</include>
		</control>
	</controls> 
</window>