<?xml version="1.0" encoding="UTF-8"?>
<includes>
	<!--//// START LIST INFO VIEW /////////////////////////////////////////////////////////////////////-->
	<include name="EpisodesListInfoView">
		<control type="group" id="500">
			<defaultcontrol always="true">73</defaultcontrol>
			<visible>Control.IsVisible(73)</visible>
			<include>MediaViewOpenCloseAnim</include>
			<include>ListInfoViewContentPanel</include>
			
			<control type="group">
				<visible>!ListItem.IsParentFolder</visible>
				
				<control type="image">
					<description>Cover Case</description>
					<left>39</left>
					<top>372</top>
					<width>334</width>
					<height>215</height>
					<texture border="4">covers/cover-case2.png</texture>
					<aspectratio>stretch</aspectratio>
					<fadetime>IconCrossfadeTime</fadetime>
					<animation effect="fade" end="60" condition="true">Conditional</animation>
				</control>
				
				<control type="image">
					<description>Default Cover</description>
					<left>39</left>
					<top>372</top>
					<width>334</width>
					<height>215</height>
					<texture background="true">$INFO[ListItem.ActualIcon]</texture>
					<bordersize>40</bordersize>
					<aspectratio>keep</aspectratio>
					<fadetime>IconCrossfadeTime</fadetime>
					<visible>String.IsEmpty(ListItem.Thumb)</visible>
					<animation effect="fade" end="60" condition="true">Conditional</animation>
				</control>
				
				<control type="image">
					<description>Cover</description>
					<left>39</left>
					<top>372</top>
					<width>334</width>
					<height>215</height>
					<texture background="true">$INFO[ListItem.Thumb]</texture>
					<bordersize>4</bordersize>
					<aspectratio>keep</aspectratio>
					<fadetime>IconCrossfadeTime</fadetime>
					<visible>!String.IsEmpty(ListItem.Thumb)</visible>
				</control>
			
				<control type="label">
					<description>TV Show</description>
					<left>44</left>
					<top>341</top>
					<width>660</width>
					<font>MediaInfoFont2</font>
					<textcolor>MediaInfoItemColor2</textcolor>
					<shadowcolor>ShadowColor</shadowcolor>
					<align>center</align>
					<label>[UPPERCASE]$INFO[ListItem.TVShowTitle][/UPPERCASE]</label>
					<scroll>true</scroll>
				</control>
				
				<control type="textbox">
					<description>Plot</description>
					<left>384</left>
					<top>376</top>
					<width>319</width>
					<height>208</height>
					<font>MediaInfoDescFont</font>
					<textcolor>MediaInfoColor</textcolor>
					<shadowcolor>ShadowColor</shadowcolor>
					<align>justify</align>
					<label fallback="31203">$INFO[ListItem.Plot]</label>
					<wrapmultiline>true</wrapmultiline>
					<autoscroll time="2000" delay="6000" repeat="10000">!Skin.HasSetting(DoNotAutoScrollPlot)</autoscroll>
					<visible>!Container.OnNext + !Container.OnPrevious</visible> 
					<include>ControlsOpenCloseAnim</include>
				</control>
				
				<control type="grouplist">
					<description>Media Info</description>
					<left>44</left>
					<top>585</top>
					<width>660</width>
					<align>center</align>
					<orientation>horizontal</orientation>
					<usecontrolcoords>true</usecontrolcoords>
					<control type="label">
						<description>Season</description>
						<width min="0" max="110">auto</width>
						<include>ListInfoViewCatLabel</include>
						<label>$LOCALIZE[20373]:</label>
					</control>
					<control type="label">
						<description>Season Value</description>
						<width min="0" max="110">auto</width>
						<include>ListInfoViewCatValueLabel</include>
						<label fallback="31001">$INFO[ListItem.Season]</label>
					</control>
					<include>ListInfoViewDot</include>
					<control type="label">
						<description>Episode</description>
						<width min="0" max="110">auto</width>
						<include>ListInfoViewCatLabel</include>
						<label>$LOCALIZE[20359]:</label>
					</control>
					<control type="label">
						<description>Episode Value</description>
						<width min="0" max="110">auto</width>
						<include>ListInfoViewCatValueLabel</include>
						<label fallback="31001">$INFO[ListItem.Episode]</label>
					</control>
					<include>ListInfoViewDot</include>
					<control type="label">
						<description>First Aired</description>
						<width min="0" max="150">auto</width>
						<include>ListInfoViewCatLabel</include>
						<label>$LOCALIZE[20416]:</label>
					</control>
					<control type="label">
						<description>First Aired Value</description>
						<width min="0" max="150">auto</width>
						<include>ListInfoViewCatValueLabel</include>
						<label fallback="31001">$INFO[ListItem.Premiered]</label>
					</control>
					<include>ListInfoViewDot</include>
					<control type="label">
						<description>Runtime</description>
						<width min="0" max="110">auto</width>
						<include>ListInfoViewCatLabel</include>
						<label>$LOCALIZE[2050]:</label>
					</control>
					<control type="label">
						<description>Runtime Value</description>
						<width min="0" max="110">auto</width>
						<include>ListInfoViewCatValueLabel</include>
						<label fallback="31001">$VAR[DurationVar]</label>
					</control>
				</control>
			</control>

			<control type="list" id="73">
				<viewtype label="31111">list</viewtype>
				<left>720</left>
				<top>332</top>
				<width>505</width>
				<height>296</height>
				<pagecontrol>90603</pagecontrol>
				<preloaditems>2</preloaditems>
				<scrolltime tween="sine" easing="inout">250</scrolltime>
				<onup>73</onup>
				<ondown>73</ondown>
				<onleft>850</onleft>
				<onright>150</onright>
				<visible>Container.Content(Episodes)</visible>
				<itemlayout height="37">
					<control type="image">
						<width>505</width>
						<height>37</height>
						<texture border="0,0,10,2">views/list-separator.png</texture>
						<aspectratio>stretch</aspectratio>
					</control>
					<control type="image">
						<description>Icon</description>
						<left>5</left>
						<top>6</top>
						<width>24</width>
						<height>24</height>
						<texture background="true">$INFO[ListItem.ActualIcon].png</texture>
						<aspectratio>stretch</aspectratio>
						<visible>String.IsEmpty(ListItem.Thumb)</visible>
						<include>ListViewOverlayFadeAnim</include>
					</control>
					<control type="label">
						<description>Label</description>
						<left>35</left>
						<width>365</width>
						<height>37</height>
						<font>ListFont</font>
						<textcolor>ListColor</textcolor>
						<shadowcolor>ShadowColor</shadowcolor>
						<aligny>center</aligny>
						<info>ListItem.Label</info>
					</control>
					<control type="label">
						<description>Label2</description>
						<left>295</left>
						<width>200</width>
						<height>37</height>
						<font>ListFont2</font>
						<textcolor>ListColor3</textcolor>
						<shadowcolor>ShadowColor</shadowcolor>
						<align>right</align>
						<aligny>center</aligny>
						<info>ListItem.Label2</info>
						<visible>Skin.HasSetting(DoNotUseStarRatingEpisodes)</visible>
					</control>
					<control type="group">
						<visible>!ListItem.IsParentFolder</visible>
						<control type="image">
							<description>Star Rating</description>
							<left>395</left>
							<top>10</top>
							<width>100</width>
							<height>16</height>
							<texture background="true">$VAR[StarRating]</texture>
							<aspectratio align="right">keep</aspectratio>
							<visible>!Skin.HasSetting(DoNotUseStarRatingEpisodes) + ![String.IsEmpty(ListItem.Rating) + String.IsEmpty(ListItem.UserRating)]</visible>
							<include>StarRatingFadeAnim</include>
						</control>
						<include content="VideoOverlays">
							<param name="top" value="6"/>
							<param name="left" value="5"/>
						</include>
					</control>
				</itemlayout>
				<focusedlayout height="37">
					<control type="image">
						<width>505</width>
						<height>37</height>
						<texture border="0,0,10,2">views/list-separator.png</texture>
						<aspectratio>stretch</aspectratio>
					</control>
					<control type="image">
						<width>505</width>
						<height>36</height>
						<texture border="4">views/list-focus.png</texture>
						<aspectratio>stretch</aspectratio>
						<visible>Control.HasFocus(73)</visible>
						<include>ListViewSelectFadeAnim</include>
						<include condition="![Skin.String(LowCPUPowerMode,Animations) | Skin.String(LowCPUPowerMode,Full)]">ListViewScrollAnim</include>
					</control>
					<control type="image">
						<width>505</width>
						<height>36</height>
						<texture border="4">views/list-alt-focus.png</texture>
						<aspectratio>stretch</aspectratio>
						<visible>!Control.HasFocus(73)</visible>
						<include>ListViewSelectFadeAnim2</include>
					</control>
					<control type="group">
						<include>ListViewFocusAnim</include>
						<control type="image">
							<description>Icon</description>
							<left>5</left>
							<top>6</top>
							<width>24</width>
							<height>24</height>
							<texture background="true">$INFO[ListItem.ActualIcon].png</texture>
							<aspectratio>stretch</aspectratio>
							<visible>String.IsEmpty(ListItem.Thumb)</visible>
						</control>
						<control type="label">
							<description>Label</description>
							<left>35</left>
							<width>365</width>
							<height>37</height>
							<font>ListFont</font>
							<textcolor>SelectedColor</textcolor>
							<shadowcolor>ShadowColor</shadowcolor>
							<aligny>center</aligny>
							<info>ListItem.Label</info>
							<scroll>true</scroll>
						</control>
						<control type="label">
							<description>Label2</description>
							<left>295</left>
							<width>200</width>
							<height>37</height>
							<font>ListFont2</font>
							<textcolor>ListColor3</textcolor>
							<shadowcolor>ShadowColor</shadowcolor>
							<align>right</align>
							<aligny>center</aligny>
							<info>ListItem.Label2</info>
							<visible>Skin.HasSetting(DoNotUseStarRatingEpisodes)</visible>
						</control> 
						<control type="group">
							<visible>!ListItem.IsParentFolder</visible>
							<control type="image">
								<description>Star Rating</description>
								<left>395</left>
								<top>10</top>
								<width>100</width>
								<height>16</height>
								<texture background="true">$VAR[StarRating]</texture>
								<aspectratio align="right">keep</aspectratio>
								<visible>!Skin.HasSetting(DoNotUseStarRatingEpisodes) + ![String.IsEmpty(ListItem.Rating) + String.IsEmpty(ListItem.UserRating)]</visible>
								<include>StarRatingFadeAnim</include>
							</control>
							<include content="VideoOverlays2">
								<param name="top" value="6"/>
								<param name="left" value="5"/>
							</include>
						</control>
					</control>
				</focusedlayout>
			</control>
			
			<include content="ListInfoViewScrollbar">
				<param name="id" value="90603" />
			</include>
			
			<control type="group">
				<description>Bottom Bar Area</description>
				<top>BottomPaneOffsetY</top>
				<!--<include>InfoPaneImage</include>-->
				<include>InfoPaneMediaDetails</include>
				<include condition="!Skin.HasSetting(DisableTVShowsLogo)">InfoPaneClearLogo</include>
				<include>BottomPaneOpenCloseAnim</include>
			</control>
			
			<include>ViewsDialogPopUpScreenDim</include>
		</control>
	</include>
	<!--//// END LIST INFO VIEW ///////////////////////////////////////////////////////////////////////-->

	<!--//// START LIST INFO 2 VIEW ///////////////////////////////////////////////////////////////////-->
	<include name="EpisodesListInfoView2">
		<control type="group" id="500">
	        <defaultcontrol always="true">68</defaultcontrol>
			<visible>Control.IsVisible(68)</visible>
			<include>MediaViewOpenCloseAnim</include>
			<include>ViewContentPanel</include>
			<include>ListInfo2MediaInfoPanelCommon</include>
			
			<control type="group">
				<visible>!ListItem.IsParentFolder</visible>
				<include condition="!Skin.HasSetting(EnableEpisodesListInfo2ExtraThumbs) + !Skin.HasSetting(ShowLandscape) + !Skin.HasSetting(ShowDefaultThumb)">ListInfo2PanelFanart</include>
				<include condition="Skin.HasSetting(EnableEpisodesListInfo2ExtraThumbs)">ListInfo2PanelExtraThumbs</include>
				<include condition="[Skin.HasSetting(ShowLandscape) | Skin.HasSetting(ShowDefaultThumb)] + !Skin.HasSetting(EnableEpisodesListInfo2ExtraThumbs)">ListInfo2PanelLandscape</include>
				
				<include content="ListInfo2MediaInfoArea">
					<param name="visible" value="true" />
					<param name="Grouplist1LabelWidth" value="150" />
					<param name="Grouplist1Label" value="$LOCALIZE[20373]" />
					<param name="Grouplist1InfoWidth" value="150" />
					<param name="Grouplist1Info" value="$INFO[ListItem.Season]" />
					<param name="Grouplist2LabelWidth" value="150" />
					<param name="Grouplist2Label" value="$LOCALIZE[20416]" />
					<param name="Grouplist2InfoWidth" value="150" />
					<param name="Grouplist2Info" value="$INFO[ListItem.Premiered]" />
					<param name="Grouplist3LabelWidth" value="150" />
					<param name="Grouplist3Label" value="$LOCALIZE[20359]" />
					<param name="Grouplist3InfoWidth" value="150" />
					<param name="Grouplist3Info" value="$INFO[ListItem.Episode]" />
					<param name="Grouplist4LabelWidth" value="150" />
					<param name="Grouplist4Label" value="$LOCALIZE[2050]" />
					<param name="Grouplist4InfoWidth" value="150" />
					<param name="Grouplist4Info" value="$VAR[DurationVar]" />
				</include>
				
				<include content="ListInfo2Plot">
					<param name="fallback" value="31203" />
					<param name="label" value="$INFO[ListItem.Plot]" />
					<param name="visible" value="!Container.OnNext + !Container.OnPrevious" />
				</include>
			</control>
			
			<control type="list" id="68">
				<viewtype label="31112">list</viewtype>
				<left>595</left>
				<top>110</top>
				<width>630</width>
				<height>518</height>
				<pagecontrol>90704</pagecontrol>
				<preloaditems>2</preloaditems>
				<scrolltime tween="sine" easing="inout">300</scrolltime>
				<onup>68</onup>
				<ondown>68</ondown>
				<onleft>850</onleft>
				<onright>150</onright>
				<visible>Container.Content(Episodes)</visible>
				<include condition="Skin.String(EpisodesListInfo2Style,1) | Skin.String(EpisodesListInfo2Style,3)">EpisodesListInfo2ItemLayout</include>
				<include condition="String.IsEmpty(Skin.String(EpisodesListInfo2Style)) | Skin.String(EpisodesListInfo2Style,2)">EpisodesListInfo2TallStyleItemLayout</include>
				<include condition="Skin.String(EpisodesListInfo2Style,1)">EpisodesListInfo2FocusedLayout</include>
				<include condition="String.IsEmpty(Skin.String(EpisodesListInfo2Style)) | Skin.String(EpisodesListInfo2Style,2) | Skin.String(EpisodesListInfo2Style,3)">EpisodesListInfo2TallStyleFocusedLayout</include>
			</control>
			
			<include content="ListInfo2ViewScrollbar">
					<param name="id" value="90704" />
				</include>
			
			<control type="group">
				<description>Bottom Bar Area</description>
				<top>BottomPaneOffsetY</top>
				<!--<include>InfoPaneImage</include>-->
				<include>InfoPaneMediaDetails</include>
				<include condition="!Skin.HasSetting(DisableTVShowsLogo)">InfoPaneClearLogo</include>
				<include>BottomPaneOpenCloseAnim</include>
			</control>

			<include>ViewsDialogPopUpScreenDim</include>
		</control>
	</include>
	
	<include name="EpisodesListInfo2ItemLayout">
		<itemlayout height="37">
			<control type="image">
				<width>630</width>
				<height>37</height>
				<texture border="0,0,10,2">views/list-separator.png</texture>
				<aspectratio>stretch</aspectratio>
			</control>
			<control type="image">
				<description>Icon</description>
				<left>5</left>
				<top>6</top>
				<width>24</width>
				<height>24</height>
				<texture background="true">$INFO[ListItem.ActualIcon].png</texture>
				<aspectratio>keep</aspectratio>
				<visible>String.IsEmpty(ListItem.Thumb)</visible>
				<include>ListViewOverlayFadeAnim</include>
			</control>
			<control type="label">
				<description>Label</description>
				<left>35</left>
				<width>490</width>
				<height>37</height>
				<font>ListFont</font>
				<textcolor>ListColor</textcolor>
				<shadowcolor>ShadowColor</shadowcolor>
				<aligny>center</aligny>
				<info>ListItem.Label</info>
			</control>
			<control type="label">
				<description>Label2</description>
				<left>420</left>
				<width>200</width>
				<height>37</height>
				<font>ListFont2</font>
				<textcolor>ListColor3</textcolor>
				<shadowcolor>ShadowColor</shadowcolor>
				<align>right</align>
				<aligny>center</aligny>
				<info>ListItem.Label2</info>
				<visible>Skin.HasSetting(DoNotUseStarRatingEpisodes)</visible>
			</control>
			<control type="group">
				<visible>!ListItem.IsParentFolder</visible>
				<control type="image">
					<description>Star Rating</description>
					<left>520</left>
					<top>10</top>
					<width>100</width>
					<height>16</height>
					<texture background="true">$VAR[StarRating]</texture>
					<aspectratio align="right">keep</aspectratio>
					<visible>!Skin.HasSetting(DoNotUseStarRatingEpisodes) + ![String.IsEmpty(ListItem.Rating) + String.IsEmpty(ListItem.UserRating)]</visible>
					<include>StarRatingFadeAnim</include>
				</control>
				<include content="VideoOverlays">
					<param name="top" value="6"/>
					<param name="left" value="5"/>
				</include>
			</control>
		</itemlayout>
	</include>
	
	<include name="EpisodesListInfo2FocusedLayout">
		<focusedlayout height="37">
			<control type="image">
				<width>630</width>
				<height>37</height>
				<texture border="0,0,10,2">views/list-separator.png</texture>
				<aspectratio>stretch</aspectratio>
			</control>
			<control type="image">
				<width>630</width>
				<height>36</height>
				<texture border="4">views/list-focus.png</texture>
				<aspectratio>stretch</aspectratio>
				<visible>Control.HasFocus(68)</visible>
				<include>ListViewSelectFadeAnim</include>
				<include condition="![Skin.String(LowCPUPowerMode,Animations) | Skin.String(LowCPUPowerMode,Full)]">ListViewScrollAnim</include>
			</control>
			<control type="image">
				<width>630</width>
				<height>36</height>
				<texture border="4">views/list-alt-focus.png</texture>
				<aspectratio>stretch</aspectratio>
				<visible>!Control.HasFocus(68)</visible>
				<include>ListViewSelectFadeAnim2</include>
			</control>
			<control type="group">
				<include>ListViewFocusAnim</include>
				<control type="image">
					<description>Icon</description>
					<left>5</left>
					<top>6</top>
					<width>24</width>
					<height>24</height>
					<texture background="true">$INFO[ListItem.ActualIcon].png</texture>
					<aspectratio>keep</aspectratio>
					<visible>String.IsEmpty(ListItem.Thumb)</visible>
				</control>
				<control type="label">
					<description>Label</description>
					<left>35</left>
					<width>490</width>
					<height>37</height>
					<font>ListFont</font>
					<textcolor>SelectedColor</textcolor>
					<shadowcolor>ShadowColor</shadowcolor>
					<aligny>center</aligny>
					<info>ListItem.Label</info>
					<scroll>true</scroll>
				</control>
				<control type="label">
					<description>Label2</description>
					<left>420</left>
					<width>200</width>
					<height>37</height>
					<font>ListFont2</font>
					<textcolor>ListColor3</textcolor>
					<shadowcolor>ShadowColor</shadowcolor>
					<align>right</align>
					<aligny>center</aligny>
					<info>ListItem.Label2</info>
					<visible>Skin.HasSetting(DoNotUseStarRatingEpisodes)</visible>
				</control>
				<control type="group">
					<visible>!ListItem.IsParentFolder</visible>
					<control type="image">
						<description>Star Rating</description>
						<left>520</left>
						<top>10</top>
						<width>100</width>
						<height>16</height>
						<texture background="true">$VAR[StarRating]</texture>
						<aspectratio align="right">keep</aspectratio>
						<visible>!Skin.HasSetting(DoNotUseStarRatingEpisodes) + ![String.IsEmpty(ListItem.Rating) + String.IsEmpty(ListItem.UserRating)]</visible>
						<include>StarRatingFadeAnim</include>
					</control>
					<include content="VideoOverlays2">
						<param name="top" value="6"/>
						<param name="left" value="5"/>
					</include>
				</control>
			</control>
		</focusedlayout>
	</include>
	
	<include name="EpisodesListInfo2TallStyleItemLayout">
		<itemlayout height="74">
			<control type="image">
				<width>630</width>
				<height>74</height>
				<texture border="0,0,10,2">views/list-separator.png</texture>
				<aspectratio>stretch</aspectratio>
			</control>
			<control type="image">
				<description>Cover</description>
				<top>4</top>
				<width>97</width>
				<height>65</height>
				<bordertexture border="7">covers/cover-case-nofocus.png</bordertexture>
				<bordersize>5</bordersize>
				<texture background="true">$INFO[ListItem.Thumb]</texture>
				<aspectratio>scale</aspectratio>
			</control>
			<control type="image">
				<description>Dim</description>
				<top>4</top>
				<width>97</width>
				<height>65</height>
				<bordersize>5</bordersize>
				<texture background="true">dim.png</texture>
				<aspectratio>stretch</aspectratio>
				<visible>!String.IsEmpty(ListItem.Thumb)</visible>
				<include>CoverDimAnim</include>
			</control>
			<control type="image">
				<description>Default Cover</description>
				<top>4</top>
				<width>97</width>
				<height>65</height>
				<bordersize>5</bordersize>
				<texture background="true">$INFO[ListItem.ActualIcon]</texture>
				<aspectratio>keep</aspectratio>
				<visible>String.IsEmpty(ListItem.Thumb)</visible>
				<animation effect="fade" end="40" condition="true">Conditional</animation>
			</control>
			<control type="label">
				<description>Label</description>
				<left>104</left>
				<top>12</top>
				<width>411</width>
				<font>ListFont</font>
				<textcolor>ListColor</textcolor>
				<shadowcolor>ShadowColor</shadowcolor>
				<label>$INFO[ListItem.Label]</label>
			</control>
			<control type="label">
				<description>Label2</description>
				<left>104</left>
				<top>38</top>
				<width>411</width>
				<font>ListFont2</font>
				<textcolor>ListColor2</textcolor>
				<shadowcolor>ShadowColor</shadowcolor>
				<label>$INFO[ListItem.Season,$LOCALIZE[20373] ,]$INFO[ListItem.Episode,  -  $LOCALIZE[20359] ,]</label>
			</control>
			<control type="group">
				<visible>!ListItem.IsParentFolder</visible>
				<control type="label">
					<description>Rating</description>
					<left>520</left>
					<top>12</top>
					<width>100</width>
					<font>ListFont</font>
					<textcolor>ListColor3</textcolor>
					<shadowcolor>ShadowColor</shadowcolor>
					<label>$VAR[RatingType]</label>
					<align>right</align>
					<visible>Skin.HasSetting(DoNotUseStarRatingEpisodes) + ![String.IsEmpty(ListItem.Rating) + String.IsEmpty(ListItem.UserRating)]</visible>
				</control>
				<control type="image">
					<description>Star Rating</description>
					<left>520</left>
					<top>16</top>
					<width>100</width>
					<height>16</height>
					<texture background="true">$VAR[StarRating]</texture>
					<aspectratio align="right">keep</aspectratio>
					<visible>!Skin.HasSetting(DoNotUseStarRatingEpisodes) + ![String.IsEmpty(ListItem.Rating) + String.IsEmpty(ListItem.UserRating)]</visible>
					<include>StarRatingFadeAnim</include>
				</control>
				<control type="group">
					<visible>!Skin.HasSetting(HideEpisodesListInfo2Overlay)</visible>
					<include content="VideoOverlays">
						<param name="top" value="39"/>
						<param name="left" value="596"/>
					</include>
				</control>
			</control>
		</itemlayout>
	</include>
	
	<include name="EpisodesListInfo2TallStyleFocusedLayout">
		<focusedlayout height="74">
			<control type="image">
				<width>630</width>
				<height>74</height>
				<texture border="0,0,10,2">views/list-separator.png</texture>
				<aspectratio>stretch</aspectratio>
			</control>
			<control type="image">
				<width>630</width>
				<height>73</height>
				<texture border="4">views/list-focus.png</texture>
				<aspectratio>stretch</aspectratio>
				<visible>Control.HasFocus(68)</visible>
				<include>ListViewSelectFadeAnim</include>
				<include condition="![Skin.String(LowCPUPowerMode,Animations) | Skin.String(LowCPUPowerMode,Full)] + ![String.IsEmpty(Skin.String(EpisodesListInfo2Style)) | Skin.String(EpisodesListInfo2Style,3)]">ListViewScrollAnim2</include>
				<include condition="![Skin.String(LowCPUPowerMode,Animations) | Skin.String(LowCPUPowerMode,Full)] + [String.IsEmpty(Skin.String(EpisodesListInfo2Style)) | Skin.String(EpisodesListInfo2Style,3)]">ListViewScrollAnim</include>
			</control>
			<control type="image">
				<width>630</width>
				<height>73</height>
				<texture border="4">views/list-alt-focus.png</texture>
				<aspectratio>stretch</aspectratio>
				<visible>!Control.HasFocus(68)</visible>
				<include>ListViewSelectFadeAnim2</include>
			</control>
			<control type="image">
				<description>Cover</description>
				<top>4</top>
				<width>97</width>
				<height>65</height>
				<bordertexture border="7">covers/cover-case-nofocus.png</bordertexture>
				<bordersize>5</bordersize>
				<texture background="true">$INFO[ListItem.Thumb]</texture>
				<aspectratio>scale</aspectratio>
				<include condition="![Skin.String(LowCPUPowerMode,Animations) | Skin.String(LowCPUPowerMode,Full)]">ListViewCoverFocusAnim</include>
			</control>
			<control type="image">
				<description>Default Cover</description>
				<top>4</top>
				<width>97</width>
				<height>65</height>
				<bordersize>5</bordersize>
				<texture background="true">$INFO[ListItem.ActualIcon]</texture>
				<aspectratio>keep</aspectratio>
				<visible>String.IsEmpty(ListItem.Thumb)</visible>
				<include condition="![Skin.String(LowCPUPowerMode,Animations) | Skin.String(LowCPUPowerMode,Full)]">ListViewCoverFocusAnim</include>
			</control>
			<control type="group">
				<include>ListViewFocusAnim</include>
				<control type="label">
					<description>Label</description>
					<left>104</left>
					<top>12</top>
					<width>411</width>
					<font>ListFont</font>
					<textcolor>SelectedColor</textcolor>
					<shadowcolor>ShadowColor</shadowcolor>
					<label>$INFO[ListItem.Label]</label>
					<scroll>true</scroll>
				</control>
				<control type="label">
					<description>Label2</description>
					<left>104</left>
					<top>38</top>
					<width>411</width>
					<font>ListFont2</font>
					<textcolor>ListColor2</textcolor>
					<shadowcolor>ShadowColor</shadowcolor>
					<label>$INFO[ListItem.Season,$LOCALIZE[20373] ,]$INFO[ListItem.Episode,  -  $LOCALIZE[20359] ,]</label>
				</control>
				<control type="group">
					<visible>!ListItem.IsParentFolder</visible>
					<control type="label">
						<description>Rating</description>
						<left>520</left>
						<top>12</top>
						<width>100</width>
						<font>ListFont</font>
						<textcolor>ListColor3</textcolor>
						<shadowcolor>ShadowColor</shadowcolor>
						<label>$VAR[RatingType]</label>
						<align>right</align>
						<visible>Skin.HasSetting(DoNotUseStarRatingEpisodes) + ![String.IsEmpty(ListItem.Rating) + String.IsEmpty(ListItem.UserRating)]</visible>
					</control>
					<control type="image">
						<description>Star Rating</description>
						<left>520</left>
						<top>16</top>
						<width>100</width>
						<height>16</height>
						<texture background="true">$VAR[StarRating]</texture>
						<aspectratio align="right">keep</aspectratio>
						<visible>!Skin.HasSetting(DoNotUseStarRatingEpisodes) + ![String.IsEmpty(ListItem.Rating) + String.IsEmpty(ListItem.UserRating)]</visible>
						<include>StarRatingFadeAnim</include>
					</control>
					<control type="group">
						<visible>!Skin.HasSetting(HideEpisodesListInfo2Overlay)</visible>
						<include content="VideoOverlays2">
							<param name="top" value="39"/>
							<param name="left" value="596"/>
						</include>
					</control>
				</control>
			</control>
		</focusedlayout>
	</include>
	<!--//// END LIST INFO 2 VIEW /////////////////////////////////////////////////////////////////////-->

	<!--//// START LIST INFO 3 VIEW ///////////////////////////////////////////////////////////////////-->
	<include name="EpisodesListInfoView3">
		<control type="group" id="500">
	        <defaultcontrol always="true">94</defaultcontrol>
			<visible>Control.IsVisible(94)</visible>
			<include>MediaViewOpenCloseAnim</include>
			<include>ViewContentPanel</include>
			<include>ListInfo3MediaInfoPanelCommon</include>
			<control type="group">
				<left>796</left>
				<include>ListInfo3MediaInfoPanelCommon</include>
			</control>
			
			<control type="group">
				<visible>!ListItem.IsParentFolder</visible>
				<include condition="!Skin.HasSetting(ShowLandscape)">ListInfo3PanelFanart</include>
				<include condition="Skin.HasSetting(ShowLandscape)">ListInfo3PanelLandscape</include>
				
				<control type="group">
					<description>Media Info Area</description>
					<left>38</left>
					<top>354</top>
		
					<control type="grouplist">
						<description>TV Show</description>
						<left>10</left>
						<width>400</width>
						<orientation>horizontal</orientation>
						<control type="label">
							<width min="0" max="150">auto</width>
							<font>MediaInfoFont</font>
							<textcolor>MediaInfoItemColor</textcolor>
							<shadowcolor>ShadowColor</shadowcolor>
							<label>$LOCALIZE[20364]:</label>
						</control>
						<control type="label">
							<width min="0" max="280">auto</width>
							<font>MediaInfoFont</font>
							<textcolor>MediaInfoItemColor2</textcolor>
							<shadowcolor>ShadowColor</shadowcolor>
							<label fallback="31001">$INFO[ListItem.TVShowTitle]</label>
						</control>
					</control>
					
					<control type="grouplist">
						<description>Studio</description>
						<visible>!System.HasAddon(script.tv.show.next.aired)</visible>
						<left>10</left>
						<top>22</top>
						<width>400</width>
						<orientation>horizontal</orientation>
						<control type="label">
							<width min="0" max="150">auto</width>
							<font>MediaInfoFont</font>
							<textcolor>MediaInfoItemColor</textcolor>
							<shadowcolor>ShadowColor</shadowcolor>
							<label>$LOCALIZE[572]:</label>
						</control>
						<control type="label">
							<width min="0" max="150">auto</width>
							<font>MediaInfoFont</font>
							<textcolor>MediaInfoItemColor2</textcolor>
							<shadowcolor>ShadowColor</shadowcolor>
							<label fallback="31001">$INFO[ListItem.Studio]</label>
						</control>
					</control>
					
					<control type="grouplist">
						<description>Next Aired Status</description>
						<visible>System.HasAddon(script.tv.show.next.aired)</visible>
						<left>10</left>
						<top>22</top>
						<width>400</width>
						<orientation>horizontal</orientation>
						<control type="label">
							<width min="0" max="150">auto</width>
							<font>MediaInfoFont</font>
							<textcolor>MediaInfoItemColor</textcolor>
							<shadowcolor>ShadowColor</shadowcolor>
							<label>$LOCALIZE[126]:</label>
						</control>
						<control type="label">
							<width min="0" max="300">auto</width>
							<font>MediaInfoFont</font>
							<textcolor>MediaInfoItemColor2</textcolor>
							<shadowcolor>ShadowColor</shadowcolor>
							<scroll>true</scroll>
							<label fallback="31001">$INFO[Window(Home).Property(NextAired.Status)]</label>
						</control>
					</control>
					
					<control type="grouplist">
						<description>Latest episode</description>
						<visible>System.HasAddon(script.tv.show.next.aired) + !Skin.HasSetting(EnableNextAiredInfo)</visible>
						<left>10</left>
						<top>62</top>
						<width>400</width>
						<orientation>horizontal</orientation>
						<control type="label">
							<width min="0" max="140">auto</width>
							<font>MediaInfoFont</font>
							<textcolor>MediaInfoItemColor</textcolor>
							<shadowcolor>ShadowColor</shadowcolor>
							<label>$LOCALIZE[31966]:</label>
						</control>
						<control type="label">
							<width min="0" max="250">auto</width>
							<font>MediaInfoFont</font>
							<textcolor>MediaInfoItemColor2</textcolor>
							<shadowcolor>ShadowColor</shadowcolor>
							<scroll>true</scroll>
							<label fallback="31001">$INFO[Window(Home).Property(NextAired.LatestSeasonNumber),S,]$INFO[Window(Home).Property(NextAired.LatestEpisodeNumber),E,.]$INFO[Window(Home).Property(NextAired.LatestTitle), ,]$INFO[Window(Home).Property(NextAired.LatestDate), (,)]</label>
						</control>
					</control>
					
					<control type="grouplist">
						<description>Next episode</description>
						<visible>System.HasAddon(script.tv.show.next.aired) + !Skin.HasSetting(EnableNextAiredInfo) + !String.IsEmpty(Window(Home).Property(NextAired.Nextdate))</visible>
						<left>10</left>
						<top>84</top>
						<width>400</width>
						<orientation>horizontal</orientation>
						<control type="label">
							<width min="0" max="140">auto</width>
							<font>MediaInfoFont</font>
							<textcolor>MediaInfoItemColor</textcolor>
							<shadowcolor>ShadowColor</shadowcolor>
							<label>$LOCALIZE[31967]:</label>
						</control>
						<control type="label">
							<width min="0" max="265">auto</width>
							<font>MediaInfoFont</font>
							<textcolor>MediaInfoItemColor2</textcolor>
							<shadowcolor>ShadowColor</shadowcolor>
							<scroll>true</scroll>
							<label fallback="31001">$INFO[Window(Home).Property(NextAired.NextSeasonNumber),S,]$INFO[Window(Home).Property(NextAired.NextEpisodeNumber),E,.]$INFO[Window(Home).Property(NextAired.NextTitle), ,]$INFO[Window(Home).Property(NextAired.NextDate), (,)]</label>
						</control>
					</control>
					
					<control type="grouplist">
						<description>Studio</description>
						<visible>System.HasAddon(script.tv.show.next.aired) + !Skin.HasSetting(EnableNextAiredInfo) + String.IsEmpty(Window(Home).Property(NextAired.Nextdate))</visible>
						<left>10</left>
						<top>84</top>
						<width>400</width>
						<orientation>horizontal</orientation>
						<control type="label">
							<width min="0" max="140">auto</width>
							<font>MediaInfoFont</font>
							<textcolor>MediaInfoItemColor</textcolor>
							<shadowcolor>ShadowColor</shadowcolor>
							<label>$LOCALIZE[572]:</label>
						</control>
						<control type="label">
							<width min="0" max="240">auto</width>
							<font>MediaInfoFont</font>
							<textcolor>MediaInfoItemColor2</textcolor>
							<shadowcolor>ShadowColor</shadowcolor>
							<label fallback="31001">$INFO[ListItem.Studio]</label>
						</control>
					</control>
				</control>
				
				<control type="textbox">
					<description>Plot</description>
					<left>48</left>
					<top>418</top>
					<width>388</width>
					<height>189</height>
					<font>MediaInfoDescFont</font>
					<textcolor>MediaInfoColor</textcolor>
					<shadowcolor>ShadowColor</shadowcolor>
					<align>justify</align>
					<label fallback="31203">$INFO[Container.ShowPlot]</label>
					<wrapmultiline>true</wrapmultiline>
					<autoscroll time="2000" delay="6000" repeat="10000">!Skin.HasSetting(DoNotAutoScrollPlot)</autoscroll>
					<include>ControlsOpenCloseAnim</include>
					<visible>!System.HasAddon(script.tv.show.next.aired) | [System.HasAddon(script.tv.show.next.aired) + Skin.HasSetting(EnableNextAiredInfo)]</visible>
				</control>
				
				<control type="textbox">
					<description>Plot</description>
					<left>48</left>
					<top>479</top>
					<width>388</width>
					<height>138</height>
					<font>MediaInfoDescFont</font>
					<textcolor>MediaInfoColor</textcolor>
					<shadowcolor>ShadowColor</shadowcolor>
					<align>justify</align>
					<label fallback="31203">$INFO[Container.ShowPlot]</label>
					<wrapmultiline>true</wrapmultiline>
					<autoscroll time="2000" delay="6000" repeat="10000">!Skin.HasSetting(DoNotAutoScrollPlot)</autoscroll>
					<include>ControlsOpenCloseAnim</include>
					<visible>System.HasAddon(script.tv.show.next.aired) + !Skin.HasSetting(EnableNextAiredInfo)</visible>
				</control>
				
				<control type="group">
					<left>796</left>
					<include condition="!Skin.HasSetting(EnableEpisodesListInfo3ExtraThumbs)">ListInfo3RightPanelEpisodeThumb</include>
					<include condition="Skin.HasSetting(EnableEpisodesListInfo3ExtraThumbs)">ListInfo3RightPanelEpisodeExtraThumbs</include>
			
					<control type="group">
						<description>Media Info Area</description>
						<left>38</left>
						<top>354</top>
			
						<control type="grouplist">
							<description>Season</description>
							<left>10</left>
							<width>400</width>
							<orientation>horizontal</orientation>
							<control type="label">
								<width min="0" max="150">auto</width>
								<font>MediaInfoFont</font>
								<textcolor>MediaInfoItemColor</textcolor>
								<shadowcolor>ShadowColor</shadowcolor>
								<label>$LOCALIZE[20373]:</label>
							</control>
							<control type="label">
								<width min="0" max="150">auto</width>
								<font>MediaInfoFont</font>
								<textcolor>MediaInfoItemColor2</textcolor>
								<shadowcolor>ShadowColor</shadowcolor>
								<label fallback="31001">$INFO[ListItem.Season]</label>
							</control>
						</control>
						
						<control type="grouplist">
							<description>First Aired</description>
							<left>10</left>
							<top>22</top>
							<width>400</width>
							<orientation>horizontal</orientation>
							<control type="label">
								<width min="0" max="150">auto</width>
								<font>MediaInfoFont</font>
								<textcolor>MediaInfoItemColor</textcolor>
								<shadowcolor>ShadowColor</shadowcolor>
								<label>$LOCALIZE[20416]:</label>
							</control>
							<control type="label">
								<width min="0" max="150">auto</width>
								<font>MediaInfoFont</font>
								<textcolor>MediaInfoItemColor2</textcolor>
								<shadowcolor>ShadowColor</shadowcolor>
								<label fallback="31001">$INFO[ListItem.Premiered]</label>
							</control>
						</control>
						
						<control type="grouplist">
							<description>Episode</description>
							<left>268</left>
							<width>130</width>
							<orientation>horizontal</orientation>
							<align>right</align>
							<control type="label">
								<width min="0" max="150">auto</width>
								<font>MediaInfoFont</font>
								<textcolor>MediaInfoItemColor</textcolor>
								<shadowcolor>ShadowColor</shadowcolor>
								<label>$LOCALIZE[20359]:</label>
							</control>
							<control type="label">
								<width min="0" max="150">auto</width>
								<font>MediaInfoFont</font>
								<textcolor>MediaInfoItemColor2</textcolor>
								<shadowcolor>ShadowColor</shadowcolor>
								<label fallback="31001">$INFO[ListItem.Episode]</label>
							</control>
						</control>
						
						<control type="grouplist">
							<description>Runtime</description>
							<left>268</left>
							<top>22</top>
							<width>130</width>
							<orientation>horizontal</orientation>
							<align>right</align>
							<control type="label">
								<width min="0" max="150">auto</width>
								<font>MediaInfoFont</font>
								<textcolor>MediaInfoItemColor</textcolor>
								<shadowcolor>ShadowColor</shadowcolor>
								<label>$LOCALIZE[2050]:</label>
							</control>
							<control type="label">
								<width min="0" max="150">auto</width>
								<font>MediaInfoFont</font>
								<textcolor>MediaInfoItemColor2</textcolor>
								<shadowcolor>ShadowColor</shadowcolor>
								<label fallback="31001">$VAR[DurationVar]</label>
							</control>
						</control>
						
						<control type="grouplist">
							<description>Rating</description>
							<visible>System.HasAddon(script.tv.show.next.aired) + !Skin.HasSetting(EnableNextAiredInfo)</visible>
							<left>10</left>
							<top>62</top>
							<width>400</width>
							<orientation>horizontal</orientation>
							<control type="label">
								<width min="0" max="150">auto</width>
								<font>MediaInfoFont</font>
								<textcolor>MediaInfoItemColor</textcolor>
								<shadowcolor>ShadowColor</shadowcolor>
								<label>$LOCALIZE[563]:</label>
							</control>
							<control type="label">
								<width min="0" max="250">auto</width>
								<font>MediaInfoFont</font>
								<textcolor>MediaInfoItemColor2</textcolor>
								<shadowcolor>ShadowColor</shadowcolor>
								<scroll>true</scroll>
								<label fallback="31001">$VAR[RatingType]</label>
							</control>
						</control>
						
						<control type="grouplist">
							<description>Director</description>
							<visible>System.HasAddon(script.tv.show.next.aired) + !Skin.HasSetting(EnableNextAiredInfo)</visible>
							<left>10</left>
							<top>84</top>
							<width>400</width>
							<orientation>horizontal</orientation>
							<control type="label">
								<width min="0" max="150">auto</width>
								<font>MediaInfoFont</font>
								<textcolor>MediaInfoItemColor</textcolor>
								<shadowcolor>ShadowColor</shadowcolor>
								<label>$LOCALIZE[20339]:</label>
							</control>
							<control type="label">
								<width min="0" max="265">auto</width>
								<font>MediaInfoFont</font>
								<textcolor>MediaInfoItemColor2</textcolor>
								<shadowcolor>ShadowColor</shadowcolor>
								<scroll>true</scroll>
								<label fallback="31001">$INFO[ListItem.Director]</label>
							</control>
						</control>
					</control>
				
					<control type="textbox">
						<description>Plot</description>
						<left>48</left>
						<top>418</top>
						<width>388</width>
						<height>189</height>
						<font>MediaInfoDescFont</font>
						<textcolor>MediaInfoColor</textcolor>
						<shadowcolor>ShadowColor</shadowcolor>
						<align>justify</align>
						<label fallback="31203">$INFO[ListItem.Plot]</label>
						<wrapmultiline>true</wrapmultiline>
						<autoscroll time="2000" delay="6000" repeat="10000">!Skin.HasSetting(DoNotAutoScrollPlot)</autoscroll>
						<visible>!Container.OnNext + !Container.OnPrevious</visible>
						<include>ControlsOpenCloseAnim</include>
						<visible>!System.HasAddon(script.tv.show.next.aired) | [System.HasAddon(script.tv.show.next.aired) + Skin.HasSetting(EnableNextAiredInfo)]</visible>
					</control>
					
					<control type="textbox">
						<description>Plot</description>
						<left>48</left>
						<top>479</top>
						<width>388</width>
						<height>138</height>
						<font>MediaInfoDescFont</font>
						<textcolor>MediaInfoColor</textcolor>
						<shadowcolor>ShadowColor</shadowcolor>
						<align>justify</align>
						<label fallback="31203">$INFO[ListItem.Plot]</label>
						<wrapmultiline>true</wrapmultiline>
						<autoscroll time="2000" delay="6000" repeat="10000">!Skin.HasSetting(DoNotAutoScrollPlot)</autoscroll>
						<include>ControlsOpenCloseAnim</include>
						<visible>System.HasAddon(script.tv.show.next.aired) + !Skin.HasSetting(EnableNextAiredInfo)</visible>
					</control>
				</control>
			</control>
			
			<control type="list" id="94">
				<viewtype label="31115">list</viewtype>
				<left>456</left>
				<top>110</top>
				<width>354</width>
				<height>518</height>
				<pagecontrol>90802</pagecontrol>
				<preloaditems>2</preloaditems>
				<scrolltime tween="sine" easing="inout">300</scrolltime>
				<onup>94</onup>
				<ondown>94</ondown>
				<onleft>850</onleft>
				<onright>150</onright>
				<visible>Container.Content(Episodes)</visible>
				<itemlayout height="37">
					<control type="image">
						<width>354</width>
						<height>37</height>
						<texture border="0,0,10,2">views/list-separator.png</texture>
						<aspectratio>stretch</aspectratio>
					</control>
					<control type="image">
						<description>Icon</description>
						<left>5</left>
						<top>6</top>
						<width>24</width>
						<height>24</height>
						<texture background="true">$INFO[ListItem.ActualIcon].png</texture>
						<aspectratio>stretch</aspectratio>
						<visible>String.IsEmpty(ListItem.Thumb)</visible>
						<include>ListViewOverlayFadeAnim</include>
					</control>
					<control type="label">
						<description>Label</description>
						<left>35</left>
						<width>314</width>
						<height>37</height>
						<font>ListFont</font>
						<textcolor>ListColor</textcolor>
						<shadowcolor>ShadowColor</shadowcolor>
						<aligny>center</aligny>
						<info>ListItem.Label</info>
					</control>
					<control type="group">
						<visible>!ListItem.IsParentFolder</visible>
						<include content="VideoOverlays">
							<param name="top" value="6"/>
							<param name="left" value="5"/>
						</include>
					</control>
				</itemlayout>
				<focusedlayout height="37">
					<control type="image">
						<width>354</width>
						<height>37</height>
						<texture border="0,0,10,2">views/list-separator.png</texture>
						<aspectratio>stretch</aspectratio>
					</control>
					<control type="image">
						<width>354</width>
						<height>36</height>
						<texture border="4">views/list-focus.png</texture>
						<aspectratio>stretch</aspectratio>
						<visible>Control.HasFocus(94)</visible>
						<include>ListViewSelectFadeAnim</include>
						<include condition="![Skin.String(LowCPUPowerMode,Animations) | Skin.String(LowCPUPowerMode,Full)]">ListViewScrollAnim</include>
					</control>
					<control type="image">
						<width>354</width>
						<height>36</height>
						<texture border="4">views/list-alt-focus.png</texture>
						<aspectratio>stretch</aspectratio>
						<visible>!Control.HasFocus(94)</visible>
						<include>ListViewSelectFadeAnim2</include>
					</control>
					<control type="group">
						<include>ListViewFocusAnim</include>
						<control type="image">
							<description>Icon</description>
							<left>5</left>
							<top>6</top>
							<width>24</width>
							<height>24</height>
							<texture background="true">$INFO[ListItem.ActualIcon].png</texture>
							<aspectratio>stretch</aspectratio>
							<visible>String.IsEmpty(ListItem.Thumb)</visible>
						</control>
						<control type="label">
							<description>Label</description>
							<left>35</left>
							<width>314</width>
							<height>37</height>
							<font>ListFont</font>
							<textcolor>SelectedColor</textcolor>
							<shadowcolor>ShadowColor</shadowcolor>
							<aligny>center</aligny>
							<info>ListItem.Label</info>
							<scroll>true</scroll>
						</control>
						<control type="group">
							<visible>!ListItem.IsParentFolder</visible>
							<include content="VideoOverlays2">
								<param name="top" value="6"/>
								<param name="left" value="5"/>
							</include>
						</control>
					</control>
				</focusedlayout>
			</control>
			
			<include content="ListInfo3ViewScrollbar">
				<param name="id" value="90802" />
			</include>
			
			<control type="group">
				<description>Bottom Bar Area</description>
				<top>BottomPaneOffsetY</top>
				<!--<include>InfoPaneImage</include>-->
				<include>InfoPaneMediaDetails</include>
				<include condition="!Skin.HasSetting(DisableTVShowsLogo)">InfoPaneClearLogo</include>
				<include>BottomPaneOpenCloseAnim</include>
			</control>

			<include>ViewsDialogPopUpScreenDim</include>
		</control>
	</include>
	<!--//// END LIST INFO 3 VIEW /////////////////////////////////////////////////////////////////////-->
</includes>