<?xml version="1.0" encoding="UTF-8"?>
<addon
	id="skin.sky.krypton"
	version="1.2"
	name="Sky(Krypton)"
	provider-name="ClassicNancy">
	<requires>
		<import addon="xbmc.gui" version="5.12.0"/>
		<import addon="script.skinshortcuts" version="1.0.8"/>
		<import addon="script.skin.helper.service" version="1.0.60"/>
	</requires>
	<extension
		point="xbmc.gui.skin"
		debugging="false"
		effectslowdown="1.0">
		<res width="1920" height="1080" aspect="16:9" default="true" folder="1080i" />
	</extension>
	<extension point="xbmc.addon.metadata">
		<summary lang="en">Sky skin modded by ClassicNancy. Thank you Eddage for your Unity skin. Thank you to terrytibbs from whom I ported the sky guide epg.</summary>
		<license>GNU GENERAL PUBLIC LICENSE. Version 2, June 1991</license>
		<platform>all</platform>
		</extension>
</addon>
